num_acc,mois,jour,lum,agg,int,col,com,dep,hr,mn,catv,choc,manv,place,catu,grav,trajet,an_nais,catr,circ,nbv,prof,plan,lartpc,larrout,situ
200500003562,8,31,5,1,5,5.0,83107,33,18,0,39,7.0,1.0,3,3,1,5.0,1910,5,2.0,26,4.0,0.0,59,520,2.0
200900065799,3,26,3,2,8,2.0,13212,39,22,0,1,0.0,14.0,5,1,2,3.0,1910,6,4.0,20,0.0,0.0,109,235,5.0
201400054905,1,18,5,1,1,2.0,674,540,23,21,40,6.0,24.0,1,2,1,1.0,1917,5,2.0,8,2.0,0.0,223,137,0.0
201200018790,10,31,3,1,8,2.0,68329,360,16,15,40,5.0,14.0,4,3,1,0.0,1930,6,2.0,3,0.0,4.0,80,182,3.0
200700038199,5,3,5,2,4,2.0,810,580,0,21,80,8.0,18.0,8,1,1,9.0,1982,3,2.0,12,1.0,3.0,198,560,6.0
200500079256,1,20,3,2,9,3.0,9209,250,16,24,38,7.0,3.0,0,2,2,9.0,1914,9,4.0,3,3.0,3.0,122,384,8.0
200600063974,9,11,5,1,5,6.0,45234,620,19,57,3,5.0,0.0,10,1,2,4.0,2004,9,2.0,1,4.0,2.0,250,715,3.0
201300012950,11,6,5,2,2,1.0,14341,310,11,38,12,3.0,23.0,3,2,2,5.0,1980,4,2.0,5,2.0,0.0,105,145,4.0
200500026063,3,16,1,1,7,3.0,274,74,13,33,35,4.0,25.0,2,1,1,4.0,1967,3,4.0,10,0.0,4.0,147,251,8.0
201700007605,9,10,5,1,5,1.0,333,840,23,5,80,1.0,10.0,2,2,3,4.0,1991,4,0.0,2,1.0,4.0,300,206,1.0
201200055761,4,23,5,2,6,6.0,438,270,13,57,32,4.0,3.0,6,2,1,3.0,1921,1,2.0,5,0.0,4.0,58,174,1.0
201700005440,1,19,1,2,9,1.0,13214,20,13,43,50,5.0,5.0,0,3,1,3.0,1951,6,2.0,7,4.0,4.0,94,32,8.0
201700052534,9,2,2,1,1,2.0,94,690,19,40,2,2.0,4.0,0,1,3,0.0,1998,6,0.0,0,4.0,2.0,140,250,6.0
200800044129,12,22,5,2,6,4.0,201,750,18,57,37,3.0,13.0,3,3,1,9.0,1931,2,2.0,30,2.0,2.0,30,267,1.0
201700025798,3,1,5,1,0,4.0,673,220,11,8,11,2.0,10.0,4,1,3,4.0,1939,9,3.0,50,2.0,4.0,116,615,3.0
201100017390,2,23,4,1,6,7.0,114,14,14,10,5,9.0,20.0,9,3,1,5.0,2019,5,2.0,4,0.0,4.0,38,112,3.0
201300014319,3,8,5,2,6,7.0,24547,620,10,59,35,2.0,18.0,2,1,3,0.0,1997,2,1.0,36,4.0,1.0,86,320,4.0
200900061342,3,5,2,2,3,3.0,29298,89,11,20,80,8.0,0.0,7,3,2,5.0,1974,7,2.0,26,2.0,2.0,130,760,3.0
201700049255,12,31,5,2,1,6.0,33249,400,22,5,10,9.0,18.0,9,2,2,4.0,1910,7,2.0,9,2.0,3.0,26,940,1.0
201400020198,12,7,3,1,4,3.0,32378,89,20,5,12,4.0,1.0,0,2,1,3.0,1996,7,2.0,3,3.0,0.0,72,61,2.0
200700066008,4,30,5,2,2,1.0,54115,43,18,50,10,9.0,16.0,1,3,1,4.0,1982,1,2.0,2,3.0,4.0,190,196,8.0
200800030998,11,24,5,1,2,2.0,232,4,11,30,16,0.0,4.0,10,2,2,2.0,2006,3,2.0,8,3.0,0.0,103,137,6.0
201100006768,8,5,4,1,9,4.0,230,43,16,59,11,9.0,9.0,10,2,1,4.0,1900,3,2.0,5,2.0,3.0,330,60,2.0
200700066928,9,15,4,1,5,6.0,15019,76,19,43,11,1.0,0.0,8,1,3,9.0,1976,5,2.0,2,2.0,2.0,22,10,8.0
201000009977,2,2,5,2,2,4.0,437,56,10,8,17,2.0,3.0,2,1,3,4.0,2007,6,0.0,36,0.0,3.0,86,580,4.0
200700014882,1,21,5,2,1,1.0,171,430,10,53,39,3.0,10.0,1,3,3,4.0,1981,4,2.0,2,4.0,1.0,135,260,3.0
201700033982,11,22,5,1,4,7.0,446,19,15,20,21,2.0,8.0,1,2,2,4.0,1989,7,2.0,4,2.0,1.0,9,210,5.0
200800001418,3,24,5,2,7,4.0,29,33,16,0,36,2.0,18.0,1,2,1,9.0,1928,9,2.0,8,1.0,3.0,110,113,8.0
201900057052,11,1,5,1,8,4.0,723,48,22,15,10,5.0,10.0,10,1,3,1.0,2017,5,2.0,10,1.0,1.0,118,520,2.0
200600063612,12,3,1,2,0,2.0,587,720,15,20,19,3.0,11.0,5,1,2,3.0,0,1,2.0,16,2.0,0.0,127,106,8.0
201800015747,6,29,5,1,4,1.0,5061,870,20,5,34,7.0,22.0,2,2,2,2.0,1931,4,2.0,9,3.0,0.0,80,125,3.0
201100050002,5,2,1,1,1,4.0,42184,430,12,25,4,5.0,8.0,2,2,3,9.0,1918,7,2.0,20,0.0,0.0,294,111,1.0
201900052807,12,2,5,2,9,7.0,91691,910,10,0,15,3.0,5.0,8,3,2,1.0,1989,1,2.0,0,3.0,1.0,59,4,3.0
201500037019,9,22,5,1,9,5.0,39197,190,11,40,32,8.0,3.0,2,1,3,5.0,1975,4,2.0,4,4.0,0.0,225,375,0.0
200500001581,6,29,1,2,2,7.0,558,4,23,34,30,9.0,26.0,0,2,2,1.0,1918,4,2.0,40,2.0,0.0,28,400,1.0
201600009311,3,11,4,1,6,4.0,91161,76,16,10,0,5.0,21.0,1,1,2,5.0,2015,1,4.0,16,2.0,1.0,6,430,5.0
200500075552,6,19,4,1,9,4.0,77383,740,12,17,80,1.0,14.0,0,2,3,4.0,1996,9,2.0,6,4.0,0.0,161,144,3.0
201300051674,7,31,5,2,8,4.0,69116,600,15,20,15,6.0,16.0,8,1,1,3.0,1959,7,2.0,12,3.0,1.0,52,171,2.0
201700006737,9,18,5,2,5,5.0,77118,26,10,57,13,8.0,18.0,4,1,2,3.0,1939,5,2.0,13,2.0,0.0,18,152,8.0
201800014204,11,9,5,1,8,4.0,94043,770,16,53,12,1.0,24.0,8,1,1,0.0,1964,5,2.0,6,3.0,4.0,56,189,0.0
200900057439,7,10,4,2,3,7.0,75112,920,10,17,50,8.0,10.0,2,2,2,0.0,2007,7,2.0,16,0.0,3.0,57,200,0.0
201000038643,8,24,1,2,7,2.0,92025,250,22,8,18,7.0,14.0,2,3,3,4.0,1926,3,2.0,13,2.0,4.0,248,78,3.0
201300048417,12,3,5,1,9,3.0,628,52,10,59,36,2.0,25.0,10,3,2,0.0,1993,4,2.0,1,4.0,3.0,56,102,0.0
200900041232,8,30,1,2,8,1.0,88379,65,13,43,35,8.0,20.0,6,1,3,9.0,1970,1,2.0,8,1.0,1.0,2,532,2.0
200800017043,7,20,5,1,3,2.0,509,974,12,15,40,4.0,17.0,4,1,1,5.0,1931,5,1.0,2,1.0,1.0,143,282,8.0
201400044237,11,11,5,2,7,5.0,195,988,20,34,21,6.0,0.0,8,3,2,5.0,1941,3,3.0,26,3.0,4.0,75,103,3.0
200600066792,5,10,5,2,3,6.0,66204,83,11,21,17,8.0,19.0,0,2,3,1.0,1987,3,2.0,36,1.0,4.0,247,71,6.0
201400003088,1,30,5,1,8,6.0,16337,180,10,30,20,9.0,15.0,0,1,1,5.0,1918,1,2.0,16,4.0,1.0,250,520,5.0
200700057556,5,6,3,2,7,1.0,344,840,16,20,60,9.0,25.0,5,1,2,5.0,2018,2,2.0,4,4.0,1.0,251,280,6.0
200800047218,12,1,5,1,4,1.0,635,680,11,45,31,9.0,11.0,1,2,1,9.0,1998,5,2.0,50,3.0,4.0,143,71,5.0
201400029989,4,7,5,2,4,5.0,71,27,0,43,0,1.0,15.0,2,2,3,9.0,2004,5,2.0,11,1.0,1.0,127,210,0.0
200800025228,1,9,2,2,2,4.0,775,22,17,36,19,9.0,22.0,5,2,2,5.0,1947,1,2.0,3,2.0,4.0,82,950,5.0
201700010084,3,22,3,2,0,5.0,192,49,13,34,11,3.0,8.0,6,2,3,9.0,1993,4,2.0,11,2.0,2.0,200,155,3.0
200900053378,3,21,5,1,1,1.0,404,430,10,30,50,7.0,10.0,4,3,3,1.0,2009,5,3.0,16,3.0,0.0,21,213,6.0
201700028397,7,28,2,2,1,3.0,308,89,12,50,35,7.0,11.0,6,2,3,0.0,1921,1,4.0,16,0.0,3.0,150,180,2.0
201000061120,11,29,5,2,1,5.0,27123,83,16,17,17,6.0,14.0,9,3,3,2.0,1940,4,2.0,11,3.0,2.0,114,227,8.0
201200043006,10,17,1,2,5,6.0,62274,82,16,21,34,8.0,11.0,8,2,3,9.0,1960,2,2.0,30,1.0,4.0,119,39,3.0
200700073522,2,13,5,2,2,7.0,1,56,10,11,99,1.0,3.0,7,3,1,3.0,1960,9,2.0,4,3.0,2.0,97,116,2.0
201400041759,2,24,4,2,7,2.0,27123,52,12,43,40,7.0,10.0,8,2,2,0.0,1992,2,1.0,1,2.0,1.0,216,243,0.0
201000008102,8,26,3,2,7,1.0,511,15,14,8,36,7.0,10.0,10,3,1,3.0,1939,3,2.0,20,4.0,4.0,240,68,8.0
200800010696,3,27,4,2,2,6.0,17300,870,21,43,18,5.0,22.0,4,2,1,0.0,1968,5,2.0,4,4.0,4.0,39,124,4.0
201000032628,1,30,5,1,0,2.0,378,450,23,53,12,9.0,13.0,7,1,3,4.0,1954,2,2.0,-1,2.0,1.0,95,90,3.0
200500042878,4,22,5,1,7,5.0,74256,5,12,38,21,0.0,15.0,6,3,3,9.0,1921,3,0.0,5,4.0,2.0,28,43,0.0
201700051184,9,29,5,1,0,3.0,693,220,14,8,20,3.0,9.0,8,3,1,4.0,1943,4,4.0,1,4.0,1.0,182,500,5.0
200900059928,7,5,5,2,2,6.0,700,28,23,10,60,5.0,6.0,5,3,2,4.0,1908,3,2.0,10,4.0,0.0,12,320,0.0
201600004982,4,1,3,2,5,2.0,229,720,11,36,10,0.0,8.0,1,1,1,9.0,1973,9,2.0,9,3.0,1.0,124,273,0.0
200600036268,7,20,5,1,1,1.0,6057,470,21,40,7,7.0,19.0,8,2,1,9.0,1935,6,2.0,26,4.0,4.0,161,131,0.0
200900062360,11,3,2,1,5,7.0,56098,770,12,17,34,9.0,11.0,3,2,3,4.0,1919,9,2.0,20,1.0,0.0,17,144,5.0
200800030920,2,15,5,1,9,1.0,31149,24,16,59,19,9.0,18.0,3,1,3,9.0,1993,6,2.0,5,2.0,1.0,960,770,4.0
201600031185,9,30,5,1,1,4.0,68195,49,23,30,37,3.0,16.0,1,1,1,5.0,2012,5,2.0,5,2.0,2.0,35,99,1.0
201000007449,8,3,5,1,7,2.0,497,81,15,17,2,2.0,22.0,4,1,1,9.0,1931,6,4.0,10,0.0,3.0,38,5,6.0
201700004994,8,30,5,1,5,1.0,248,790,18,34,18,0.0,15.0,9,2,1,2.0,1993,9,2.0,26,1.0,2.0,73,14,1.0
201500005216,2,12,5,1,9,4.0,621,180,0,24,4,0.0,15.0,7,3,2,4.0,1920,2,2.0,7,1.0,2.0,153,245,5.0
201200004695,5,8,5,2,8,7.0,97209,950,23,0,35,7.0,23.0,0,3,2,4.0,1987,6,2.0,0,1.0,4.0,17,268,6.0
201300055405,2,5,4,2,3,4.0,59568,890,17,8,33,4.0,19.0,1,3,3,2.0,1960,9,2.0,-1,3.0,3.0,142,780,5.0
201500047079,8,31,5,2,5,5.0,14341,830,21,36,8,9.0,25.0,2,2,1,4.0,1922,7,2.0,12,2.0,4.0,120,231,6.0
200500027766,5,17,5,1,7,5.0,72181,971,13,33,7,8.0,15.0,5,3,1,1.0,1994,5,2.0,1,3.0,3.0,106,970,1.0
200900029077,8,7,5,2,6,2.0,59623,10,16,36,35,6.0,22.0,4,1,2,3.0,2006,4,2.0,5,4.0,1.0,66,153,0.0
201800022342,1,9,5,2,3,5.0,40009,50,20,20,7,9.0,1.0,0,3,1,1.0,1916,2,4.0,9,2.0,3.0,136,84,2.0
200800009750,11,9,5,1,2,5.0,43,77,20,36,19,4.0,24.0,3,1,1,5.0,1952,1,2.0,16,0.0,0.0,29,290,1.0
200600039571,5,4,5,2,7,3.0,169,540,21,34,18,7.0,15.0,7,1,3,9.0,1943,6,2.0,-1,4.0,3.0,124,252,8.0
200900068917,8,29,5,1,6,7.0,72181,190,19,43,80,1.0,12.0,1,1,1,4.0,1963,3,2.0,4,0.0,3.0,15,550,2.0
201300043093,10,3,5,1,0,3.0,13209,56,17,15,38,5.0,3.0,8,1,3,5.0,1950,5,2.0,26,1.0,3.0,19,282,4.0
200900038690,11,15,2,1,8,7.0,230,230,14,33,15,5.0,0.0,10,1,1,1.0,1937,7,2.0,40,1.0,0.0,0,185,3.0
200500079058,7,25,5,2,4,6.0,86,110,13,35,99,6.0,23.0,5,2,3,9.0,1922,2,2.0,26,0.0,1.0,16,129,3.0
201300047218,10,17,5,2,2,2.0,94017,6,12,35,8,4.0,11.0,10,3,1,1.0,1930,5,2.0,0,4.0,1.0,135,213,4.0
201300040231,11,25,1,2,3,3.0,583,28,21,35,8,5.0,11.0,4,2,3,4.0,2009,9,3.0,9,3.0,2.0,14,410,3.0
200500020327,4,6,5,2,2,1.0,313,54,15,21,6,6.0,11.0,7,3,2,4.0,1966,3,2.0,4,3.0,1.0,122,4,2.0
201200041145,12,5,5,1,4,6.0,14118,36,11,21,14,3.0,11.0,6,1,1,9.0,1927,9,3.0,16,3.0,4.0,121,560,6.0
200800067519,8,21,5,2,2,3.0,639,67,10,24,50,3.0,12.0,1,1,2,5.0,1947,6,2.0,3,0.0,0.0,513,113,3.0
200900071620,3,10,1,1,5,6.0,310,480,14,17,20,7.0,14.0,10,3,1,2.0,1970,5,2.0,6,0.0,4.0,102,500,1.0
201300042260,2,23,2,2,4,4.0,696,31,10,20,30,2.0,14.0,2,2,1,9.0,2013,5,2.0,50,2.0,2.0,99,271,3.0
201800047004,5,3,5,1,8,7.0,389,202,13,33,35,2.0,26.0,5,3,1,9.0,1992,7,2.0,16,0.0,1.0,96,81,8.0
201800052045,2,6,5,1,4,1.0,38435,50,18,38,39,9.0,11.0,8,1,3,3.0,1954,7,4.0,14,2.0,3.0,31,93,8.0
201900004873,6,1,5,2,3,3.0,396,43,0,15,40,3.0,22.0,4,3,1,2.0,1948,9,2.0,40,0.0,3.0,143,69,1.0
201400038530,12,5,5,1,4,3.0,804,36,20,53,50,9.0,10.0,7,1,1,9.0,1949,5,2.0,13,0.0,1.0,160,122,1.0
201000049087,1,10,3,1,5,3.0,794,660,22,36,80,5.0,11.0,8,3,3,9.0,2012,7,2.0,1,0.0,0.0,30,750,2.0
200500028597,5,25,5,1,3,6.0,33487,300,13,35,32,4.0,23.0,2,1,1,0.0,1951,1,4.0,3,1.0,1.0,590,37,2.0
200700062564,3,15,5,2,2,6.0,649,90,19,5,60,2.0,8.0,7,3,3,0.0,1976,1,2.0,9,1.0,1.0,23,53,4.0
201500001886,7,27,5,2,1,2.0,662,61,20,55,12,5.0,13.0,8,3,1,0.0,1912,9,2.0,4,0.0,1.0,86,67,6.0
201200043950,2,12,5,1,3,7.0,247,8,10,21,80,1.0,26.0,7,2,2,4.0,1985,7,2.0,8,4.0,4.0,16,105,5.0
200800068670,3,31,5,1,4,1.0,173,44,17,41,34,3.0,13.0,5,3,3,1.0,2018,6,0.0,4,2.0,1.0,192,105,6.0
200500053914,10,27,5,1,7,7.0,54431,87,18,34,19,9.0,13.0,6,1,1,5.0,1952,2,2.0,8,0.0,4.0,29,105,6.0
201300019584,1,28,1,2,6,6.0,88379,820,20,21,6,2.0,20.0,4,1,1,9.0,1995,1,2.0,26,0.0,4.0,0,94,3.0
201800006506,1,27,3,1,7,1.0,78640,38,14,55,42,8.0,8.0,3,1,3,1.0,1979,1,1.0,8,0.0,0.0,19,137,3.0
200900058113,2,29,5,2,2,6.0,667,10,15,24,30,3.0,14.0,2,2,1,5.0,2009,7,2.0,3,4.0,4.0,164,37,3.0
200800077155,4,25,5,2,8,6.0,71155,490,18,57,4,9.0,16.0,4,3,2,0.0,1951,3,4.0,50,2.0,0.0,62,315,4.0
201400034581,4,23,5,1,2,3.0,96,41,12,11,40,3.0,10.0,1,2,2,1.0,1936,2,0.0,0,1.0,1.0,104,59,5.0
201700007311,12,8,5,1,0,3.0,146,230,14,53,18,4.0,22.0,2,3,1,5.0,1937,6,2.0,1,2.0,2.0,22,810,3.0
201600058228,4,6,5,2,8,3.0,258,201,12,8,13,7.0,1.0,1,2,3,5.0,1982,1,2.0,10,3.0,3.0,79,247,0.0
201200028089,4,22,5,2,2,7.0,456,770,10,33,18,0.0,14.0,1,1,1,5.0,1970,3,2.0,13,1.0,0.0,77,59,8.0
201000009769,9,2,5,2,2,2.0,31396,16,22,36,18,5.0,11.0,5,3,2,0.0,1976,9,2.0,36,2.0,0.0,153,177,4.0
201800046973,5,16,5,2,5,7.0,13075,55,15,22,7,6.0,16.0,8,2,3,9.0,1972,7,2.0,40,1.0,3.0,205,60,2.0
201500031217,9,4,5,2,0,4.0,37045,6,14,59,19,6.0,6.0,7,3,2,3.0,1929,3,2.0,40,0.0,1.0,96,180,3.0
201100006926,9,15,1,2,9,5.0,353,63,17,59,4,8.0,12.0,9,2,3,9.0,1911,6,2.0,-1,3.0,2.0,98,132,3.0
200900003382,4,9,4,1,8,1.0,243,580,19,34,0,1.0,11.0,3,3,1,0.0,2014,9,2.0,6,4.0,3.0,89,258,4.0
201500017116,4,16,5,1,4,2.0,71040,1,0,34,2,7.0,2.0,6,1,3,3.0,2015,7,1.0,16,2.0,4.0,40,3,1.0
201800029978,10,9,1,2,6,6.0,149,63,0,0,12,5.0,12.0,3,3,2,3.0,1943,3,2.0,4,4.0,1.0,73,215,4.0
200700055372,10,29,5,2,6,4.0,69034,82,22,43,13,4.0,13.0,10,2,3,9.0,2015,1,2.0,-1,1.0,1.0,140,193,0.0
200800018879,8,29,5,1,6,4.0,77294,76,12,53,1,9.0,26.0,6,1,1,3.0,1905,4,2.0,7,4.0,0.0,390,760,2.0
201100016038,1,22,5,1,3,1.0,15019,51,22,11,60,1.0,25.0,0,3,2,4.0,1933,6,4.0,4,3.0,2.0,600,230,2.0
201000022341,2,20,5,1,6,6.0,40065,12,21,8,10,8.0,10.0,3,3,3,1.0,1977,4,4.0,36,0.0,1.0,56,140,0.0
201800011917,11,1,5,2,3,3.0,31395,76,10,55,37,7.0,13.0,0,3,2,4.0,1973,3,2.0,2,4.0,1.0,36,54,6.0
201100032103,6,9,5,1,3,6.0,55,50,14,20,30,0.0,3.0,6,2,2,4.0,1911,7,2.0,50,3.0,1.0,9,228,8.0
201100064592,8,30,5,1,8,5.0,29019,610,20,43,37,2.0,8.0,1,1,1,2.0,1943,1,2.0,30,0.0,3.0,68,183,0.0
201700030603,1,10,1,1,4,7.0,3,67,18,34,11,6.0,11.0,7,2,3,9.0,1923,6,2.0,12,4.0,3.0,225,227,5.0
201400016360,9,4,5,2,3,4.0,56098,974,18,53,15,2.0,15.0,6,1,1,9.0,1935,5,2.0,12,0.0,0.0,14,130,2.0
200700025624,12,15,5,1,0,1.0,616,390,21,57,10,8.0,9.0,10,1,2,9.0,1948,3,3.0,50,2.0,0.0,96,240,6.0
201700000104,2,16,5,2,4,6.0,20,270,21,35,31,9.0,25.0,5,2,3,1.0,1914,6,0.0,7,0.0,0.0,108,60,2.0
201300006177,11,19,5,2,6,2.0,751,230,10,24,32,0.0,22.0,1,1,1,3.0,1933,4,1.0,1,1.0,1.0,7,300,2.0
201000001645,1,31,5,2,6,2.0,431,57,14,25,40,0.0,25.0,5,2,1,0.0,2009,2,2.0,1,0.0,1.0,85,272,5.0
201200036032,3,6,5,1,4,5.0,54364,660,21,55,0,6.0,3.0,1,2,3,0.0,1995,7,1.0,7,0.0,3.0,42,315,4.0
201700047190,1,18,5,2,1,6.0,262,950,11,50,33,2.0,16.0,5,1,1,9.0,1986,3,2.0,7,3.0,1.0,17,127,0.0
201500014300,2,13,5,1,6,5.0,34111,46,0,35,5,2.0,25.0,3,2,1,1.0,1967,5,2.0,-1,0.0,3.0,96,175,4.0
201600001670,7,28,5,1,1,1.0,49328,36,19,45,2,6.0,12.0,7,2,3,2.0,1952,9,0.0,16,2.0,3.0,220,176,5.0
201900054813,2,17,5,2,2,5.0,133,10,13,11,33,1.0,4.0,10,3,3,1.0,1922,1,2.0,5,2.0,2.0,40,250,5.0
201000036821,12,28,5,1,3,3.0,493,70,19,53,17,2.0,7.0,3,2,2,5.0,1965,9,2.0,36,2.0,4.0,86,150,2.0
201600059079,5,10,1,1,9,5.0,69,790,16,24,40,7.0,23.0,4,3,3,0.0,1994,9,2.0,0,0.0,0.0,36,151,4.0
201800032869,2,21,4,1,6,7.0,297,530,15,17,11,6.0,26.0,0,1,1,3.0,2002,7,4.0,40,0.0,3.0,170,116,2.0
201300045777,6,5,3,2,4,6.0,125,120,17,30,6,7.0,2.0,1,2,1,1.0,1974,1,2.0,7,0.0,4.0,75,187,5.0
201400008462,1,5,5,1,2,4.0,13208,34,15,5,12,5.0,21.0,4,3,1,1.0,1956,9,2.0,13,3.0,4.0,390,254,4.0
201300018944,12,14,4,1,4,5.0,14,61,13,30,6,5.0,26.0,0,1,1,3.0,2010,6,2.0,6,1.0,3.0,101,240,5.0
201200048434,1,16,1,1,3,4.0,67365,210,16,8,20,2.0,0.0,1,3,1,9.0,1960,2,0.0,36,2.0,3.0,52,112,0.0
200900034761,4,5,5,2,4,2.0,21127,840,22,36,42,1.0,13.0,4,2,2,0.0,2006,7,2.0,50,1.0,2.0,136,82,6.0
200900069463,11,14,5,1,6,4.0,32298,80,10,45,37,4.0,16.0,9,2,1,1.0,1964,4,2.0,1,4.0,3.0,35,760,0.0
201200009511,10,26,5,2,4,6.0,165,340,22,30,37,5.0,8.0,5,3,1,2.0,1956,1,2.0,10,4.0,0.0,20,160,8.0
201600001696,11,3,3,1,5,6.0,235,43,11,30,17,9.0,9.0,1,2,3,5.0,1900,3,2.0,7,3.0,2.0,57,590,0.0
200900052098,9,16,5,2,0,1.0,33249,63,16,38,37,9.0,12.0,10,2,3,5.0,1914,2,1.0,40,0.0,2.0,43,205,5.0
201000024896,3,7,5,1,4,4.0,180,910,12,30,16,9.0,22.0,10,1,3,2.0,1933,1,2.0,0,2.0,4.0,142,224,1.0
200600039438,10,28,3,1,2,7.0,817,570,18,22,42,5.0,0.0,2,1,2,1.0,2004,7,2.0,0,2.0,4.0,340,0,4.0
200900008017,4,1,5,1,3,1.0,23,850,19,10,35,7.0,18.0,5,2,2,9.0,2016,5,4.0,40,3.0,0.0,72,202,2.0
200700024237,9,24,5,1,2,6.0,13208,930,17,24,18,7.0,0.0,8,1,1,1.0,1937,5,2.0,8,0.0,2.0,42,90,1.0
201500054657,11,30,5,1,9,7.0,97312,14,0,22,17,6.0,9.0,5,1,3,5.0,1908,1,2.0,36,2.0,0.0,27,920,5.0
200500014091,1,19,5,2,5,3.0,272,530,10,21,6,8.0,8.0,0,2,1,9.0,1981,6,3.0,6,3.0,3.0,192,895,4.0
201300026976,4,24,5,2,5,1.0,38215,988,22,55,4,1.0,10.0,9,2,3,3.0,2005,3,3.0,-1,3.0,4.0,115,151,3.0
201100033483,9,11,5,1,1,7.0,78123,14,10,11,36,2.0,9.0,10,2,2,1.0,1935,4,2.0,11,0.0,1.0,7,89,3.0
201100039561,6,10,5,1,0,1.0,85,780,18,11,13,6.0,24.0,8,3,3,2.0,1927,9,2.0,6,1.0,0.0,210,384,3.0
201200012925,12,19,5,2,0,3.0,398,4,0,50,11,3.0,14.0,8,3,2,4.0,1965,7,0.0,11,1.0,0.0,115,660,4.0
201900004633,5,29,5,1,4,3.0,132,57,17,40,11,8.0,24.0,10,2,3,4.0,1994,9,2.0,1,3.0,2.0,48,43,2.0
200900063441,9,29,5,1,9,6.0,74256,32,15,15,8,3.0,8.0,10,3,3,4.0,1975,1,2.0,36,3.0,3.0,113,161,5.0
201000016931,9,14,5,2,8,2.0,60024,35,10,21,13,2.0,1.0,7,1,3,3.0,1947,9,2.0,4,0.0,3.0,57,158,2.0
201000036694,6,13,5,1,7,6.0,149,400,15,5,13,6.0,6.0,3,3,1,5.0,1952,7,2.0,14,3.0,1.0,85,920,1.0
201000015541,5,28,5,2,6,5.0,272,42,11,30,11,7.0,24.0,9,3,1,3.0,1992,5,2.0,12,1.0,3.0,62,227,8.0
201000019507,10,31,5,1,2,5.0,42189,67,20,22,31,5.0,3.0,9,3,3,3.0,1947,6,2.0,8,4.0,2.0,190,29,4.0
201200029431,7,25,5,2,5,7.0,150,180,17,33,2,1.0,8.0,2,3,1,3.0,1982,4,1.0,-1,3.0,1.0,340,94,2.0
201700054990,7,30,4,2,9,1.0,74256,410,14,45,0,0.0,24.0,0,2,2,4.0,1927,9,2.0,10,4.0,4.0,71,179,4.0
201200025309,7,2,5,1,3,7.0,34141,22,14,34,5,8.0,20.0,8,1,2,9.0,1976,5,2.0,11,1.0,2.0,88,97,4.0
200600035319,12,16,5,1,6,5.0,75112,36,22,24,4,3.0,26.0,0,1,3,3.0,1993,9,2.0,13,1.0,2.0,32,106,4.0
200500071242,9,1,4,2,3,6.0,78646,950,22,34,1,4.0,8.0,1,3,3,9.0,1975,9,2.0,30,3.0,2.0,140,126,4.0
201400027041,10,7,4,2,0,1.0,3,80,10,55,43,4.0,15.0,4,3,1,4.0,1943,9,2.0,2,2.0,1.0,113,88,8.0
201300005240,7,31,5,1,1,4.0,259,4,18,24,18,6.0,5.0,4,3,3,3.0,1909,3,2.0,3,3.0,1.0,350,172,2.0
200600005469,11,19,5,1,7,6.0,574,83,11,10,36,1.0,0.0,5,3,1,1.0,1901,4,2.0,1,3.0,3.0,134,10,0.0
201200041648,9,26,5,1,1,3.0,73,370,18,34,2,5.0,18.0,10,2,3,3.0,1900,3,2.0,36,0.0,3.0,88,37,4.0
201600028614,1,14,5,2,3,1.0,56083,300,15,34,3,8.0,16.0,2,1,3,1.0,1982,3,0.0,4,1.0,4.0,99,6,2.0
200500062682,10,3,5,1,3,7.0,752,88,15,50,38,0.0,7.0,9,1,2,4.0,1916,7,2.0,36,2.0,1.0,40,10,5.0
201100014464,7,20,1,1,5,2.0,604,972,22,17,37,1.0,23.0,0,2,3,4.0,1963,2,2.0,2,0.0,3.0,12,540,0.0
201300008452,8,8,3,2,0,5.0,670,17,11,41,19,4.0,5.0,1,1,2,3.0,2014,7,2.0,10,3.0,0.0,500,195,5.0
201600002060,11,20,5,2,2,4.0,58057,32,21,33,34,2.0,8.0,10,1,3,5.0,1952,9,2.0,13,1.0,1.0,147,15,0.0
201600024234,2,15,2,1,5,1.0,107,110,21,55,17,1.0,13.0,9,1,3,2.0,2008,2,2.0,14,0.0,3.0,0,76,6.0
201100001366,3,18,1,1,3,2.0,441,66,17,20,38,8.0,22.0,3,2,2,3.0,1935,9,2.0,7,3.0,1.0,41,4,6.0
200800064100,10,18,5,1,9,5.0,720,660,14,30,80,2.0,24.0,1,1,3,0.0,1968,5,0.0,5,1.0,4.0,94,260,4.0
201300006830,1,3,5,1,9,7.0,40044,560,19,21,43,8.0,8.0,3,1,3,1.0,1931,2,2.0,1,3.0,1.0,119,33,4.0
201200001267,12,29,5,2,7,7.0,59111,74,10,53,7,2.0,3.0,9,2,1,2.0,1992,9,0.0,12,4.0,3.0,47,138,5.0
201400032570,1,5,5,1,9,2.0,466,450,20,11,5,9.0,12.0,3,1,3,4.0,1978,9,1.0,0,1.0,4.0,143,270,0.0
201500012250,3,7,5,2,0,2.0,86,67,11,25,43,9.0,3.0,5,1,2,9.0,1916,6,2.0,50,1.0,1.0,160,272,8.0