num_acc,mois,jour,lum,agg,int,col,com,dep,hr,mn,catv,choc,manv,place,catu,grav,trajet,an_nais,catr,circ,nbv,prof,plan,lartpc,larrout,situ
200600023748,6,24,5,2,0,7.0,90,90,18,20,14,4.0,25.0,6,3,2,1.0,1969,5,2.0,-1,3.0,1.0,153,242,8.0
200500054861,1,19,5,1,6,6.0,785,26,19,38,20,6.0,7.0,0,1,1,9.0,1923,1,3.0,6,0.0,3.0,82,31,8.0
200600056689,7,2,2,1,4,5.0,93073,65,0,34,60,8.0,11.0,2,2,2,4.0,1976,3,2.0,4,2.0,2.0,2,125,5.0
200900019833,5,2,5,2,4,6.0,312,900,19,0,9,1.0,16.0,2,2,2,1.0,1944,9,2.0,9,2.0,1.0,113,940,2.0
201400016919,11,24,5,2,5,5.0,85008,160,19,55,32,0.0,26.0,4,3,2,2.0,1965,9,4.0,8,3.0,3.0,36,600,5.0
201700050179,7,14,3,2,8,7.0,92024,27,18,38,36,1.0,12.0,3,2,3,4.0,1956,9,4.0,8,0.0,2.0,35,76,6.0
201000059028,8,18,5,2,3,3.0,298,4,21,59,34,1.0,11.0,4,3,3,9.0,1908,9,2.0,8,0.0,2.0,23,58,5.0
201700024816,4,11,5,1,4,2.0,722,900,17,53,13,2.0,25.0,1,3,2,0.0,1914,9,2.0,3,4.0,3.0,500,100,8.0
201600002749,1,28,1,2,3,5.0,33397,100,12,30,40,0.0,13.0,9,2,1,5.0,1931,7,2.0,0,0.0,2.0,216,42,1.0
200900025978,2,9,5,1,8,7.0,656,240,23,40,7,2.0,25.0,5,2,1,9.0,1926,9,2.0,5,4.0,2.0,22,138,4.0
201800046127,4,22,5,2,3,3.0,94041,370,13,25,3,1.0,21.0,3,2,3,3.0,1936,1,2.0,12,3.0,3.0,510,205,5.0
200600062712,6,13,5,2,2,1.0,94042,810,18,25,99,6.0,2.0,0,1,1,1.0,1983,4,2.0,11,4.0,4.0,8,700,2.0
201400027406,2,5,5,1,7,1.0,22339,440,15,41,60,7.0,0.0,1,2,3,1.0,1905,1,2.0,-1,4.0,2.0,89,131,4.0
200500078214,7,26,5,2,0,7.0,438,860,20,25,2,5.0,7.0,3,1,2,1.0,1935,3,2.0,9,0.0,4.0,143,710,2.0
201400047737,2,18,5,1,0,2.0,746,680,20,59,36,0.0,13.0,7,1,1,5.0,1945,1,2.0,14,2.0,1.0,39,202,1.0
201000020223,5,11,5,1,1,7.0,40046,27,0,43,3,1.0,8.0,0,3,2,4.0,1905,7,3.0,-1,2.0,2.0,66,560,3.0
201600007638,5,18,4,1,4,6.0,146,63,10,53,38,4.0,21.0,10,1,2,5.0,1957,9,2.0,10,3.0,0.0,34,59,5.0
201100046939,5,12,5,1,2,5.0,247,430,14,0,4,6.0,22.0,7,1,1,0.0,1965,9,0.0,0,4.0,4.0,56,41,6.0
200900056177,3,18,1,2,8,4.0,29259,72,15,5,13,3.0,1.0,5,2,2,4.0,1953,7,4.0,3,1.0,0.0,66,6,0.0
200600080050,2,18,5,1,7,4.0,48,4,10,57,6,0.0,2.0,5,3,2,4.0,1901,2,2.0,10,0.0,0.0,340,131,5.0
200500077976,8,4,5,2,2,7.0,97410,280,15,53,42,8.0,25.0,2,2,3,3.0,1921,1,2.0,14,0.0,3.0,260,53,6.0
200900034345,1,17,5,2,7,1.0,473,72,23,34,13,0.0,9.0,5,2,3,3.0,2019,3,2.0,6,0.0,4.0,34,122,3.0
201700040429,7,20,5,2,6,5.0,91521,59,0,21,80,3.0,22.0,5,2,3,4.0,1979,1,2.0,-1,2.0,2.0,107,713,1.0
200700011516,2,29,5,2,6,6.0,22084,310,14,36,16,0.0,16.0,5,1,3,2.0,2008,2,2.0,6,2.0,0.0,390,38,8.0
200900007185,4,14,5,1,8,4.0,13211,370,21,21,8,8.0,19.0,1,3,3,1.0,1947,4,2.0,8,4.0,1.0,46,191,4.0
201400049207,12,24,5,1,3,7.0,306,1000,18,5,10,4.0,19.0,8,2,2,0.0,1985,5,2.0,0,3.0,3.0,98,109,0.0
201800038471,8,13,5,1,7,2.0,168,360,17,34,5,2.0,2.0,3,2,3,1.0,1924,9,4.0,30,4.0,1.0,192,290,3.0
201300009285,3,12,5,2,0,4.0,315,890,0,45,34,8.0,20.0,2,3,2,3.0,2012,6,2.0,5,1.0,1.0,215,138,2.0
200800057412,9,2,5,2,4,4.0,699,220,17,57,15,4.0,12.0,6,3,3,9.0,2018,4,2.0,8,3.0,3.0,88,52,0.0
200900068248,6,10,5,2,5,1.0,165,82,21,11,6,5.0,0.0,8,2,1,2.0,2005,1,1.0,26,4.0,0.0,14,114,5.0
201000016230,6,7,3,1,7,7.0,30223,940,0,24,33,3.0,7.0,10,2,2,5.0,1923,3,2.0,50,2.0,4.0,182,34,5.0
200600044514,7,16,5,1,7,3.0,389,7,0,50,80,6.0,25.0,2,2,3,1.0,1943,3,2.0,7,4.0,4.0,960,315,8.0
201400004855,8,31,5,1,9,6.0,139,68,23,53,3,5.0,14.0,2,2,2,1.0,1922,1,2.0,2,0.0,4.0,78,313,1.0
201600020066,3,25,1,2,9,5.0,44180,3,13,41,15,6.0,26.0,2,3,3,3.0,1933,4,2.0,16,4.0,0.0,43,251,4.0
201300046485,2,1,5,2,3,5.0,559,840,12,25,19,7.0,6.0,1,1,2,3.0,1963,2,2.0,20,2.0,1.0,135,35,5.0
201700004006,7,17,5,1,1,5.0,406,32,0,36,4,5.0,23.0,10,2,2,5.0,1955,2,2.0,2,0.0,4.0,48,640,6.0
201400051329,3,26,5,1,9,4.0,97228,27,19,53,17,0.0,3.0,4,3,2,5.0,1995,7,2.0,14,1.0,2.0,17,910,4.0
201600039665,1,9,5,2,4,6.0,34141,130,14,34,50,5.0,13.0,4,3,3,1.0,1913,7,2.0,40,2.0,3.0,205,314,5.0
201600010519,9,8,2,1,2,4.0,22204,660,11,5,12,7.0,3.0,2,2,3,5.0,1908,2,2.0,8,3.0,1.0,0,46,6.0
200500054358,2,2,5,1,8,2.0,218,860,14,24,32,2.0,6.0,9,3,2,4.0,2007,4,2.0,2,4.0,0.0,99,96,1.0
201400010599,4,3,5,2,0,5.0,576,670,14,11,12,1.0,22.0,2,3,3,2.0,1959,5,2.0,0,3.0,3.0,164,139,6.0
200500031008,9,13,5,2,4,6.0,515,79,21,24,4,4.0,6.0,10,1,3,0.0,1914,3,2.0,14,2.0,3.0,42,121,2.0
201700005060,2,6,5,1,3,1.0,476,36,17,34,18,7.0,21.0,4,2,3,5.0,1950,5,4.0,50,0.0,2.0,194,104,2.0
201800029182,4,10,5,1,1,5.0,56222,85,15,20,33,8.0,5.0,5,1,3,2.0,2009,4,2.0,14,1.0,1.0,900,282,3.0
201600010895,5,28,2,2,3,5.0,50165,77,18,0,13,2.0,5.0,7,2,1,5.0,1916,6,2.0,6,0.0,2.0,116,131,6.0
200600054726,3,2,4,2,7,7.0,781,27,12,24,30,2.0,16.0,5,1,1,1.0,1988,1,2.0,13,4.0,4.0,53,39,6.0
201700057639,6,15,5,2,9,6.0,449,11,16,36,32,4.0,14.0,6,3,1,3.0,2002,2,2.0,13,3.0,4.0,180,172,3.0
200700068983,3,25,3,1,8,3.0,366,880,14,50,40,9.0,21.0,4,2,2,3.0,1910,1,1.0,3,4.0,0.0,75,380,1.0
200800076888,7,29,5,1,3,6.0,431,55,11,38,11,0.0,4.0,7,1,2,3.0,1976,2,2.0,8,0.0,3.0,69,22,5.0
201100038278,3,27,5,1,9,1.0,102,250,16,21,16,9.0,13.0,4,3,1,2.0,1929,2,4.0,-1,1.0,0.0,173,271,2.0
200500081403,12,30,5,2,0,6.0,49007,32,0,43,20,9.0,6.0,5,2,1,2.0,1919,9,2.0,16,1.0,3.0,60,183,6.0
200500017122,12,27,4,2,0,5.0,396,230,13,0,80,5.0,6.0,0,2,2,5.0,1965,3,1.0,2,2.0,1.0,130,152,6.0
201700028571,1,15,5,1,7,2.0,387,290,23,24,34,5.0,24.0,4,3,2,5.0,1958,5,2.0,11,4.0,4.0,17,710,4.0
201400005533,1,8,5,2,0,5.0,80,790,14,55,50,9.0,6.0,4,1,3,2.0,1949,2,2.0,40,1.0,1.0,513,640,5.0
200500055151,11,23,4,1,1,5.0,275,70,0,40,16,6.0,2.0,0,3,3,9.0,1918,7,2.0,50,2.0,0.0,63,156,3.0
200500026114,8,19,3,1,0,4.0,229,390,10,55,35,3.0,10.0,1,1,1,9.0,1915,2,4.0,13,1.0,4.0,96,120,3.0
200900057340,7,5,4,2,1,4.0,32298,75,14,15,3,9.0,10.0,3,1,3,2.0,1971,4,1.0,10,3.0,1.0,97,-81,1.0
201300001954,6,18,5,1,9,4.0,40044,110,0,50,4,2.0,0.0,9,3,1,5.0,1957,9,2.0,9,4.0,3.0,294,12,4.0
200700031952,3,14,5,1,1,2.0,242,720,21,59,0,4.0,13.0,8,2,3,4.0,2017,5,4.0,14,2.0,3.0,146,900,0.0
201400021081,5,4,3,2,3,7.0,67,75,17,50,37,2.0,10.0,0,3,2,0.0,2011,6,2.0,13,1.0,0.0,153,138,1.0
200500055890,2,2,5,2,9,3.0,454,972,22,15,10,4.0,0.0,8,3,1,0.0,2011,7,2.0,3,1.0,3.0,119,174,0.0
200700015090,2,7,5,2,5,5.0,59569,68,18,11,99,6.0,8.0,4,1,2,1.0,2003,2,2.0,20,0.0,0.0,19,70,0.0
201000008490,1,17,1,1,9,3.0,57038,85,19,50,80,9.0,17.0,1,3,1,9.0,1943,4,4.0,3,1.0,4.0,900,58,6.0
201400016505,5,17,5,2,9,2.0,52116,810,13,8,60,9.0,7.0,5,3,3,9.0,1976,7,2.0,0,0.0,3.0,122,210,5.0
201000011499,9,6,5,2,0,5.0,702,20,12,21,34,2.0,20.0,4,1,2,3.0,1958,6,2.0,36,2.0,2.0,216,103,0.0
200500080792,10,12,3,1,9,3.0,857,3,12,55,16,0.0,16.0,9,2,1,4.0,2016,1,2.0,11,3.0,2.0,142,12,5.0
201600002844,11,3,5,1,4,1.0,97128,820,18,59,37,9.0,7.0,2,2,2,4.0,1935,9,3.0,8,0.0,1.0,27,150,6.0
200500077200,1,27,5,1,0,1.0,785,40,19,15,13,2.0,24.0,7,3,1,3.0,1923,7,4.0,7,3.0,2.0,110,99,2.0
201200051316,3,14,5,2,7,3.0,754,59,22,41,34,9.0,25.0,0,3,3,9.0,1969,2,2.0,30,0.0,3.0,800,106,8.0
201000064966,4,7,5,2,4,2.0,69227,700,0,43,31,6.0,10.0,8,1,2,5.0,2000,9,0.0,6,1.0,0.0,54,35,5.0
201800035921,1,18,5,2,6,3.0,51,76,21,55,42,4.0,11.0,10,3,3,0.0,1957,2,2.0,26,1.0,2.0,51,999,1.0
201700026608,7,9,5,1,0,5.0,51428,2,22,50,40,4.0,13.0,1,1,2,9.0,1930,5,2.0,16,0.0,3.0,41,196,6.0
201400001195,3,27,4,1,3,7.0,226,91,16,35,60,6.0,23.0,3,1,2,5.0,2010,2,3.0,7,2.0,2.0,141,152,6.0
201600029737,7,16,3,2,5,6.0,69092,190,15,57,1,1.0,23.0,0,1,1,2.0,1970,4,2.0,30,0.0,3.0,3,162,5.0
201000033112,4,16,4,1,4,2.0,117,580,19,34,39,4.0,14.0,8,3,1,2.0,1974,3,0.0,0,0.0,2.0,150,119,1.0
200800028516,8,21,5,1,6,2.0,395,53,13,35,11,6.0,21.0,8,1,2,0.0,1911,6,2.0,16,2.0,0.0,280,-81,1.0
201700039717,11,22,5,2,1,6.0,282,610,22,57,14,3.0,11.0,7,3,2,9.0,1914,1,2.0,12,0.0,1.0,198,66,0.0
200900004356,10,18,5,2,4,7.0,241,47,22,45,38,8.0,14.0,10,2,2,0.0,1909,6,4.0,6,0.0,2.0,97,159,0.0
201800016434,10,17,5,1,5,2.0,17,840,20,43,36,8.0,21.0,1,2,3,3.0,1997,6,2.0,40,3.0,2.0,13,254,6.0
200800064977,12,1,5,2,0,3.0,42,680,21,40,15,1.0,18.0,5,3,2,3.0,1924,1,2.0,10,2.0,4.0,500,920,5.0
200600036447,10,14,2,1,5,1.0,594,5,13,21,80,0.0,19.0,4,2,3,4.0,1957,2,2.0,11,2.0,2.0,25,213,4.0
200600006327,9,16,2,1,2,7.0,91589,92,18,36,1,8.0,19.0,3,1,1,2.0,1948,5,2.0,26,0.0,1.0,63,267,3.0
201600006804,10,15,5,2,5,1.0,14,19,20,8,4,1.0,25.0,6,3,1,0.0,1937,1,2.0,8,3.0,4.0,40,730,4.0
200600000011,12,13,5,1,6,6.0,400,31,16,45,33,0.0,3.0,10,1,1,2.0,2004,6,2.0,26,0.0,1.0,45,190,5.0
201500026827,12,29,2,1,2,4.0,50165,800,11,20,13,0.0,10.0,10,3,2,9.0,1911,3,2.0,8,3.0,4.0,109,605,3.0
201800028783,2,12,5,1,3,7.0,645,59,20,57,8,2.0,21.0,8,1,1,3.0,1912,2,2.0,30,3.0,3.0,300,224,2.0
201700055461,9,24,5,2,1,4.0,75105,680,13,40,0,1.0,19.0,6,3,2,3.0,1964,7,4.0,-1,3.0,2.0,106,657,8.0
201400010110,6,22,5,2,7,1.0,55545,290,22,5,4,6.0,15.0,4,2,1,3.0,1978,2,2.0,26,4.0,2.0,504,181,5.0
201700000023,4,25,5,1,4,6.0,390,810,0,34,0,6.0,26.0,1,3,1,4.0,1949,1,4.0,30,1.0,0.0,141,135,1.0
200600024980,8,20,4,2,2,1.0,1267,20,16,57,11,4.0,20.0,10,2,3,1.0,1990,2,3.0,12,1.0,3.0,198,275,8.0
201400054977,11,12,5,2,0,7.0,7,79,11,57,99,3.0,10.0,6,3,3,0.0,1944,2,3.0,30,1.0,1.0,180,72,8.0
201600041206,1,21,5,1,1,7.0,612,520,12,30,10,6.0,6.0,7,2,3,0.0,2013,7,4.0,0,2.0,0.0,73,99,8.0
201600052648,1,29,5,2,7,4.0,10,130,0,33,40,5.0,16.0,4,2,3,5.0,1959,3,2.0,20,2.0,4.0,70,98,6.0
201500017370,9,19,2,1,9,2.0,53,280,13,53,2,9.0,0.0,2,2,1,9.0,1957,5,2.0,3,0.0,2.0,113,235,4.0
201500019396,2,26,2,2,7,1.0,837,19,21,24,30,4.0,13.0,8,3,2,5.0,1951,5,2.0,14,0.0,0.0,52,155,2.0
201800001047,8,14,5,1,6,7.0,355,57,11,0,2,0.0,11.0,1,3,1,5.0,1929,4,2.0,40,4.0,2.0,275,109,3.0
201700012463,12,18,4,2,0,3.0,50129,550,22,45,4,2.0,22.0,2,1,2,1.0,1930,4,4.0,1,3.0,2.0,260,-81,0.0
200700033482,7,8,5,2,5,7.0,83004,45,18,25,12,5.0,21.0,1,3,3,5.0,2016,3,2.0,2,4.0,1.0,900,222,5.0
200800014348,4,25,5,1,3,3.0,722,59,17,5,2,8.0,16.0,3,1,1,0.0,1981,3,2.0,13,4.0,1.0,4,400,1.0
200500002507,7,3,2,2,1,3.0,26226,430,18,15,12,9.0,5.0,10,2,2,9.0,1982,6,2.0,36,2.0,3.0,19,155,2.0
201400020528,10,30,5,2,2,4.0,145,1000,22,25,11,4.0,9.0,6,2,1,9.0,1980,3,2.0,10,2.0,4.0,17,144,8.0
200800073219,7,27,5,1,9,4.0,45068,3,14,35,21,6.0,3.0,6,2,2,4.0,1993,3,0.0,16,1.0,3.0,279,630,0.0
201700022350,6,22,4,2,9,1.0,94034,500,0,20,18,5.0,15.0,3,1,1,2.0,2006,3,2.0,12,2.0,2.0,69,74,1.0
201100037496,8,14,5,1,7,7.0,305,360,10,38,50,0.0,13.0,10,2,3,9.0,1977,2,3.0,8,4.0,0.0,64,213,2.0
200600075423,1,21,5,1,1,5.0,312,300,13,33,37,3.0,6.0,1,1,3,2.0,1986,7,4.0,0,1.0,4.0,118,120,1.0
201000027923,11,27,5,2,7,2.0,505,35,20,41,17,8.0,19.0,10,3,1,0.0,1908,5,2.0,9,2.0,1.0,37,106,0.0
200500000684,8,27,5,2,8,1.0,375,88,21,21,12,4.0,26.0,10,3,2,1.0,2004,7,2.0,5,1.0,2.0,27,174,8.0
200800051157,3,19,5,1,3,2.0,543,89,16,34,34,8.0,13.0,8,3,1,5.0,1945,3,1.0,1,0.0,1.0,58,230,4.0
201700018059,10,2,5,1,9,2.0,356,21,11,22,99,1.0,21.0,5,1,3,9.0,1948,1,2.0,3,1.0,0.0,37,102,4.0
201800057650,6,16,2,1,5,2.0,328,750,23,59,8,4.0,8.0,3,3,3,9.0,1983,2,2.0,1,3.0,4.0,141,217,3.0
200900021738,7,23,3,1,4,1.0,147,15,15,35,39,8.0,7.0,9,3,3,9.0,1951,9,2.0,2,4.0,3.0,800,620,5.0
201900057319,1,15,1,2,1,4.0,28134,710,17,45,33,9.0,1.0,6,2,3,2.0,1997,7,2.0,0,0.0,0.0,11,375,5.0
201800043722,6,21,5,2,8,2.0,800,160,13,33,99,6.0,1.0,2,1,1,4.0,1983,4,2.0,5,1.0,2.0,161,830,1.0
201700005198,3,15,2,1,2,7.0,69290,650,15,8,17,1.0,14.0,8,2,3,1.0,2000,1,2.0,9,4.0,1.0,113,162,1.0
200800070899,5,19,5,2,1,5.0,23,53,22,45,34,5.0,16.0,8,2,2,9.0,1922,1,0.0,13,1.0,0.0,11,173,2.0
201300031931,5,14,5,1,7,2.0,151,42,19,17,10,6.0,5.0,4,3,1,4.0,2003,7,3.0,2,3.0,2.0,140,106,2.0
200500070069,8,26,5,2,3,1.0,1142,550,16,33,10,8.0,7.0,10,1,1,1.0,1968,9,0.0,20,4.0,0.0,0,30,5.0
201200018151,5,29,5,1,6,6.0,671,73,10,35,4,1.0,2.0,6,1,2,3.0,1952,6,2.0,2,1.0,4.0,215,166,6.0
200800070763,1,14,5,2,3,1.0,763,120,19,38,4,9.0,4.0,7,1,2,5.0,1900,7,1.0,2,4.0,0.0,98,146,1.0
201800006320,5,17,4,2,8,2.0,598,41,21,36,31,0.0,16.0,3,1,3,4.0,1939,5,2.0,6,1.0,0.0,127,999,5.0
201000052131,10,6,5,2,0,3.0,68,52,10,10,5,6.0,10.0,9,3,1,0.0,1987,2,3.0,26,4.0,4.0,118,70,6.0
201200053406,6,2,5,2,3,6.0,16405,59,20,25,35,1.0,6.0,0,3,3,1.0,2005,6,4.0,20,2.0,3.0,108,34,8.0
200600014519,2,23,5,2,6,2.0,796,1001,10,8,99,9.0,24.0,8,2,2,0.0,1954,3,2.0,7,2.0,1.0,260,27,4.0
201700054468,10,26,5,2,2,4.0,83107,650,17,36,36,2.0,26.0,1,3,3,9.0,1953,7,2.0,3,0.0,2.0,194,320,5.0
200900062795,10,31,5,1,4,4.0,53240,77,16,59,36,9.0,25.0,3,1,1,5.0,1943,3,2.0,40,1.0,4.0,143,1,5.0
201800046167,11,18,5,2,2,2.0,719,81,17,33,38,7.0,1.0,3,2,2,1.0,2000,5,2.0,20,3.0,3.0,78,123,5.0
201300049889,7,22,5,2,3,3.0,13204,48,10,33,36,8.0,17.0,10,3,3,3.0,1943,9,2.0,12,1.0,1.0,207,43,6.0
201500009268,1,29,3,2,3,6.0,1202,590,14,17,2,8.0,24.0,4,1,2,1.0,1926,7,3.0,26,3.0,4.0,390,166,4.0
201800025138,12,11,5,1,1,6.0,38072,29,23,36,21,6.0,12.0,0,3,3,9.0,1969,1,1.0,9,2.0,4.0,150,760,8.0
201800032060,8,25,1,2,8,5.0,110,56,17,10,15,6.0,7.0,0,1,1,9.0,1950,7,2.0,2,4.0,0.0,87,66,0.0
201200056882,11,26,5,2,7,3.0,44072,1000,11,50,20,6.0,14.0,1,3,3,2.0,1983,9,2.0,20,1.0,1.0,400,740,4.0
200600083792,4,22,5,1,6,6.0,89,42,0,5,3,9.0,26.0,3,2,2,1.0,1950,6,4.0,-1,2.0,4.0,66,127,3.0
201600040105,9,6,3,2,0,3.0,31587,38,15,41,5,3.0,13.0,5,1,2,3.0,2014,4,2.0,6,3.0,4.0,122,97,8.0
201800002277,10,14,5,1,0,5.0,411,450,12,40,30,3.0,20.0,1,2,2,4.0,2016,5,2.0,20,0.0,4.0,38,148,4.0
201100002644,2,10,5,1,3,6.0,608,920,0,35,1,6.0,22.0,2,2,3,9.0,1932,9,2.0,3,0.0,1.0,44,164,6.0
201600027540,1,16,5,1,0,1.0,93001,140,13,24,18,4.0,23.0,5,3,3,2.0,1929,7,2.0,36,0.0,4.0,170,193,0.0
201500029649,8,2,5,2,9,4.0,77058,13,18,41,12,3.0,16.0,9,3,3,0.0,1911,4,2.0,4,2.0,1.0,45,182,6.0
201000045109,3,18,5,2,2,2.0,47310,100,0,11,4,5.0,5.0,5,1,2,5.0,1963,4,4.0,20,4.0,2.0,260,215,4.0
201100036076,9,10,5,2,7,3.0,190,15,15,40,37,8.0,19.0,1,3,1,1.0,1913,4,3.0,14,0.0,0.0,55,430,2.0
201800033810,10,23,5,2,1,4.0,138,320,21,22,10,6.0,21.0,9,3,2,4.0,1939,6,2.0,13,4.0,4.0,31,275,8.0
200600064002,9,22,5,2,9,3.0,720,70,21,20,37,8.0,21.0,0,2,3,2.0,1996,7,1.0,13,1.0,1.0,82,690,0.0
201900000533,8,7,2,1,4,3.0,629,65,12,30,99,1.0,12.0,3,1,2,1.0,2005,7,2.0,30,2.0,2.0,19,350,2.0
200900017769,9,10,4,2,5,7.0,42,20,14,10,7,0.0,26.0,3,1,3,4.0,1927,3,3.0,10,0.0,3.0,198,730,0.0
201500043300,6,10,5,2,9,4.0,171,24,22,55,11,0.0,26.0,10,1,1,0.0,1929,6,2.0,4,3.0,3.0,590,216,2.0
200900066484,1,16,5,1,8,3.0,563,976,13,38,50,3.0,2.0,2,1,2,4.0,1976,4,4.0,50,1.0,0.0,106,165,4.0
201800021874,2,5,5,2,3,4.0,639,37,21,40,13,1.0,26.0,9,2,2,1.0,1931,7,2.0,2,0.0,2.0,173,970,3.0
201400040678,11,18,5,1,0,4.0,42,520,23,5,11,4.0,0.0,5,2,1,2.0,1915,2,2.0,5,3.0,0.0,65,39,5.0
201400004388,4,24,5,2,4,5.0,63113,38,16,20,10,3.0,21.0,9,3,3,5.0,1967,4,2.0,3,1.0,2.0,960,375,0.0
201300032416,12,4,4,1,7,3.0,149,450,23,33,11,7.0,18.0,3,3,2,5.0,2014,6,2.0,10,2.0,0.0,330,125,3.0
201700000125,10,20,5,1,5,5.0,40046,45,10,59,10,1.0,15.0,4,3,3,5.0,1913,1,2.0,36,3.0,1.0,182,264,3.0
200700028003,1,15,5,2,1,4.0,66204,610,18,33,12,3.0,22.0,3,1,1,2.0,1916,3,2.0,9,1.0,4.0,115,208,1.0
200800074003,1,1,2,2,0,6.0,42,450,14,40,0,4.0,5.0,9,1,2,0.0,1911,6,2.0,5,2.0,2.0,88,127,8.0
200900074576,1,16,5,1,5,1.0,607,30,21,57,8,3.0,10.0,6,1,3,4.0,1994,1,1.0,8,2.0,0.0,4,62,3.0
201000028538,2,13,5,1,0,6.0,33397,90,16,55,6,0.0,11.0,2,3,3,9.0,2015,3,2.0,7,2.0,1.0,12,230,4.0
201300018192,9,10,5,1,8,6.0,388,430,11,21,2,1.0,2.0,7,2,3,4.0,1909,5,2.0,12,3.0,4.0,212,212,0.0
200800023294,12,12,5,2,1,7.0,662,450,17,50,10,2.0,13.0,8,1,2,9.0,1959,7,2.0,-1,1.0,4.0,97,23,6.0
201000003494,1,3,2,1,8,7.0,6152,850,0,22,0,5.0,14.0,3,2,1,9.0,1935,2,2.0,36,2.0,2.0,197,290,3.0
200700012599,2,17,5,2,7,5.0,212,400,22,8,38,6.0,8.0,5,3,3,4.0,1905,9,2.0,3,4.0,4.0,49,216,6.0
200900071098,2,9,5,1,7,6.0,67365,590,22,35,16,0.0,1.0,5,2,1,3.0,1913,1,2.0,5,0.0,3.0,90,44,5.0
200900036013,3,22,1,1,4,2.0,754,76,22,41,0,7.0,23.0,6,1,1,5.0,1962,4,2.0,20,1.0,4.0,65,48,4.0
200800030775,5,18,5,1,2,4.0,83090,85,10,11,40,5.0,17.0,1,1,3,1.0,1915,7,2.0,2,0.0,0.0,140,31,5.0
201700035584,2,5,3,2,4,4.0,121,85,15,59,8,7.0,4.0,2,3,2,1.0,2009,1,2.0,20,1.0,3.0,2,124,2.0
200600030024,2,6,2,2,0,4.0,63116,630,12,22,8,3.0,4.0,3,3,2,9.0,1910,6,2.0,5,4.0,1.0,69,212,6.0
201100048032,7,4,5,1,8,6.0,857,971,19,17,6,2.0,16.0,8,1,3,1.0,1954,4,2.0,13,1.0,0.0,250,750,3.0
201500008060,11,6,5,2,0,1.0,13212,680,22,11,99,9.0,0.0,1,2,1,1.0,2005,5,3.0,12,2.0,1.0,68,124,3.0
200500049653,4,12,5,2,7,7.0,33321,7,16,35,6,2.0,16.0,1,2,3,2.0,1900,5,2.0,12,1.0,2.0,24,102,5.0
201000031762,1,11,1,2,6,1.0,314,45,23,40,18,4.0,24.0,4,2,1,4.0,1985,7,2.0,50,1.0,1.0,30,22,0.0
200500004541,12,8,4,2,8,4.0,58121,170,21,43,37,6.0,23.0,8,3,1,1.0,1936,9,0.0,20,0.0,3.0,600,49,3.0
201500025397,9,11,2,1,3,6.0,457,34,17,45,19,2.0,23.0,10,1,1,2.0,1962,9,1.0,9,1.0,0.0,86,105,0.0
201100011992,4,27,3,1,9,4.0,370,34,20,45,2,7.0,22.0,8,3,3,9.0,1978,1,2.0,5,1.0,3.0,22,17,3.0
201300039719,2,31,1,1,2,6.0,479,24,14,10,36,5.0,0.0,2,2,2,3.0,1971,3,2.0,16,3.0,1.0,194,99,5.0
201000000755,8,6,5,1,2,3.0,18205,988,0,53,6,3.0,7.0,0,3,2,9.0,2018,4,2.0,2,1.0,3.0,450,43,1.0
201400040348,7,14,5,1,1,4.0,895,18,10,24,33,6.0,18.0,7,3,2,2.0,1940,7,2.0,13,4.0,4.0,504,195,2.0
201700036680,4,30,5,1,5,6.0,572,972,11,43,2,1.0,16.0,0,3,2,0.0,1910,1,2.0,26,2.0,3.0,400,3,2.0
201700006685,4,31,4,2,7,4.0,595,530,14,24,20,8.0,18.0,4,1,2,1.0,1994,4,0.0,8,4.0,4.0,103,37,1.0
200500050014,3,9,3,1,0,1.0,72025,540,22,22,18,1.0,6.0,0,3,3,9.0,1919,1,2.0,1,0.0,3.0,48,147,8.0
201800022480,1,22,2,2,3,5.0,71540,100,21,55,32,2.0,22.0,4,2,2,0.0,1994,1,2.0,7,3.0,0.0,45,77,5.0
201200012571,11,10,5,2,2,2.0,54364,48,13,10,0,6.0,11.0,1,2,2,5.0,1921,7,2.0,2,3.0,4.0,41,450,1.0
201700024308,9,31,5,2,3,1.0,43230,510,19,20,39,1.0,18.0,1,3,3,9.0,1927,1,2.0,12,1.0,0.0,132,50,4.0
201600004215,10,2,5,1,1,7.0,78623,10,20,10,4,8.0,12.0,9,1,2,5.0,1930,9,2.0,13,2.0,3.0,64,86,5.0
200700058275,5,21,2,2,7,1.0,642,69,20,24,17,7.0,9.0,9,3,3,1.0,1979,2,2.0,6,2.0,1.0,192,46,2.0
201900000794,3,5,5,1,9,2.0,528,24,21,20,12,4.0,12.0,7,3,1,0.0,2018,4,0.0,0,0.0,1.0,20,188,0.0
201100032448,3,31,5,1,3,3.0,422,450,21,5,21,9.0,0.0,4,2,3,5.0,1981,4,2.0,8,3.0,1.0,69,36,3.0
200700028670,4,1,2,1,4,5.0,13055,77,14,50,7,1.0,8.0,6,3,3,4.0,1943,9,2.0,8,0.0,4.0,37,21,4.0
201300045480,10,26,5,2,7,7.0,432,81,22,10,37,8.0,3.0,9,2,1,4.0,1958,3,2.0,14,3.0,0.0,106,781,3.0
200500076992,9,7,2,2,5,3.0,77,300,21,36,40,9.0,7.0,7,1,3,4.0,2013,5,2.0,12,0.0,4.0,61,532,2.0