num_acc,mois,jour,lum,agg,int,col,com,dep,hr,mn,catv,choc,manv,place,catu,grav,trajet,an_nais,catr,circ,nbv,prof,plan,lartpc,larrout,situ
201500054663,2,2,5,2,5,5.0,380,53,13,35,40,8.0,18.0,10,1,2,2.0,2004,6,0.0,20,0.0,4.0,115,23,8.0
201700042196,5,13,5,1,4,3.0,3118,53,22,15,50,1.0,15.0,9,1,2,2.0,1910,5,2.0,12,1.0,4.0,113,760,8.0
200800012890,11,9,5,1,6,4.0,652,850,15,34,31,0.0,23.0,6,1,2,0.0,1962,2,2.0,36,1.0,2.0,275,58,8.0
201700039034,3,3,5,2,0,6.0,611,310,17,40,39,6.0,18.0,6,2,1,5.0,2003,1,3.0,6,4.0,0.0,53,207,6.0
201000048806,9,31,5,1,2,5.0,896,19,13,0,33,2.0,23.0,6,3,1,9.0,1969,5,4.0,11,2.0,0.0,60,105,6.0
201600012253,9,25,5,1,9,3.0,524,85,10,45,60,6.0,2.0,1,3,3,9.0,1987,9,3.0,1,2.0,2.0,340,54,1.0
200600037194,4,26,5,1,4,2.0,85303,29,15,40,17,5.0,22.0,10,2,1,3.0,1939,6,0.0,20,1.0,0.0,198,54,5.0
201900057973,4,21,5,2,6,2.0,75109,780,14,0,42,6.0,8.0,3,1,1,4.0,1994,3,2.0,7,0.0,2.0,12,125,4.0
201200034875,1,30,4,2,8,4.0,6029,430,22,38,99,5.0,0.0,9,1,1,0.0,1919,2,0.0,5,4.0,1.0,74,202,0.0
201500041145,12,22,5,1,0,2.0,66,92,18,45,12,3.0,19.0,5,2,3,4.0,1909,7,2.0,7,1.0,0.0,120,950,4.0
201400016490,6,16,5,2,0,4.0,68155,77,0,5,35,7.0,3.0,5,1,2,9.0,1986,7,2.0,14,4.0,1.0,10,29,0.0
201700028728,2,18,5,1,4,4.0,758,36,14,53,80,6.0,23.0,1,1,1,2.0,2006,4,2.0,36,2.0,0.0,68,138,8.0
200500053056,2,9,5,1,5,1.0,157,450,19,43,13,6.0,17.0,0,1,1,2.0,1944,7,2.0,30,0.0,4.0,247,257,4.0
200700039145,4,2,5,1,4,4.0,160,24,18,0,14,2.0,18.0,5,1,2,1.0,1908,2,2.0,2,4.0,0.0,69,20,8.0
201200046583,2,1,5,2,6,3.0,69175,88,19,17,60,8.0,3.0,9,3,3,3.0,2017,1,2.0,11,1.0,2.0,248,810,1.0
201600030297,9,12,2,2,8,7.0,402,840,23,21,99,6.0,12.0,4,1,2,3.0,1934,9,2.0,-1,4.0,3.0,364,415,3.0
200600064546,1,31,5,1,0,7.0,450,4,15,45,6,3.0,8.0,4,3,1,9.0,1998,4,2.0,36,0.0,3.0,709,313,3.0
200800047137,7,25,5,1,5,2.0,35,17,14,38,5,3.0,18.0,2,3,2,2.0,1921,2,3.0,4,0.0,2.0,34,860,3.0
200600027538,2,27,5,1,9,6.0,846,6,10,20,99,6.0,4.0,8,3,1,0.0,2003,5,2.0,11,4.0,0.0,203,12,3.0
201900058364,3,22,2,2,3,7.0,75,201,23,22,99,2.0,7.0,0,2,1,4.0,1958,6,2.0,6,0.0,2.0,45,640,1.0
201600046251,10,2,4,2,9,1.0,765,350,23,25,37,3.0,18.0,10,2,2,2.0,1919,2,2.0,-1,3.0,3.0,70,91,5.0
201200005305,11,12,5,1,3,2.0,45284,60,11,8,3,6.0,8.0,10,3,1,1.0,2010,3,2.0,13,2.0,3.0,94,781,1.0
200600045768,10,5,2,1,8,2.0,34321,61,23,25,35,3.0,22.0,6,3,3,1.0,1958,3,2.0,50,2.0,1.0,77,169,3.0
201100031581,12,11,5,1,1,1.0,247,560,10,25,34,8.0,13.0,2,1,2,9.0,1950,7,3.0,12,1.0,2.0,164,270,8.0
201900006788,6,22,5,1,7,3.0,812,570,16,25,80,6.0,5.0,6,2,1,9.0,1995,6,2.0,12,1.0,1.0,5,480,5.0
201300050851,7,25,5,2,2,5.0,54235,420,20,21,50,6.0,17.0,4,3,1,5.0,1936,3,0.0,13,4.0,1.0,63,37,4.0
201200055730,3,21,5,1,5,4.0,85288,600,0,41,17,6.0,6.0,2,1,2,4.0,2004,2,2.0,3,2.0,0.0,30,193,4.0
201100038953,5,10,5,2,3,3.0,30151,62,13,36,38,4.0,6.0,5,1,2,0.0,1927,6,2.0,11,1.0,1.0,142,630,6.0
201600043668,7,19,5,1,3,5.0,316,49,18,34,15,5.0,20.0,1,1,1,9.0,1928,9,2.0,30,3.0,1.0,94,780,8.0
201500023934,3,1,1,2,4,3.0,204,17,17,24,3,1.0,19.0,0,1,2,5.0,1931,5,2.0,-1,4.0,2.0,83,41,8.0
201700039981,8,21,5,1,1,5.0,306,860,14,20,16,7.0,20.0,10,3,2,4.0,1910,2,2.0,1,1.0,1.0,76,830,0.0
201500053705,4,2,1,1,0,6.0,410,76,18,10,37,9.0,16.0,8,1,1,5.0,1983,6,2.0,16,0.0,3.0,0,242,5.0
200500017717,9,27,5,1,8,6.0,439,660,14,43,42,4.0,5.0,1,3,1,0.0,1937,9,2.0,1,4.0,4.0,31,203,2.0
201800003209,9,3,5,1,1,3.0,360,590,15,24,16,8.0,24.0,6,2,1,4.0,1944,4,2.0,8,2.0,4.0,406,415,6.0
200500037456,5,27,5,1,9,7.0,454,250,13,22,13,5.0,20.0,4,1,2,2.0,2001,5,4.0,0,0.0,0.0,212,39,3.0
201000046704,2,27,5,1,3,5.0,45068,830,16,34,18,4.0,0.0,0,3,3,3.0,1968,6,2.0,-1,3.0,0.0,147,264,2.0
200700000248,10,19,5,1,9,7.0,566,470,0,22,50,4.0,8.0,5,3,1,9.0,1998,3,0.0,14,4.0,1.0,86,249,2.0
201000065663,11,8,5,2,7,1.0,45067,310,22,41,12,3.0,14.0,4,2,2,9.0,1945,6,2.0,13,2.0,2.0,79,264,4.0
201800014903,6,16,5,1,4,6.0,134,971,0,22,19,4.0,14.0,9,1,1,5.0,1910,6,2.0,26,3.0,1.0,251,610,6.0
200600039709,6,29,5,1,8,3.0,655,52,16,43,2,1.0,8.0,9,2,1,0.0,1924,5,2.0,14,4.0,4.0,82,700,1.0
201200006656,12,14,5,1,0,2.0,658,75,16,21,8,1.0,17.0,2,1,1,4.0,1927,3,3.0,50,0.0,1.0,182,215,5.0
201400058444,6,22,5,2,2,7.0,765,870,10,17,4,6.0,0.0,2,3,3,1.0,1967,4,2.0,20,0.0,2.0,95,12,5.0
201800055782,6,30,5,2,8,4.0,404,36,17,15,20,3.0,23.0,8,1,1,5.0,1913,5,2.0,8,3.0,0.0,66,610,2.0
201500048647,1,31,4,2,8,1.0,469,18,23,17,1,5.0,5.0,9,2,2,3.0,1928,7,2.0,2,1.0,3.0,78,31,2.0
201300051085,7,12,5,2,1,4.0,315,84,17,36,30,8.0,6.0,3,1,1,4.0,2019,5,1.0,9,3.0,0.0,52,65,5.0
200600069330,10,31,5,2,2,5.0,599,46,11,34,7,3.0,7.0,1,1,2,9.0,1999,1,2.0,12,3.0,1.0,212,910,3.0
200900016162,9,2,5,1,8,3.0,41173,770,0,43,2,8.0,4.0,2,3,2,0.0,1956,2,2.0,7,0.0,0.0,114,258,6.0
201300012393,1,13,5,2,9,1.0,732,12,0,53,40,5.0,1.0,2,1,3,3.0,1953,1,0.0,30,1.0,3.0,49,199,8.0
201000005904,6,4,2,1,6,3.0,732,900,10,45,31,1.0,15.0,6,3,1,0.0,1986,3,2.0,4,1.0,3.0,165,248,8.0
200500016596,8,21,5,2,3,3.0,14,570,21,17,39,5.0,26.0,9,3,1,1.0,1969,6,2.0,-1,2.0,0.0,190,455,5.0
200800039853,9,14,5,1,8,1.0,907,81,14,11,30,1.0,26.0,4,3,1,0.0,1994,6,2.0,2,3.0,3.0,69,420,2.0
200500055420,2,6,5,1,8,6.0,868,820,12,43,0,6.0,4.0,7,2,2,5.0,2010,6,2.0,7,3.0,0.0,88,66,8.0
201700011741,12,20,5,1,5,5.0,77,470,15,25,3,2.0,20.0,5,1,2,3.0,1925,4,0.0,26,2.0,1.0,107,116,1.0
201300010554,6,16,4,1,3,3.0,57,740,12,38,33,5.0,18.0,10,2,3,1.0,2001,1,3.0,20,0.0,2.0,107,105,1.0
200700018035,1,20,5,1,2,1.0,20,580,0,53,19,2.0,21.0,4,3,1,0.0,1938,3,2.0,6,0.0,4.0,190,2,2.0
201100007045,3,31,5,2,7,7.0,390,24,13,35,6,0.0,23.0,1,3,1,0.0,1914,6,2.0,0,3.0,0.0,33,74,6.0
200900014279,8,23,5,2,6,3.0,9107,67,0,50,40,9.0,25.0,10,3,1,1.0,1910,1,2.0,8,3.0,2.0,59,170,3.0
200500080743,3,5,2,2,9,7.0,72246,890,14,25,34,2.0,24.0,5,3,3,4.0,1976,9,1.0,9,2.0,2.0,62,171,3.0
201600035357,8,2,5,1,2,4.0,41173,770,17,5,99,2.0,14.0,2,2,2,0.0,1915,7,0.0,7,4.0,0.0,65,248,0.0
200900073426,12,27,5,1,9,5.0,663,3,23,21,7,9.0,0.0,7,3,2,1.0,1920,5,1.0,7,0.0,4.0,119,10,6.0
200500042194,2,12,3,1,3,3.0,83012,820,14,35,20,6.0,17.0,8,2,3,3.0,1921,9,2.0,26,1.0,3.0,198,235,5.0
201000066791,6,2,2,2,8,4.0,577,460,18,30,31,6.0,5.0,3,3,2,0.0,1930,2,1.0,-1,0.0,4.0,170,409,2.0
201300003785,11,3,5,1,9,4.0,355,75,23,36,19,9.0,26.0,9,2,1,0.0,2005,9,2.0,4,0.0,0.0,89,780,1.0
201100031716,5,5,5,2,4,7.0,30341,42,12,59,1,0.0,13.0,2,3,3,0.0,1998,4,2.0,4,1.0,0.0,36,590,3.0
201400022354,12,22,1,1,2,6.0,907,820,12,22,80,2.0,7.0,1,1,3,9.0,1908,4,1.0,-1,1.0,4.0,190,27,3.0
200800014942,10,8,5,2,1,7.0,56260,280,14,40,15,2.0,4.0,7,1,3,1.0,1918,6,4.0,10,4.0,0.0,590,815,8.0
201300041083,11,30,5,1,4,6.0,904,49,20,40,34,2.0,24.0,10,1,2,2.0,1974,5,2.0,5,0.0,2.0,97,93,4.0
200800010581,2,14,5,2,1,5.0,696,30,18,36,37,5.0,13.0,5,3,1,1.0,1983,7,2.0,11,1.0,3.0,197,98,4.0
200700038248,4,19,5,1,8,6.0,31587,240,12,5,99,5.0,19.0,3,1,3,0.0,1998,6,2.0,9,0.0,2.0,121,340,2.0
201000046840,7,14,1,2,9,5.0,690,590,11,36,32,9.0,15.0,1,1,3,2.0,1918,2,0.0,12,4.0,4.0,42,207,8.0
201200006576,10,6,5,1,5,1.0,44180,500,22,11,21,1.0,13.0,6,1,3,3.0,1973,1,2.0,50,3.0,3.0,127,800,0.0
201400014522,8,14,5,1,4,4.0,63,21,16,55,80,6.0,17.0,5,2,1,1.0,1980,4,0.0,26,4.0,3.0,63,207,1.0
201200009688,11,20,5,1,9,5.0,60090,70,19,8,20,7.0,17.0,0,2,2,4.0,1977,3,2.0,9,1.0,2.0,21,66,0.0
201300031609,10,9,5,1,6,5.0,56179,330,10,59,42,9.0,25.0,7,1,1,4.0,1993,3,4.0,20,3.0,1.0,210,240,6.0
201000064080,9,7,5,2,9,1.0,56121,61,22,24,17,5.0,5.0,7,3,3,5.0,1959,6,2.0,26,3.0,0.0,113,44,4.0
201700004898,9,27,1,1,7,1.0,74,490,23,53,2,1.0,9.0,7,2,2,1.0,1938,7,2.0,5,3.0,1.0,504,64,5.0
200600006202,10,11,5,1,2,4.0,762,840,23,21,11,1.0,2.0,1,3,1,4.0,1929,5,2.0,-1,1.0,0.0,150,272,8.0
201700056879,10,28,5,2,4,7.0,56121,830,19,20,17,9.0,9.0,10,1,3,2.0,1951,7,2.0,14,1.0,3.0,96,365,5.0
201500027709,7,13,3,2,8,1.0,243,320,17,53,42,2.0,26.0,5,3,1,1.0,1941,6,3.0,8,1.0,1.0,215,305,3.0
201800026821,7,8,4,2,6,6.0,95028,350,0,41,9,1.0,4.0,4,2,2,1.0,1923,5,2.0,30,2.0,2.0,63,325,3.0
200800074397,7,8,4,2,7,2.0,162,64,18,11,43,6.0,6.0,1,2,3,2.0,1933,4,2.0,9,2.0,2.0,150,134,4.0
201000065298,6,10,1,1,3,6.0,37045,280,0,11,17,5.0,13.0,2,3,2,3.0,2002,3,2.0,6,2.0,3.0,22,102,4.0
200600037351,3,30,5,2,8,5.0,3118,88,20,5,4,2.0,25.0,6,3,2,4.0,1921,6,4.0,11,3.0,3.0,57,31,4.0
200900000772,6,2,5,1,0,5.0,619,51,10,25,32,0.0,9.0,2,3,1,9.0,1942,1,2.0,16,4.0,1.0,1,62,1.0
200800025869,11,19,5,2,2,6.0,28,550,16,43,50,1.0,0.0,2,1,2,0.0,1980,1,2.0,7,2.0,4.0,2,109,1.0
201600006211,7,11,4,1,5,4.0,93039,45,19,57,31,2.0,4.0,0,3,3,4.0,1988,2,2.0,10,3.0,4.0,143,7,5.0
201800007457,8,28,5,2,9,7.0,443,49,16,17,43,1.0,24.0,2,1,3,0.0,1963,6,2.0,13,0.0,4.0,215,657,8.0
201400030409,9,12,5,1,3,3.0,45300,1,23,59,40,0.0,21.0,0,1,2,0.0,2012,7,2.0,3,4.0,1.0,12,830,1.0
201000003981,10,17,5,1,2,7.0,74256,440,21,24,34,4.0,21.0,4,3,1,5.0,0,5,0.0,36,3.0,3.0,62,410,1.0
201900055791,12,21,5,1,3,6.0,91589,82,10,10,30,0.0,0.0,5,1,2,2.0,2011,9,2.0,14,0.0,1.0,56,159,2.0
200500018999,6,25,5,1,0,7.0,30011,510,16,53,3,5.0,12.0,4,3,3,3.0,1968,6,3.0,11,0.0,1.0,73,245,4.0
201100001411,4,6,5,1,5,7.0,49055,86,15,41,39,0.0,22.0,6,1,3,1.0,1927,6,2.0,7,1.0,4.0,390,65,5.0
201600037055,9,11,5,2,0,4.0,94076,270,13,24,40,8.0,2.0,2,1,3,5.0,1974,6,4.0,7,0.0,4.0,44,90,5.0
201500011469,3,20,5,2,2,7.0,62,19,18,40,31,5.0,15.0,2,3,1,5.0,1941,1,0.0,12,2.0,0.0,121,34,1.0
201800024300,9,27,5,1,6,2.0,748,83,17,24,31,4.0,0.0,0,1,1,9.0,1981,5,2.0,5,2.0,2.0,85,950,3.0
200900032196,9,16,1,1,2,6.0,64445,350,13,24,11,8.0,10.0,4,1,2,4.0,1970,4,0.0,4,2.0,2.0,31,2,6.0
201700051602,7,21,5,1,6,2.0,582,620,15,41,7,1.0,21.0,4,3,2,9.0,1996,4,2.0,6,1.0,0.0,17,75,6.0
200800014627,8,18,2,2,0,4.0,49328,830,21,22,99,6.0,0.0,8,1,1,0.0,1954,9,4.0,12,4.0,0.0,197,925,8.0
200500066031,11,6,4,1,2,3.0,49099,450,18,43,5,0.0,4.0,4,1,1,2.0,2006,2,1.0,8,2.0,4.0,300,122,4.0
201400048374,7,13,5,1,7,6.0,31587,90,12,10,7,6.0,17.0,6,3,3,3.0,1997,3,2.0,7,2.0,1.0,247,206,0.0
200600052419,2,16,4,2,7,5.0,145,310,18,50,99,8.0,18.0,3,1,2,4.0,2000,7,2.0,8,2.0,0.0,160,360,1.0
201000051510,7,26,5,2,7,3.0,483,270,0,33,30,3.0,20.0,4,3,2,4.0,1990,7,2.0,14,4.0,4.0,500,740,3.0
200700064033,5,25,5,2,6,4.0,603,330,12,30,43,4.0,10.0,9,1,2,2.0,1978,6,0.0,16,3.0,3.0,190,282,4.0
201300049361,9,17,5,1,3,6.0,63,79,13,55,18,7.0,11.0,5,3,2,5.0,1966,6,2.0,20,3.0,4.0,21,68,6.0
200500040584,10,6,5,2,2,3.0,46,630,18,35,42,2.0,5.0,9,1,1,1.0,1950,6,2.0,16,3.0,2.0,119,91,2.0
201600002395,2,10,5,2,5,1.0,69282,810,15,17,2,8.0,11.0,6,1,3,0.0,1934,7,0.0,14,4.0,2.0,134,72,4.0
201400057706,2,27,5,2,5,3.0,77058,500,17,35,80,2.0,5.0,9,2,1,1.0,1991,2,2.0,6,0.0,3.0,54,430,3.0
201200020916,11,23,5,1,3,2.0,91691,900,22,36,50,0.0,12.0,4,1,2,3.0,1978,5,2.0,5,3.0,2.0,127,62,6.0
200500012754,4,28,4,2,3,3.0,95127,140,18,15,99,3.0,16.0,7,1,2,9.0,1908,2,2.0,12,1.0,4.0,513,150,1.0
201200037592,8,10,5,2,5,4.0,586,65,20,45,11,1.0,16.0,9,1,3,9.0,1951,5,2.0,12,3.0,2.0,11,190,8.0
201800010350,7,30,5,2,6,2.0,77468,370,23,59,9,6.0,2.0,4,1,2,9.0,2000,1,2.0,20,2.0,1.0,709,480,5.0
200700008838,6,20,1,1,0,4.0,756,64,12,5,42,2.0,26.0,0,2,2,4.0,2015,6,3.0,6,0.0,2.0,1,450,8.0
201100000582,11,17,5,1,7,7.0,121,70,19,33,14,2.0,21.0,9,3,3,9.0,2008,6,2.0,16,2.0,2.0,275,202,6.0
200600008627,5,9,5,2,8,2.0,45234,46,18,10,12,1.0,18.0,0,2,3,4.0,1973,3,2.0,0,1.0,4.0,207,375,4.0
201800028708,8,15,2,2,8,1.0,72246,890,21,59,12,8.0,12.0,1,3,2,0.0,1961,3,2.0,1,0.0,2.0,513,188,4.0
201500020485,3,21,5,1,6,3.0,471,490,21,33,15,3.0,9.0,6,2,1,5.0,2010,6,2.0,14,0.0,2.0,27,107,3.0
200700034932,4,29,5,1,1,4.0,85191,710,16,57,31,2.0,2.0,6,2,2,5.0,1997,9,2.0,-1,4.0,0.0,900,4,0.0
201800007048,3,5,5,1,3,1.0,68333,390,18,15,30,7.0,0.0,7,2,2,5.0,1963,2,2.0,40,3.0,2.0,94,247,5.0
200700037793,12,10,5,1,7,1.0,91201,30,12,5,99,2.0,15.0,0,1,3,3.0,1932,2,0.0,7,2.0,1.0,500,36,2.0
200600065353,11,26,2,2,6,1.0,30151,720,16,41,18,5.0,11.0,2,3,2,9.0,1988,3,2.0,14,1.0,2.0,59,167,6.0
201200029260,8,12,2,1,4,4.0,712,550,17,34,9,1.0,14.0,3,2,1,1.0,1984,9,0.0,13,2.0,1.0,164,181,6.0
201500024613,10,17,5,1,5,2.0,30011,45,13,53,37,5.0,7.0,6,2,2,9.0,1934,3,2.0,30,3.0,2.0,17,415,4.0
201000033112,10,1,5,2,8,3.0,21,83,12,5,14,2.0,19.0,2,1,1,9.0,1937,2,2.0,30,2.0,2.0,13,113,0.0
201400039872,6,31,5,2,9,1.0,534,93,18,22,9,7.0,19.0,6,3,1,2.0,2009,7,2.0,16,2.0,4.0,94,770,8.0
201700039452,4,5,5,1,2,3.0,737,760,11,25,17,1.0,7.0,9,1,3,4.0,1905,1,2.0,11,1.0,4.0,11,251,4.0
201700033914,5,26,4,1,7,5.0,41,330,20,24,8,4.0,15.0,10,3,1,4.0,1974,9,2.0,10,4.0,2.0,114,895,5.0
200800036260,8,17,5,1,8,5.0,57,640,12,17,50,7.0,2.0,3,1,3,2.0,1962,1,3.0,1,1.0,4.0,300,172,4.0
201500028693,11,17,5,2,5,5.0,42189,31,23,17,8,7.0,19.0,7,3,1,2.0,0,9,2.0,10,3.0,1.0,35,75,6.0
200600048931,7,5,5,2,0,1.0,555,700,15,11,33,5.0,1.0,7,3,2,5.0,2002,1,2.0,36,3.0,3.0,57,186,8.0
200600011964,5,16,5,1,6,1.0,79216,973,11,11,30,7.0,21.0,2,2,2,4.0,2000,6,2.0,10,2.0,3.0,80,815,6.0
201000011227,12,16,5,2,2,3.0,194,390,10,24,21,2.0,21.0,3,2,1,9.0,1920,9,2.0,10,4.0,0.0,58,92,3.0
200700047357,8,13,5,1,6,6.0,52093,850,11,55,3,0.0,1.0,2,2,2,1.0,1952,1,2.0,26,0.0,2.0,51,102,6.0
201000026745,3,4,5,2,8,1.0,91457,120,23,33,42,0.0,9.0,5,1,1,0.0,1918,9,2.0,3,3.0,2.0,330,38,8.0
201400032668,4,4,2,2,3,1.0,222,310,23,22,35,9.0,12.0,0,3,3,4.0,2005,2,1.0,20,1.0,1.0,125,197,4.0
201100044539,3,27,3,1,2,7.0,75113,45,11,17,10,7.0,7.0,4,3,3,0.0,2004,3,2.0,50,1.0,0.0,22,75,6.0
201100032761,8,21,5,2,4,6.0,526,390,13,21,5,6.0,11.0,7,3,2,2.0,1995,4,2.0,9,0.0,0.0,53,657,0.0
201000063046,4,30,5,1,0,4.0,72268,400,17,36,80,7.0,10.0,6,2,3,4.0,1920,5,2.0,9,1.0,1.0,98,3,2.0
201300016800,3,25,2,2,4,2.0,47001,81,10,17,15,5.0,1.0,0,2,1,9.0,1937,9,3.0,4,4.0,3.0,190,100,0.0
201500057136,1,25,5,2,7,7.0,13055,340,17,15,12,3.0,15.0,4,2,3,4.0,1998,7,2.0,36,3.0,2.0,52,26,4.0
201800000045,4,10,5,1,0,2.0,552,46,23,10,35,4.0,2.0,3,3,1,0.0,2015,4,2.0,10,0.0,3.0,9,580,8.0
201600030169,4,8,5,1,6,5.0,33281,320,23,41,10,0.0,1.0,9,2,1,4.0,1937,9,2.0,9,4.0,2.0,105,620,1.0
201100054502,8,25,5,2,5,6.0,6128,5,19,43,14,1.0,6.0,3,3,3,2.0,1993,7,2.0,7,3.0,3.0,18,500,2.0
201700021875,11,9,5,1,1,3.0,95582,987,11,20,16,9.0,13.0,4,2,2,9.0,2001,2,1.0,14,3.0,0.0,70,112,0.0
201500020004,3,1,1,1,0,7.0,167,60,13,17,38,7.0,14.0,8,3,1,5.0,1944,2,2.0,36,1.0,4.0,275,350,4.0
201800037634,9,14,5,2,0,4.0,775,450,18,25,20,1.0,8.0,6,1,1,4.0,2002,3,4.0,8,0.0,2.0,47,154,4.0
201600000151,10,12,1,2,2,5.0,811,73,15,8,19,4.0,13.0,7,1,1,5.0,1928,1,4.0,6,0.0,3.0,240,28,8.0
201200026575,4,5,5,1,6,4.0,51428,660,23,45,8,3.0,17.0,2,1,1,4.0,1910,6,2.0,30,0.0,1.0,45,143,1.0
200500017382,6,27,5,2,7,4.0,83048,950,19,24,16,9.0,23.0,9,2,3,9.0,1953,4,3.0,7,3.0,1.0,35,670,2.0
200700028571,10,10,5,2,6,6.0,49109,92,14,22,3,3.0,8.0,10,3,3,1.0,1936,2,2.0,50,4.0,4.0,36,325,8.0
201400014971,9,10,5,2,1,7.0,62393,9,0,17,14,7.0,24.0,9,2,3,3.0,1924,9,2.0,-1,4.0,2.0,88,158,2.0
201700051795,5,29,5,1,1,7.0,570,400,0,22,15,4.0,23.0,1,3,3,3.0,2019,5,2.0,14,1.0,1.0,450,183,2.0
201100008014,1,16,5,1,4,1.0,95450,33,23,30,15,6.0,5.0,9,3,1,9.0,1949,7,2.0,2,3.0,2.0,143,10,0.0
201400022279,3,8,3,2,7,1.0,500,73,0,38,18,1.0,6.0,5,2,2,3.0,1900,5,2.0,14,3.0,1.0,120,251,1.0
201700056889,1,31,5,2,9,7.0,241,730,12,55,80,1.0,4.0,10,3,1,1.0,1910,1,2.0,40,4.0,3.0,78,57,5.0
201500044645,2,4,5,1,9,6.0,758,160,10,30,12,2.0,7.0,8,1,3,5.0,1957,4,2.0,16,3.0,2.0,205,53,5.0
201800016551,6,14,5,2,2,4.0,820,33,19,36,11,2.0,10.0,0,2,1,3.0,1916,3,2.0,9,2.0,0.0,74,590,2.0
201400032119,10,6,5,1,4,1.0,36005,76,13,35,30,0.0,2.0,10,3,1,9.0,2003,6,2.0,16,3.0,0.0,45,314,8.0
200700072552,2,19,5,1,6,2.0,42145,11,16,22,7,2.0,18.0,2,1,3,3.0,1920,9,4.0,10,2.0,4.0,78,171,2.0
201300031293,7,23,1,2,4,6.0,38468,30,22,15,2,7.0,4.0,7,2,2,9.0,1948,4,2.0,5,4.0,3.0,223,190,5.0
201800012852,11,23,4,1,2,4.0,762,14,19,21,50,6.0,19.0,8,3,2,4.0,1981,5,2.0,20,3.0,4.0,153,540,2.0
200800005109,8,6,1,2,3,4.0,31396,800,17,36,42,5.0,4.0,0,2,1,4.0,2010,3,2.0,-1,0.0,4.0,134,355,6.0
201500037845,11,1,1,2,0,6.0,77249,94,15,15,20,5.0,18.0,7,2,2,5.0,1985,4,2.0,14,2.0,1.0,21,62,0.0
200900004662,4,8,5,1,2,6.0,226,59,10,38,10,7.0,24.0,4,3,3,3.0,1922,5,0.0,40,2.0,0.0,94,95,6.0
201300025094,2,17,5,1,3,1.0,69202,85,18,8,34,9.0,10.0,0,3,3,9.0,2002,5,2.0,9,1.0,1.0,106,24,3.0
201000002640,8,17,5,1,0,3.0,650,42,22,0,4,2.0,4.0,2,3,1,3.0,2000,6,1.0,9,0.0,2.0,205,22,0.0
201200026923,2,22,5,1,8,1.0,398,32,16,11,3,7.0,2.0,0,3,1,2.0,1983,3,0.0,14,0.0,2.0,95,375,0.0
200900014759,1,4,2,2,7,5.0,62548,60,15,41,42,3.0,10.0,7,3,1,5.0,2009,1,2.0,26,2.0,3.0,127,570,4.0
200700055718,4,20,4,1,4,7.0,829,38,18,43,37,2.0,0.0,7,2,1,1.0,1929,1,2.0,40,2.0,2.0,56,249,2.0
200600002879,2,6,5,1,5,6.0,34199,620,11,50,3,0.0,9.0,4,1,1,2.0,2013,2,2.0,26,1.0,4.0,104,810,5.0
201300028500,3,30,5,2,0,6.0,767,81,16,15,39,4.0,18.0,9,3,2,5.0,1915,5,2.0,3,4.0,4.0,136,860,8.0
201800056494,8,31,5,1,9,4.0,91534,82,14,57,5,3.0,6.0,1,3,1,2.0,1938,6,0.0,9,1.0,3.0,97,139,1.0
200900023424,2,12,5,1,4,2.0,6128,39,22,45,38,6.0,11.0,2,2,1,4.0,1991,7,2.0,40,3.0,4.0,113,650,3.0
201100017366,5,26,3,1,4,3.0,712,38,10,55,2,8.0,3.0,10,1,2,2.0,1925,5,2.0,36,3.0,2.0,90,69,5.0
201500057425,1,19,5,1,5,4.0,430,820,18,21,0,0.0,1.0,9,3,3,3.0,1950,3,3.0,6,1.0,0.0,45,39,6.0
201300003292,1,9,3,2,4,3.0,93031,43,20,40,0,4.0,25.0,6,2,3,5.0,1916,9,3.0,6,3.0,2.0,7,24,5.0
201300024082,8,25,4,1,2,1.0,94043,10,20,5,6,1.0,12.0,3,3,1,4.0,1999,7,2.0,4,3.0,3.0,38,161,0.0
201400053151,4,3,4,1,5,3.0,472,48,10,35,38,0.0,12.0,0,1,3,1.0,1911,5,2.0,13,3.0,1.0,275,204,8.0
201000022923,12,3,5,1,7,3.0,810,210,10,11,8,4.0,2.0,10,2,3,5.0,2009,3,2.0,8,4.0,4.0,68,28,6.0
200700071544,7,6,3,2,0,5.0,229,460,17,20,15,4.0,6.0,9,1,1,1.0,1942,1,2.0,40,2.0,0.0,87,282,5.0
201200035341,9,1,4,1,6,7.0,45191,900,12,57,12,8.0,22.0,0,2,3,9.0,1977,4,4.0,16,0.0,0.0,194,50,6.0
201800019086,9,20,3,2,8,6.0,903,300,16,15,80,1.0,21.0,1,1,3,0.0,2006,2,1.0,40,4.0,1.0,50,113,4.0
200800065883,7,3,5,1,9,7.0,37233,840,20,24,31,0.0,22.0,2,1,3,9.0,1981,4,2.0,16,2.0,2.0,600,41,4.0
201300050559,4,24,5,2,7,2.0,17028,420,15,57,21,9.0,13.0,3,3,1,5.0,2001,4,2.0,8,3.0,4.0,24,313,8.0
201400030920,9,25,5,2,7,7.0,68338,71,13,20,12,1.0,22.0,5,3,3,5.0,1980,3,0.0,12,0.0,1.0,72,230,6.0
201300020017,8,23,5,1,4,3.0,896,987,17,20,0,3.0,14.0,5,2,2,1.0,1969,2,2.0,40,1.0,0.0,340,121,1.0