num_acc,mois,jour,lum,agg,int,col,com,dep,hr,mn,catv,choc,manv,place,catu,grav,trajet,an_nais,catr,circ,nbv,prof,plan,lartpc,larrout,situ
200900048052,4,23,2,1,2,6.0,236,360,10,8,60,6.0,0.0,10,1,1,4.0,1995,7,2.0,3,1.0,2.0,0,530,3.0
200700012900,8,16,2,1,5,1.0,45300,49,11,34,37,7.0,23.0,1,3,2,0.0,2004,2,2.0,0,2.0,2.0,45,191,5.0
201700049833,5,28,5,1,0,5.0,67212,65,21,36,50,5.0,19.0,9,1,2,0.0,1943,4,2.0,0,2.0,2.0,500,75,3.0
201400028216,3,10,5,1,3,2.0,210,973,10,35,21,8.0,3.0,3,1,3,3.0,1979,1,2.0,13,3.0,0.0,45,42,0.0
200600055976,2,26,5,1,3,1.0,49246,830,10,10,7,5.0,3.0,0,1,2,5.0,1930,7,2.0,0,1.0,3.0,164,100,5.0
201400025833,7,15,5,2,5,5.0,37054,94,17,43,20,9.0,26.0,0,1,3,2.0,1959,6,4.0,0,2.0,4.0,40,314,2.0
201200033401,9,24,1,1,0,6.0,333,8,10,25,5,8.0,24.0,6,1,2,9.0,1975,9,0.0,0,1.0,0.0,240,122,3.0
201400049094,5,7,5,2,0,4.0,611,59,16,53,80,5.0,9.0,10,1,2,9.0,1985,4,2.0,7,2.0,1.0,137,165,2.0
200500033691,7,15,5,2,3,5.0,73151,6,15,8,14,6.0,23.0,6,3,3,4.0,1920,4,0.0,12,2.0,4.0,27,115,6.0
200600057133,9,18,5,1,0,4.0,301,77,22,43,35,3.0,16.0,9,1,2,5.0,1987,7,2.0,36,0.0,0.0,77,100,6.0
201000019118,12,29,5,2,3,6.0,31069,520,14,17,99,8.0,17.0,7,3,2,5.0,1979,7,2.0,30,4.0,1.0,194,245,0.0
200600044597,10,25,4,2,5,4.0,242,400,21,53,19,5.0,20.0,2,2,3,4.0,2005,2,3.0,-1,3.0,2.0,130,176,4.0
201800042200,1,13,5,2,9,5.0,606,43,10,33,15,2.0,10.0,9,1,3,9.0,1964,4,2.0,-1,1.0,2.0,125,41,2.0
201700007432,11,31,5,2,5,6.0,344,38,17,40,39,3.0,26.0,2,1,3,1.0,2009,7,0.0,36,0.0,1.0,124,225,3.0
200600055131,6,10,5,1,9,7.0,38185,86,21,10,36,6.0,17.0,4,2,2,1.0,1960,3,4.0,11,4.0,1.0,87,191,1.0
200500010175,8,3,5,1,7,6.0,44128,950,12,57,14,8.0,22.0,5,1,3,3.0,1908,3,2.0,30,0.0,1.0,69,290,4.0
200600018435,5,4,5,2,9,2.0,410,61,0,0,20,5.0,5.0,2,3,1,4.0,1940,2,3.0,2,2.0,4.0,71,940,6.0
200500065411,3,28,1,1,5,1.0,77385,201,20,55,18,0.0,4.0,1,3,2,3.0,2011,4,2.0,4,1.0,0.0,4,173,5.0
201100024743,4,7,5,1,9,4.0,83104,11,23,0,2,7.0,3.0,0,2,2,0.0,1926,9,2.0,0,3.0,3.0,80,313,6.0
201100059506,6,6,5,2,6,3.0,26226,810,16,57,35,6.0,17.0,3,1,2,0.0,1989,4,2.0,16,0.0,2.0,17,111,2.0
201200035864,6,23,5,2,0,4.0,45145,19,14,8,19,2.0,16.0,5,3,3,9.0,1986,3,0.0,7,0.0,3.0,63,800,1.0
201300026585,12,21,2,1,5,3.0,642,520,10,22,21,9.0,1.0,1,3,1,0.0,1959,7,1.0,9,3.0,3.0,225,64,8.0
201600005713,11,28,5,2,3,1.0,325,550,22,24,1,4.0,24.0,3,1,1,1.0,1989,2,3.0,2,3.0,4.0,107,13,4.0
200500033466,3,12,3,1,3,1.0,94034,90,11,57,17,5.0,16.0,3,2,1,5.0,1993,7,2.0,40,2.0,4.0,275,194,6.0
200800018336,10,8,3,1,4,3.0,3190,30,16,43,7,6.0,20.0,6,2,1,3.0,1996,7,2.0,26,4.0,2.0,800,72,2.0
201200011551,2,19,5,1,4,4.0,45284,500,11,20,3,1.0,15.0,5,2,3,4.0,1945,5,3.0,40,0.0,4.0,104,210,2.0
200900060559,7,16,5,1,5,5.0,68195,940,21,36,42,9.0,17.0,6,2,1,4.0,1942,2,2.0,6,2.0,3.0,63,30,3.0
201300018329,4,14,5,1,1,6.0,93072,38,22,57,39,9.0,21.0,5,2,1,9.0,1940,3,2.0,11,2.0,3.0,2,97,8.0
201500044094,11,6,3,2,6,6.0,672,86,11,50,16,3.0,11.0,6,1,1,2.0,1997,4,2.0,30,2.0,4.0,108,34,6.0
201400049889,2,16,5,2,8,1.0,73024,38,19,33,7,0.0,14.0,9,1,3,2.0,2008,1,2.0,4,1.0,3.0,279,275,6.0
200700075406,7,16,1,2,9,5.0,10076,70,14,38,2,8.0,18.0,9,1,2,1.0,2013,9,2.0,6,3.0,1.0,98,287,4.0
200600042898,6,14,3,2,0,3.0,26226,260,10,55,3,9.0,12.0,8,2,1,9.0,1992,4,2.0,10,2.0,1.0,135,730,3.0
201700023080,1,3,2,2,5,6.0,45284,13,17,38,2,6.0,10.0,8,2,2,1.0,2017,1,1.0,13,3.0,4.0,210,605,8.0
200900030035,12,24,5,2,1,1.0,358,830,11,40,5,1.0,26.0,10,1,1,4.0,1998,2,2.0,12,0.0,2.0,960,690,6.0
200500036250,3,17,2,2,4,6.0,30341,110,10,57,2,9.0,8.0,2,2,3,9.0,1917,3,2.0,14,1.0,4.0,119,161,5.0
200700018665,6,28,5,1,4,3.0,467,860,13,21,8,1.0,15.0,4,2,1,0.0,1980,4,3.0,6,1.0,3.0,406,144,0.0
201500001831,3,18,5,2,4,4.0,59623,310,17,35,13,8.0,22.0,9,3,3,5.0,1962,3,3.0,9,2.0,2.0,120,675,5.0
201300015637,11,15,5,1,4,3.0,8078,988,22,11,12,5.0,13.0,3,3,3,5.0,1913,2,2.0,12,3.0,2.0,210,258,1.0
201000010640,2,4,5,1,7,3.0,98802,330,19,50,20,5.0,14.0,3,1,2,0.0,1921,6,2.0,6,4.0,3.0,203,222,2.0
200600051926,9,28,2,1,7,1.0,329,5,18,24,9,5.0,15.0,4,3,1,5.0,1962,6,2.0,9,2.0,2.0,275,102,0.0
200600018539,10,24,3,2,4,5.0,493,380,21,36,6,2.0,20.0,8,1,1,4.0,1998,9,2.0,13,4.0,0.0,82,3,4.0
201600012853,5,27,4,1,1,7.0,97209,410,11,10,11,6.0,21.0,7,1,1,4.0,2008,4,3.0,7,4.0,3.0,29,360,5.0
200600008418,6,1,1,2,0,6.0,39,330,23,59,3,4.0,20.0,3,1,3,2.0,2005,3,2.0,-1,0.0,0.0,83,149,1.0
200600020002,5,25,5,2,9,4.0,93039,830,10,41,14,8.0,7.0,6,2,3,0.0,1972,7,2.0,3,4.0,1.0,18,93,8.0
200600075654,5,15,5,2,8,3.0,66003,530,12,21,9,6.0,11.0,5,1,1,5.0,1971,9,2.0,50,1.0,2.0,26,97,3.0
200600059745,5,2,2,1,4,4.0,75112,140,12,35,17,4.0,21.0,9,3,2,0.0,1975,2,4.0,12,2.0,2.0,240,330,4.0
201700057397,6,28,5,2,4,5.0,54547,59,15,40,30,1.0,8.0,1,2,3,3.0,1984,6,2.0,7,4.0,0.0,54,54,6.0
200600074815,4,22,4,1,1,4.0,68333,20,12,35,4,9.0,19.0,6,2,3,9.0,1913,2,2.0,8,2.0,4.0,275,171,2.0
201000015497,11,8,5,2,8,2.0,156,7,22,45,4,7.0,7.0,1,1,1,3.0,1962,5,2.0,10,1.0,1.0,173,178,5.0
201000051452,12,21,5,1,7,7.0,77383,490,18,0,38,8.0,18.0,0,1,1,4.0,1917,2,2.0,30,1.0,3.0,78,74,0.0
201200051553,2,17,5,1,7,7.0,34,15,21,17,10,7.0,11.0,0,2,1,9.0,1995,7,2.0,14,0.0,3.0,101,155,2.0
200700015021,3,8,5,2,0,1.0,93039,430,18,34,36,2.0,14.0,0,3,1,0.0,2000,4,4.0,9,4.0,0.0,205,104,4.0
200700038935,6,13,5,1,2,2.0,506,83,16,21,37,5.0,13.0,4,1,1,1.0,1909,3,2.0,9,2.0,4.0,42,206,3.0
200600048983,1,29,5,2,7,2.0,93046,590,14,43,18,2.0,19.0,6,1,3,1.0,1941,5,3.0,1,0.0,1.0,120,450,8.0
200500082292,7,6,5,1,1,2.0,720,15,23,41,32,9.0,10.0,9,1,1,3.0,1974,5,3.0,1,3.0,1.0,14,224,2.0
200600063068,4,15,5,2,1,4.0,518,971,21,36,17,2.0,24.0,4,2,1,1.0,2017,2,2.0,1,0.0,1.0,136,220,2.0
200800028224,9,11,1,2,4,2.0,355,33,11,0,11,5.0,3.0,4,2,3,3.0,2013,5,2.0,11,0.0,4.0,90,36,0.0
200500017209,11,17,5,2,3,3.0,903,800,22,11,16,5.0,5.0,8,1,2,2.0,1979,4,2.0,50,2.0,1.0,17,198,8.0
200900013757,6,15,5,2,0,1.0,118,21,22,45,12,2.0,26.0,8,1,1,0.0,1937,4,2.0,10,2.0,1.0,69,12,8.0
200900024040,4,20,5,1,9,1.0,26,930,11,17,31,5.0,13.0,2,1,1,3.0,1995,3,4.0,1,1.0,2.0,87,81,1.0
200600053665,8,2,5,1,9,2.0,10066,55,20,0,35,5.0,19.0,10,3,2,2.0,1929,4,2.0,12,0.0,1.0,248,80,3.0
201700022468,1,4,5,2,0,6.0,630,68,0,20,2,2.0,0.0,0,1,1,5.0,1939,3,2.0,2,1.0,0.0,116,640,8.0
200600079591,7,30,2,1,5,1.0,776,81,17,50,8,1.0,19.0,8,2,2,0.0,1934,6,0.0,50,1.0,4.0,70,605,0.0
200700052334,3,10,5,2,7,2.0,77246,740,11,33,36,7.0,13.0,8,3,3,0.0,1933,6,2.0,7,2.0,3.0,24,254,1.0
201000039471,2,27,4,1,3,6.0,295,13,12,20,15,7.0,19.0,8,1,2,5.0,1928,9,1.0,11,4.0,2.0,406,120,2.0
201000021679,7,21,5,1,1,1.0,759,14,13,11,30,8.0,8.0,3,1,3,0.0,2000,9,2.0,5,0.0,3.0,350,255,0.0
201600037186,11,3,5,2,1,7.0,82,28,21,17,33,7.0,17.0,4,2,2,3.0,1973,1,2.0,13,1.0,2.0,33,570,2.0
201100005181,8,31,5,2,0,1.0,6152,20,0,20,11,8.0,10.0,5,2,2,4.0,1919,3,3.0,16,1.0,3.0,513,940,3.0
201000039963,1,22,5,1,3,5.0,376,4,22,35,36,4.0,3.0,8,1,3,0.0,2002,5,2.0,5,0.0,2.0,106,375,1.0
201400008686,6,28,5,2,3,4.0,34033,37,12,43,30,4.0,14.0,8,3,1,1.0,1938,4,2.0,11,3.0,4.0,251,250,8.0
201400036421,1,20,5,1,9,4.0,93073,730,19,17,37,8.0,7.0,6,1,2,3.0,1974,5,2.0,7,1.0,4.0,113,900,6.0
200500077979,12,15,5,2,0,3.0,400,690,14,15,20,3.0,12.0,4,3,3,2.0,1961,6,2.0,1,2.0,3.0,43,550,2.0
201500036775,6,5,5,2,8,2.0,193,84,0,25,38,9.0,3.0,5,3,1,3.0,1931,2,2.0,5,1.0,4.0,140,-81,2.0
200600045741,5,24,4,1,1,7.0,389,7,10,8,13,3.0,21.0,4,3,2,0.0,1952,5,0.0,30,1.0,0.0,7,260,8.0
201100000615,10,11,5,2,6,6.0,24138,8,11,43,43,4.0,15.0,10,1,3,4.0,1938,6,2.0,0,1.0,4.0,364,615,0.0
200700037341,8,26,4,1,8,5.0,715,920,10,8,42,0.0,14.0,7,2,2,2.0,1930,1,2.0,26,3.0,3.0,161,75,5.0
201600017216,11,7,5,1,9,5.0,396,220,21,8,43,6.0,10.0,5,3,3,9.0,1993,7,2.0,3,4.0,3.0,85,172,8.0
201700057349,10,1,5,1,0,2.0,33075,8,16,35,6,0.0,14.0,3,3,1,5.0,1934,4,0.0,-1,1.0,2.0,113,186,6.0
200600025278,4,27,5,2,5,7.0,70550,210,0,43,32,6.0,24.0,4,2,1,5.0,1955,2,2.0,8,2.0,4.0,101,590,6.0
201600059228,1,16,5,1,7,3.0,92022,51,12,5,12,6.0,12.0,1,2,2,1.0,1913,7,2.0,4,0.0,2.0,54,87,3.0
200600024464,2,3,2,2,9,3.0,42184,570,13,8,80,5.0,13.0,10,1,3,2.0,1976,3,3.0,20,1.0,2.0,10,255,6.0
201500055887,3,20,5,1,4,7.0,177,470,22,59,15,4.0,12.0,0,3,2,4.0,1905,1,2.0,9,4.0,2.0,142,214,6.0
200800047425,1,8,5,2,8,7.0,756,78,18,53,20,8.0,13.0,3,2,2,0.0,1928,9,2.0,50,3.0,1.0,173,600,1.0
200500054894,8,16,5,1,2,3.0,30,27,19,36,39,4.0,1.0,1,3,3,3.0,2006,4,4.0,8,0.0,0.0,44,605,0.0
201000032182,7,27,5,1,9,3.0,78043,370,0,45,30,1.0,17.0,5,3,2,4.0,1942,4,2.0,2,1.0,3.0,10,151,8.0
200600070713,12,12,1,2,5,1.0,319,700,13,33,38,5.0,17.0,7,1,2,9.0,1910,2,2.0,4,1.0,0.0,190,360,1.0
200700078634,10,16,5,2,1,3.0,183,7,11,50,13,9.0,10.0,5,1,3,1.0,1968,1,2.0,16,4.0,3.0,16,830,2.0
201300033181,11,20,5,1,8,1.0,122,24,10,59,6,9.0,4.0,8,3,1,5.0,1945,1,2.0,6,2.0,0.0,247,5,8.0
200900017438,11,27,4,2,7,4.0,135,27,20,5,11,3.0,13.0,0,1,2,1.0,1994,2,2.0,10,0.0,0.0,25,750,2.0
201500056095,8,9,5,1,3,6.0,29298,34,11,8,39,4.0,17.0,10,2,2,5.0,2008,3,2.0,1,4.0,0.0,16,85,3.0
201100032018,2,28,5,2,2,7.0,54,540,13,57,2,1.0,19.0,3,1,3,4.0,1988,6,2.0,-1,2.0,4.0,114,30,3.0
200700084584,3,19,5,1,9,4.0,710,83,18,24,20,6.0,3.0,1,3,2,3.0,1950,1,3.0,-1,2.0,0.0,105,815,5.0
201700009581,12,24,3,2,4,6.0,68329,71,20,5,30,2.0,26.0,2,2,3,2.0,2007,2,2.0,20,0.0,0.0,80,384,3.0
200500068016,6,9,4,1,9,7.0,148,52,16,36,4,0.0,13.0,5,3,2,9.0,1993,5,3.0,0,1.0,1.0,122,324,4.0
200500009140,4,15,5,2,9,1.0,837,38,10,33,80,2.0,4.0,0,3,3,0.0,1938,2,2.0,10,2.0,2.0,50,257,3.0
201700020960,7,4,5,1,7,2.0,37027,66,16,45,6,7.0,9.0,10,3,2,1.0,1938,9,2.0,11,1.0,3.0,12,131,4.0
200600023387,9,19,5,1,5,2.0,321,660,11,25,37,5.0,21.0,10,3,1,4.0,1908,6,2.0,26,4.0,1.0,52,915,4.0
200800030056,7,8,5,1,0,4.0,650,85,13,43,32,7.0,0.0,0,3,3,1.0,1999,1,2.0,20,2.0,4.0,31,184,5.0
200800008875,2,24,5,2,3,3.0,868,430,22,10,17,8.0,24.0,6,1,3,5.0,1961,1,2.0,9,1.0,3.0,68,273,3.0
200600054559,7,29,5,1,6,2.0,97606,330,21,0,19,0.0,11.0,3,1,2,9.0,1956,6,1.0,3,2.0,4.0,24,143,5.0
200600060342,4,3,5,2,8,4.0,91103,2,10,17,35,9.0,18.0,8,1,2,0.0,1968,7,2.0,0,1.0,2.0,28,224,0.0
201400043017,12,19,5,2,9,3.0,95,84,12,5,21,8.0,21.0,4,3,3,9.0,1994,9,0.0,50,3.0,4.0,18,32,2.0
201100006172,6,3,5,2,1,4.0,247,66,12,40,16,3.0,1.0,4,3,1,5.0,1949,6,3.0,9,2.0,4.0,62,770,2.0
201900052778,12,20,5,1,4,1.0,616,74,12,25,21,4.0,0.0,3,3,2,9.0,1950,6,1.0,-1,2.0,3.0,161,713,2.0
200800018445,11,19,4,2,9,6.0,303,950,23,30,11,2.0,10.0,8,1,3,4.0,1994,3,4.0,36,2.0,3.0,113,275,1.0
200500011671,2,5,2,2,5,5.0,616,40,14,50,9,6.0,7.0,6,1,1,9.0,1925,2,2.0,5,2.0,3.0,66,208,0.0
201600019193,11,29,5,2,7,4.0,91103,890,10,10,43,8.0,12.0,7,1,2,2.0,1957,1,1.0,50,0.0,1.0,108,133,1.0
201200004813,12,12,5,2,4,5.0,2738,40,21,41,20,0.0,19.0,4,1,2,4.0,1995,4,0.0,5,1.0,1.0,75,630,2.0
201100047242,11,15,5,2,3,5.0,17028,920,18,53,33,3.0,22.0,9,2,3,2.0,1964,7,2.0,8,4.0,2.0,22,72,2.0
201400016304,7,9,5,2,1,7.0,846,61,19,33,12,5.0,23.0,8,3,3,3.0,1973,9,2.0,13,3.0,1.0,114,415,6.0
201200050715,3,30,5,1,5,5.0,92026,390,21,57,1,6.0,11.0,3,3,3,9.0,1925,1,4.0,50,1.0,1.0,165,97,5.0
201100038509,11,29,5,2,0,3.0,21127,72,23,59,17,8.0,15.0,1,2,2,9.0,2016,6,2.0,11,0.0,0.0,40,215,4.0
200600025753,9,3,5,1,6,7.0,283,900,19,25,18,5.0,20.0,10,2,2,4.0,2001,6,2.0,11,2.0,0.0,74,151,8.0
201800026545,9,25,5,2,1,1.0,591,890,15,33,12,9.0,26.0,0,1,1,2.0,1913,5,2.0,30,2.0,1.0,400,22,6.0
200600017690,6,9,5,2,7,3.0,34123,16,19,15,6,7.0,1.0,3,2,1,4.0,1943,7,0.0,13,2.0,1.0,105,22,1.0
201300041891,5,21,3,1,2,5.0,89352,270,15,10,15,6.0,25.0,8,1,2,3.0,2002,6,2.0,5,2.0,0.0,25,67,0.0
200900015411,3,16,5,1,0,3.0,49267,820,16,20,99,9.0,5.0,3,1,1,0.0,1972,5,3.0,11,0.0,1.0,22,258,3.0
201400011833,2,25,5,1,5,3.0,84,490,16,22,33,2.0,23.0,10,3,2,1.0,1970,4,2.0,14,1.0,4.0,110,166,2.0
200800030623,7,6,3,1,8,3.0,22158,180,10,8,21,1.0,14.0,7,2,2,2.0,1926,4,2.0,3,3.0,2.0,28,152,0.0
200600039909,6,30,5,1,1,6.0,93078,330,16,55,3,5.0,14.0,5,2,1,1.0,1963,5,3.0,-1,3.0,0.0,146,135,3.0
201500015763,2,13,1,1,7,5.0,3190,80,12,34,21,0.0,7.0,3,2,2,2.0,1958,3,3.0,12,0.0,3.0,77,161,2.0
201300001295,5,1,5,2,8,2.0,428,790,12,0,18,4.0,9.0,3,2,2,1.0,1968,7,0.0,50,4.0,3.0,87,250,3.0
201600018586,8,21,5,2,3,5.0,49015,69,0,10,38,2.0,16.0,1,2,2,9.0,1999,5,2.0,50,2.0,1.0,240,152,4.0
201700008821,7,5,5,1,2,7.0,138,49,18,55,99,4.0,21.0,2,2,2,2.0,2008,5,3.0,8,1.0,4.0,161,200,0.0
201000013013,3,23,5,2,5,2.0,754,840,17,59,37,0.0,8.0,2,3,2,4.0,1969,9,2.0,0,0.0,2.0,96,355,4.0
201200037862,9,3,5,1,1,6.0,613,720,16,21,37,5.0,17.0,0,3,1,9.0,2012,5,0.0,7,1.0,0.0,143,81,4.0
201400026689,7,13,5,1,8,3.0,350,74,20,38,9,2.0,26.0,5,3,3,2.0,1932,7,2.0,-1,1.0,1.0,25,210,6.0
201500050871,2,7,2,2,3,2.0,85,760,12,10,38,6.0,2.0,8,3,1,4.0,2004,4,2.0,-1,4.0,2.0,3,188,8.0
201600050203,2,8,5,1,5,6.0,518,40,14,50,21,8.0,25.0,2,2,3,4.0,1956,7,2.0,30,0.0,1.0,52,11,2.0
200500030628,11,23,1,2,6,4.0,63453,92,0,17,11,7.0,17.0,9,3,3,4.0,1934,7,2.0,12,4.0,1.0,800,21,5.0
200800055821,7,27,5,1,9,6.0,44044,780,10,35,7,7.0,1.0,1,3,1,0.0,1912,9,2.0,10,0.0,4.0,55,915,6.0
200500065159,9,2,5,1,3,6.0,13037,34,21,41,4,6.0,13.0,10,2,1,1.0,1980,5,2.0,1,2.0,0.0,125,249,0.0
201100008505,2,13,1,1,6,3.0,483,61,19,45,8,2.0,10.0,10,1,1,9.0,1990,6,0.0,36,3.0,3.0,49,14,2.0
200800029500,2,16,5,2,8,5.0,541,610,21,17,18,5.0,12.0,6,1,3,9.0,2004,5,2.0,7,0.0,0.0,83,157,3.0
201000054800,7,8,5,1,1,2.0,92064,51,22,45,39,2.0,3.0,6,1,2,5.0,2014,4,2.0,4,0.0,0.0,190,74,2.0
201100061151,10,20,5,1,1,5.0,74012,770,18,22,17,6.0,5.0,7,2,2,0.0,1923,4,3.0,8,2.0,1.0,216,410,2.0
201000010799,5,8,5,1,2,5.0,19,300,19,40,5,6.0,26.0,2,2,2,1.0,1967,3,2.0,-1,3.0,1.0,85,235,2.0
201000027193,4,29,5,1,8,7.0,261,1001,11,33,0,3.0,7.0,9,3,1,1.0,1926,5,1.0,6,1.0,0.0,125,142,1.0
200500073406,5,15,5,1,6,6.0,26,300,11,21,6,7.0,20.0,8,1,1,4.0,1974,6,2.0,5,1.0,4.0,31,400,2.0
200600036491,10,31,5,1,9,1.0,60141,6,13,38,2,3.0,1.0,3,2,2,2.0,1964,9,1.0,12,1.0,3.0,173,365,4.0
201800040008,11,1,5,1,5,1.0,695,710,15,20,11,3.0,10.0,8,2,2,1.0,2007,7,2.0,6,4.0,2.0,709,59,3.0
200700041831,8,10,5,1,3,6.0,664,100,21,50,80,4.0,23.0,1,3,1,1.0,1913,4,2.0,6,4.0,1.0,74,188,6.0
200800076168,7,21,3,1,9,2.0,50502,890,21,41,7,8.0,10.0,3,3,1,4.0,1930,1,2.0,2,2.0,2.0,153,510,6.0
201000044660,1,14,5,1,3,7.0,100,92,0,43,30,3.0,12.0,6,3,1,3.0,1941,9,2.0,6,2.0,4.0,19,136,3.0
201400038276,1,26,5,1,7,5.0,913,76,15,25,42,2.0,25.0,8,3,1,3.0,1985,3,2.0,36,1.0,3.0,33,51,0.0
201700052934,12,5,5,1,9,2.0,5,62,17,36,17,3.0,15.0,1,3,3,3.0,1959,1,2.0,6,2.0,3.0,34,77,8.0
200500004813,2,28,5,1,3,5.0,325,190,19,45,34,9.0,26.0,1,1,3,5.0,1919,5,2.0,40,3.0,1.0,41,207,4.0
201100021912,11,25,5,2,4,3.0,399,76,14,55,20,9.0,17.0,6,2,2,4.0,1986,6,2.0,7,3.0,0.0,125,78,3.0
201300007376,8,18,5,2,2,6.0,25,730,21,8,2,0.0,12.0,5,1,2,1.0,1952,1,2.0,40,0.0,1.0,194,151,2.0
200600028644,9,14,5,1,3,2.0,630,550,21,8,18,4.0,26.0,0,3,3,1.0,1956,4,3.0,50,3.0,3.0,30,325,8.0
200900030339,12,14,5,1,9,1.0,715,710,23,53,4,7.0,6.0,1,3,2,4.0,1954,3,2.0,2,4.0,2.0,215,200,5.0
201600013130,3,11,5,1,5,4.0,27123,450,23,45,20,4.0,2.0,0,3,1,1.0,1922,6,2.0,16,2.0,3.0,84,127,1.0
200800064740,5,8,5,1,4,2.0,60105,520,18,38,8,7.0,19.0,7,2,2,1.0,1987,6,1.0,40,4.0,4.0,88,36,2.0
200900060882,6,23,1,2,0,4.0,369,27,21,24,2,2.0,24.0,10,3,3,1.0,1953,4,2.0,14,3.0,4.0,10,915,0.0
200800070643,5,23,5,1,3,5.0,28148,360,19,17,10,8.0,5.0,10,1,2,2.0,1991,9,2.0,2,4.0,1.0,15,35,2.0
201100036995,10,16,1,1,5,2.0,80021,760,18,36,16,8.0,1.0,8,3,3,2.0,2015,5,2.0,8,4.0,4.0,99,160,8.0
201700031151,8,3,5,1,3,7.0,78321,250,13,45,6,2.0,18.0,7,3,3,3.0,1924,3,2.0,1,3.0,0.0,27,915,1.0
200600017349,5,12,5,2,4,3.0,30,530,12,35,36,4.0,5.0,8,1,1,5.0,1925,7,0.0,3,1.0,3.0,27,124,3.0
201300030510,11,12,5,1,7,1.0,208,58,0,20,14,5.0,7.0,4,2,1,1.0,1982,5,4.0,10,4.0,3.0,41,34,2.0
200900038019,10,22,5,1,3,5.0,6149,19,21,41,13,4.0,18.0,0,3,3,0.0,1976,1,2.0,20,1.0,4.0,19,180,3.0
200500064662,1,26,5,1,2,1.0,69027,470,18,20,19,9.0,22.0,4,1,1,0.0,2007,6,2.0,0,0.0,3.0,30,800,2.0
201400043684,6,11,5,2,3,5.0,94065,230,10,57,34,6.0,3.0,3,2,1,9.0,1913,7,2.0,4,3.0,3.0,72,94,4.0
201100061142,3,31,5,2,4,3.0,59352,380,0,36,35,3.0,4.0,8,3,1,5.0,2009,7,0.0,10,0.0,1.0,85,161,4.0
201800009253,7,12,5,2,2,3.0,77152,850,11,35,14,3.0,17.0,9,3,2,3.0,2012,9,0.0,7,0.0,0.0,65,55,5.0
200500043905,10,4,2,2,0,5.0,745,800,11,34,32,3.0,10.0,3,1,2,9.0,2009,3,2.0,-1,4.0,1.0,101,234,1.0
201500003214,6,26,5,2,9,2.0,75114,82,19,8,42,8.0,2.0,8,3,2,3.0,1949,4,2.0,4,0.0,0.0,800,148,0.0
201000012446,1,23,5,1,9,1.0,81033,480,17,24,43,0.0,19.0,1,3,1,9.0,1956,2,2.0,-1,2.0,3.0,406,247,4.0
200600030998,4,10,2,1,8,1.0,737,440,11,25,40,3.0,26.0,6,3,2,4.0,1938,4,2.0,8,1.0,2.0,58,148,4.0
200700084303,1,16,5,2,7,3.0,45145,910,15,38,12,5.0,10.0,1,2,3,5.0,1932,5,2.0,12,0.0,0.0,49,25,3.0
201700050904,5,14,1,1,7,1.0,330,430,19,33,43,8.0,15.0,1,2,2,3.0,1960,3,2.0,6,1.0,0.0,4,781,0.0
200600028499,4,21,5,2,8,6.0,87201,710,15,17,16,9.0,15.0,5,1,2,2.0,1932,7,2.0,7,1.0,1.0,33,117,2.0
200900049723,4,28,5,1,3,7.0,40044,2,20,53,4,1.0,18.0,3,1,2,4.0,1900,7,4.0,50,0.0,2.0,73,153,5.0
201500038079,9,19,1,2,5,2.0,873,76,12,5,3,6.0,2.0,10,2,2,2.0,1927,9,0.0,12,3.0,0.0,107,282,3.0
201100025428,9,12,5,1,8,7.0,57534,67,12,33,14,0.0,23.0,7,3,1,3.0,1954,1,2.0,4,3.0,1.0,182,185,8.0
201000044925,12,27,5,1,2,1.0,56260,630,16,55,42,7.0,14.0,0,3,1,5.0,1977,3,2.0,5,1.0,4.0,105,51,8.0
201200017869,6,11,1,2,9,1.0,456,920,23,33,19,2.0,1.0,1,2,2,0.0,2009,5,2.0,10,2.0,0.0,101,46,1.0
201300006177,6,8,5,1,5,3.0,546,75,21,57,39,6.0,3.0,3,2,1,5.0,1953,1,3.0,40,4.0,4.0,24,650,2.0
201700033262,11,4,1,1,6,5.0,26108,90,16,35,4,3.0,16.0,9,3,2,4.0,1990,9,2.0,13,2.0,4.0,21,124,6.0
200600025278,2,18,2,1,3,2.0,344,972,11,41,7,9.0,3.0,3,3,1,9.0,1930,1,2.0,9,1.0,4.0,122,165,5.0
201500005405,3,13,5,1,8,3.0,6027,690,16,55,13,2.0,11.0,5,2,2,4.0,2013,5,2.0,14,4.0,0.0,212,53,5.0
201000051795,10,3,1,1,5,1.0,202,972,19,33,8,9.0,23.0,5,3,2,9.0,1969,1,2.0,36,1.0,0.0,24,228,5.0
201800027813,12,4,5,1,2,5.0,238,72,23,38,6,9.0,3.0,4,3,3,2.0,1977,2,2.0,16,1.0,4.0,67,60,2.0
200900004279,11,7,5,2,4,1.0,83107,460,14,20,3,7.0,17.0,3,2,1,4.0,1921,2,4.0,20,0.0,4.0,96,166,2.0
201800026805,12,28,5,2,6,6.0,97228,290,19,11,30,8.0,22.0,8,1,2,0.0,1901,9,2.0,30,0.0,2.0,84,235,6.0
201800027337,9,9,4,2,6,4.0,21127,470,20,0,4,0.0,13.0,9,1,3,5.0,2012,4,4.0,4,3.0,2.0,21,0,1.0