num_acc,mois,jour,lum,agg,int,col,com,dep,hr,mn,catv,choc,manv,place,catu,grav,trajet,an_nais,catr,circ,nbv,prof,plan,lartpc,larrout,situ
201700005077,12,20,5,1,6,7.0,91521,41,20,8,20,0.0,10.0,2,1,2,2.0,1992,7,2.0,50,1.0,4.0,33,145,6.0
201400053859,5,26,5,1,0,2.0,94046,740,17,40,34,7.0,9.0,7,2,1,5.0,1959,7,1.0,1,0.0,0.0,96,185,5.0
201100018928,12,8,5,1,2,6.0,68338,32,12,5,36,5.0,9.0,2,3,1,0.0,2016,7,2.0,3,0.0,3.0,108,820,6.0
201100046795,11,10,5,1,4,6.0,54547,971,19,57,7,4.0,18.0,3,3,2,1.0,1920,3,2.0,16,4.0,3.0,108,455,8.0
201700017100,5,4,5,1,6,3.0,509,28,17,57,16,0.0,20.0,7,1,2,1.0,1929,1,2.0,11,0.0,2.0,200,188,3.0
201000054387,4,17,3,2,4,4.0,96,13,14,53,42,8.0,15.0,3,3,3,1.0,1955,5,2.0,1,0.0,2.0,84,68,5.0
201000048789,6,30,5,2,7,1.0,692,88,0,22,8,0.0,11.0,6,3,3,5.0,1977,3,1.0,5,1.0,2.0,113,615,4.0
201100056281,7,10,5,1,2,5.0,5061,570,18,36,30,2.0,13.0,8,1,3,3.0,1951,2,2.0,50,3.0,4.0,504,133,4.0
201100003742,12,1,4,1,7,1.0,69034,350,23,50,19,7.0,2.0,1,1,2,0.0,2006,9,4.0,20,2.0,3.0,121,895,0.0
201300008121,10,8,5,2,0,2.0,231,48,10,5,43,2.0,13.0,10,1,2,2.0,1936,4,0.0,10,4.0,0.0,137,83,0.0
201800002188,5,11,3,1,2,5.0,126,590,10,59,43,7.0,8.0,5,2,1,0.0,2015,9,2.0,3,2.0,1.0,103,53,4.0
201300005762,6,20,5,2,6,3.0,351,210,22,0,5,5.0,4.0,3,2,2,9.0,1968,1,2.0,30,1.0,4.0,390,860,1.0
201400025005,5,14,4,2,3,6.0,14119,95,15,11,21,5.0,18.0,7,2,3,4.0,1914,3,1.0,11,1.0,0.0,113,143,0.0
201000027894,1,3,1,1,4,5.0,36139,971,21,30,8,2.0,23.0,10,1,2,4.0,2004,2,2.0,16,4.0,4.0,960,142,3.0
201800001608,12,30,4,2,1,7.0,31396,61,10,8,42,1.0,20.0,8,2,2,9.0,2018,9,0.0,0,2.0,3.0,43,225,2.0
200600059568,3,4,4,1,7,5.0,110,40,16,36,36,2.0,24.0,10,3,3,9.0,1979,3,1.0,13,4.0,3.0,115,38,3.0
201800021043,11,8,4,2,3,7.0,284,89,18,22,9,8.0,5.0,5,2,3,5.0,1908,5,2.0,0,3.0,4.0,20,225,3.0
200800035528,11,17,5,2,0,7.0,870,68,12,55,2,0.0,13.0,6,1,3,3.0,1913,1,2.0,26,3.0,1.0,60,720,2.0
201500032455,9,16,5,1,1,1.0,68226,570,20,53,21,1.0,6.0,7,2,1,9.0,2014,4,2.0,20,2.0,1.0,31,89,1.0
201100059511,12,17,5,1,1,2.0,21127,94,18,35,9,0.0,9.0,2,2,2,4.0,1970,5,0.0,4,2.0,4.0,94,248,0.0
200700047186,3,22,2,1,4,4.0,267,26,19,38,9,3.0,17.0,8,1,1,1.0,1977,5,2.0,9,1.0,4.0,800,650,1.0
201700020084,9,17,4,1,1,5.0,12,580,18,40,3,8.0,25.0,8,1,2,4.0,1938,3,1.0,10,3.0,1.0,205,21,4.0
200800066832,11,12,1,2,2,3.0,259,973,19,0,19,8.0,16.0,10,2,1,1.0,1972,9,4.0,7,2.0,2.0,900,230,0.0
200500002968,1,2,5,2,6,2.0,540,82,18,11,34,6.0,25.0,5,2,1,4.0,2004,3,2.0,40,2.0,1.0,47,26,4.0
201600006548,7,4,5,2,6,1.0,17,900,10,24,37,1.0,18.0,5,2,2,2.0,1959,6,4.0,20,4.0,4.0,390,313,6.0
200600036540,6,17,5,2,2,5.0,852,82,13,33,5,7.0,13.0,7,1,1,4.0,1987,9,0.0,10,3.0,2.0,125,139,5.0
200800024797,5,15,2,1,5,1.0,22152,250,10,33,1,4.0,18.0,7,2,1,2.0,1920,5,2.0,26,4.0,4.0,225,104,6.0
201300049190,5,24,3,2,4,7.0,804,660,11,38,1,3.0,4.0,10,1,1,3.0,1976,9,2.0,1,4.0,4.0,197,781,3.0
201500003191,3,5,5,1,8,5.0,289,690,0,53,33,8.0,21.0,0,3,2,5.0,2009,9,2.0,26,0.0,1.0,77,161,2.0
200900013447,1,26,5,1,6,6.0,154,54,18,20,80,6.0,0.0,7,2,3,0.0,1941,4,2.0,8,2.0,1.0,2,310,4.0
201600006679,1,8,5,2,8,1.0,360,150,22,15,1,3.0,5.0,3,1,3,1.0,1981,9,1.0,12,1.0,0.0,94,22,6.0
200500084990,5,1,5,1,5,7.0,907,5,19,15,50,3.0,24.0,9,2,2,1.0,1962,2,2.0,0,2.0,3.0,153,205,6.0
200900038976,6,3,5,1,7,4.0,17300,20,15,34,36,1.0,8.0,0,3,2,9.0,1966,3,2.0,4,1.0,4.0,26,207,5.0
201600043778,9,6,3,1,2,6.0,852,19,19,20,33,6.0,22.0,2,1,3,1.0,1918,4,2.0,50,3.0,1.0,390,230,0.0
200500061371,1,5,5,2,2,3.0,31396,260,22,34,37,2.0,23.0,10,1,2,0.0,1905,3,4.0,14,2.0,2.0,153,135,6.0
200800012425,8,1,5,1,9,6.0,391,130,15,45,7,7.0,3.0,4,3,2,2.0,1959,9,2.0,14,0.0,3.0,275,190,8.0
200600005486,2,4,1,2,8,6.0,38317,70,12,34,6,6.0,21.0,0,2,1,9.0,1977,2,2.0,14,3.0,2.0,16,245,8.0
200500066803,12,27,4,2,2,5.0,59360,180,20,50,11,4.0,4.0,8,3,3,2.0,1992,5,2.0,36,2.0,1.0,95,505,1.0
201800039711,4,8,5,1,1,5.0,56,70,22,38,32,6.0,1.0,4,2,1,4.0,2008,6,2.0,26,3.0,0.0,44,800,3.0
200900069998,8,16,1,2,1,1.0,407,370,16,57,5,4.0,25.0,8,1,1,5.0,2006,6,2.0,2,3.0,1.0,51,51,6.0
200900035689,10,26,5,1,4,6.0,37184,740,11,59,2,6.0,14.0,3,3,2,2.0,1933,4,2.0,4,2.0,1.0,800,72,5.0
201400036719,6,11,1,1,0,4.0,49301,87,13,59,33,6.0,17.0,8,2,2,3.0,1924,1,2.0,20,4.0,4.0,205,77,8.0
201700019118,8,22,5,1,1,3.0,176,28,16,55,39,7.0,22.0,4,1,2,9.0,1997,2,1.0,-1,4.0,1.0,500,615,1.0
200900049932,10,6,2,1,2,4.0,9261,77,20,57,40,8.0,9.0,7,3,2,4.0,1980,7,2.0,26,3.0,2.0,69,480,8.0
201800019322,11,20,2,2,0,1.0,25381,85,12,40,14,1.0,15.0,9,1,1,0.0,1925,7,2.0,20,1.0,2.0,153,13,4.0
201000007343,11,2,5,1,9,5.0,83090,51,15,17,31,4.0,2.0,4,2,1,4.0,2015,2,2.0,20,1.0,2.0,77,620,4.0
201600055079,1,11,5,2,9,4.0,573,13,11,38,15,8.0,22.0,1,2,1,1.0,1951,9,1.0,1,0.0,2.0,16,314,6.0
201500041360,9,26,5,2,9,5.0,75118,974,11,57,50,1.0,23.0,8,1,2,1.0,1955,5,2.0,14,0.0,3.0,26,73,0.0
200500008268,11,29,5,2,7,5.0,469,202,12,15,5,2.0,22.0,9,1,1,9.0,1954,1,3.0,0,3.0,1.0,109,72,3.0
201300048976,11,17,5,2,9,7.0,83062,400,13,10,20,4.0,17.0,10,1,3,9.0,1937,2,2.0,50,2.0,2.0,109,532,8.0
200900045692,6,31,5,1,5,4.0,292,7,10,30,34,3.0,16.0,7,1,2,0.0,1921,1,2.0,13,0.0,4.0,18,144,4.0
201200003350,10,20,5,1,1,5.0,93051,32,10,59,32,9.0,3.0,7,3,3,4.0,1930,1,2.0,2,4.0,2.0,83,275,2.0
200800067109,9,28,5,2,4,5.0,91201,63,19,5,1,0.0,15.0,0,3,2,3.0,2001,7,2.0,20,3.0,0.0,294,60,6.0
201100058312,6,20,5,1,1,3.0,182,920,23,0,43,7.0,11.0,0,1,3,5.0,1980,5,2.0,5,3.0,1.0,8,59,5.0
201700015484,3,13,5,2,7,2.0,94003,81,23,57,43,1.0,6.0,10,1,3,1.0,1974,7,2.0,5,4.0,4.0,78,104,0.0
201100005969,5,1,2,1,0,7.0,26347,920,11,11,35,0.0,6.0,1,3,2,2.0,1999,3,2.0,2,2.0,2.0,207,23,5.0
201400033491,6,3,2,1,9,4.0,75103,71,12,5,10,4.0,25.0,7,3,2,9.0,1959,6,2.0,5,0.0,1.0,650,141,2.0
201800023620,11,15,5,2,4,2.0,69092,360,10,34,3,6.0,0.0,1,1,3,4.0,2007,5,2.0,50,1.0,0.0,103,89,4.0
200700083202,4,7,3,2,4,1.0,489,74,17,10,17,7.0,4.0,4,2,1,2.0,0,7,2.0,30,3.0,2.0,182,70,2.0
201700039628,9,31,1,2,5,3.0,91534,560,23,24,17,8.0,4.0,10,1,2,3.0,1979,1,2.0,30,1.0,0.0,205,60,8.0
201300012829,6,18,2,1,0,2.0,52093,81,12,10,8,5.0,20.0,4,1,3,1.0,2003,7,2.0,7,4.0,1.0,147,10,0.0
201400028216,1,26,5,1,3,1.0,304,93,22,5,0,2.0,2.0,6,3,3,3.0,1922,2,2.0,14,0.0,0.0,197,111,3.0
200900072216,9,26,4,2,6,6.0,78310,180,13,0,39,2.0,25.0,6,1,3,4.0,1937,7,3.0,7,0.0,1.0,122,102,6.0
201400007824,2,10,3,1,9,3.0,461,16,13,57,32,3.0,11.0,2,1,2,3.0,1929,2,2.0,9,2.0,3.0,330,9,3.0
200500043981,8,14,5,1,8,6.0,212,350,13,53,10,9.0,8.0,8,2,1,2.0,1997,5,2.0,14,1.0,2.0,330,895,4.0
200800010091,12,1,5,1,2,2.0,77115,4,13,24,7,7.0,13.0,10,3,2,4.0,1910,5,2.0,5,1.0,4.0,192,188,1.0
201600021293,11,19,5,1,4,6.0,24037,920,10,8,0,8.0,23.0,0,1,2,0.0,1983,1,1.0,11,0.0,4.0,406,305,5.0
201500043268,1,29,5,1,9,1.0,368,54,15,15,32,9.0,26.0,9,2,3,9.0,1978,7,2.0,2,4.0,3.0,310,36,1.0
200800024750,3,6,5,2,3,3.0,6152,770,20,59,8,0.0,19.0,10,3,2,1.0,1915,6,2.0,-1,1.0,2.0,79,218,5.0
201000034829,4,27,4,2,8,2.0,76318,976,12,33,3,8.0,24.0,5,1,1,4.0,1921,9,0.0,40,2.0,1.0,251,72,1.0
200700080586,11,22,5,2,5,6.0,697,670,15,33,11,9.0,6.0,10,1,3,3.0,1996,1,2.0,8,4.0,1.0,900,137,2.0
201100011064,12,7,5,1,6,7.0,57474,680,13,15,31,9.0,5.0,1,1,1,3.0,1978,6,2.0,36,4.0,1.0,6,216,2.0
201700009282,4,13,1,2,1,7.0,74307,47,14,40,8,6.0,25.0,3,3,3,3.0,1975,9,4.0,40,2.0,4.0,215,430,8.0
201900006982,11,28,1,1,4,2.0,27397,810,18,45,21,1.0,2.0,3,1,2,9.0,1940,3,3.0,6,1.0,4.0,76,35,4.0
200900039096,2,29,5,1,1,5.0,2215,65,23,59,99,6.0,17.0,0,2,2,4.0,1997,1,2.0,0,2.0,2.0,66,243,5.0
201100030761,6,24,5,1,7,5.0,75108,540,15,43,38,2.0,0.0,3,3,1,1.0,1962,1,2.0,30,0.0,2.0,95,10,4.0
201700056934,10,21,5,2,4,2.0,470,790,16,38,0,6.0,9.0,1,2,1,4.0,1908,9,2.0,12,0.0,2.0,116,315,5.0
200500036982,10,20,5,2,7,3.0,178,85,13,33,7,7.0,22.0,8,1,3,0.0,1981,1,2.0,1,1.0,1.0,61,280,2.0
200500018184,8,14,1,1,3,2.0,304,85,15,8,6,5.0,8.0,5,2,3,5.0,1946,6,2.0,3,4.0,0.0,280,950,4.0
201100061612,4,31,5,1,2,4.0,1142,11,22,38,9,7.0,17.0,1,2,3,3.0,1984,6,4.0,20,2.0,2.0,28,49,6.0
200600043888,12,20,3,1,7,1.0,97118,16,20,25,42,0.0,26.0,9,2,3,1.0,1977,6,4.0,2,2.0,4.0,121,324,8.0
201600054782,7,26,5,2,0,1.0,775,820,13,22,36,7.0,17.0,8,3,1,9.0,1984,1,2.0,2,1.0,4.0,57,130,6.0
201000037899,4,5,5,1,9,2.0,21584,910,22,25,16,5.0,7.0,4,1,1,9.0,1913,3,3.0,4,1.0,3.0,330,4,2.0
201200010259,7,24,5,1,0,3.0,94046,68,22,24,15,7.0,0.0,10,3,3,5.0,1952,6,4.0,9,2.0,4.0,8,105,8.0
200600072155,8,18,2,1,4,2.0,42145,84,0,5,16,0.0,8.0,2,1,1,3.0,1998,3,2.0,0,0.0,3.0,510,181,6.0
200500051842,12,18,5,2,8,5.0,748,390,20,15,80,3.0,15.0,8,2,1,9.0,1965,6,1.0,26,1.0,2.0,161,109,5.0
200600029822,10,5,1,1,3,7.0,572,40,19,53,13,6.0,2.0,9,1,2,3.0,1983,6,2.0,9,3.0,1.0,240,101,0.0
201100039319,7,8,5,1,3,7.0,95127,83,14,0,35,2.0,10.0,3,2,1,5.0,2012,1,2.0,14,0.0,2.0,108,47,0.0
200800022927,7,27,5,2,9,7.0,19234,78,23,53,34,7.0,24.0,7,1,1,0.0,2018,5,2.0,30,1.0,3.0,340,164,6.0
200700011716,12,2,5,2,5,6.0,816,130,12,25,30,7.0,26.0,2,1,2,5.0,1960,6,0.0,11,3.0,1.0,210,15,0.0
201700052534,4,20,5,2,9,3.0,69256,67,18,36,19,3.0,4.0,7,2,2,2.0,1979,5,2.0,0,4.0,3.0,173,175,5.0
201200001660,6,1,5,1,3,6.0,400,480,18,34,37,1.0,7.0,9,3,1,1.0,1984,6,2.0,2,0.0,1.0,64,152,3.0
201600032372,1,19,4,2,4,7.0,69264,49,21,34,7,8.0,14.0,5,3,1,3.0,1938,6,2.0,4,3.0,0.0,29,15,3.0
201800046962,4,27,5,1,9,2.0,645,130,11,30,30,9.0,7.0,1,3,2,3.0,1940,3,3.0,5,4.0,1.0,20,179,1.0
200900017186,11,7,3,2,0,2.0,15019,8,15,41,0,0.0,7.0,5,3,1,2.0,1989,2,2.0,6,3.0,3.0,136,44,6.0
201500013644,12,15,5,2,1,4.0,544,55,15,5,36,2.0,7.0,0,1,2,5.0,1901,3,2.0,20,3.0,0.0,165,245,2.0
201000028552,7,27,5,1,3,3.0,22,640,10,50,17,4.0,7.0,7,1,3,9.0,2002,3,1.0,0,4.0,2.0,216,179,3.0
201700055998,11,31,5,1,1,5.0,30223,61,16,41,3,9.0,7.0,3,3,1,9.0,1941,4,2.0,36,4.0,4.0,65,384,4.0
201600010018,6,13,2,1,8,7.0,416,88,17,45,99,4.0,4.0,9,3,2,1.0,1997,4,2.0,20,1.0,0.0,45,50,5.0
201600050797,5,24,1,2,8,7.0,763,1000,13,41,14,0.0,17.0,6,2,3,1.0,1909,6,3.0,0,0.0,1.0,504,10,2.0
200700026422,5,18,5,2,8,4.0,575,44,16,38,3,6.0,18.0,6,1,2,4.0,1925,6,2.0,16,0.0,0.0,21,166,1.0
201000001328,12,12,5,1,1,3.0,42189,35,15,50,43,1.0,8.0,10,3,1,3.0,1975,7,2.0,9,4.0,4.0,13,161,0.0
200700015209,6,31,5,2,3,3.0,717,974,16,59,1,5.0,19.0,3,1,1,0.0,1966,3,2.0,13,1.0,0.0,250,131,5.0
201700050538,8,9,5,1,8,3.0,74101,56,13,10,35,9.0,1.0,3,3,1,2.0,1973,3,2.0,11,4.0,2.0,36,132,1.0
201500038176,11,13,5,2,2,4.0,19,80,18,33,39,8.0,9.0,5,1,2,4.0,1993,1,2.0,11,1.0,4.0,58,193,5.0
200700038950,9,27,1,2,8,1.0,60090,84,14,57,37,6.0,7.0,9,3,2,2.0,1994,3,4.0,5,4.0,0.0,79,350,2.0
200900008706,3,30,5,2,3,3.0,78206,53,23,33,33,5.0,24.0,7,2,3,3.0,2006,3,2.0,20,4.0,2.0,124,268,5.0
201800038479,12,1,1,2,1,4.0,154,590,22,10,16,6.0,12.0,5,1,3,1.0,2007,9,2.0,50,2.0,1.0,300,410,2.0
201600040509,3,5,3,1,8,7.0,352,56,19,41,11,4.0,19.0,3,3,2,4.0,1917,2,2.0,30,1.0,2.0,71,127,8.0
201900001684,12,5,5,1,2,4.0,27397,55,0,0,30,1.0,7.0,10,2,1,0.0,1938,4,2.0,26,0.0,1.0,330,117,2.0
200800025911,5,30,5,2,2,7.0,78640,49,17,38,6,3.0,7.0,2,3,1,2.0,2017,6,2.0,7,0.0,4.0,280,84,5.0
201600049218,11,30,5,1,8,5.0,686,69,14,20,36,0.0,21.0,4,1,2,0.0,2000,6,2.0,3,0.0,2.0,180,135,8.0
201600027566,8,15,5,1,7,6.0,59352,760,21,15,4,3.0,4.0,6,3,1,5.0,1992,3,4.0,40,0.0,0.0,96,202,2.0
200800017861,3,7,5,1,5,3.0,74034,51,21,36,5,3.0,5.0,4,3,2,5.0,1929,2,1.0,0,4.0,0.0,500,207,3.0
200600037051,6,29,5,2,7,6.0,33487,87,19,55,6,1.0,13.0,7,3,3,9.0,2010,1,2.0,36,1.0,0.0,260,164,3.0
201300016026,10,11,5,1,2,6.0,247,62,16,10,14,9.0,15.0,8,2,2,2.0,1962,7,2.0,7,0.0,0.0,197,120,5.0
200900020505,5,4,4,2,9,7.0,11172,82,23,43,33,0.0,10.0,10,3,1,4.0,1911,9,3.0,7,2.0,1.0,44,101,8.0
201100052073,2,30,5,1,7,4.0,403,74,13,40,5,2.0,7.0,0,1,1,4.0,2006,5,2.0,3,1.0,1.0,42,57,3.0
200500085601,11,19,5,1,6,2.0,694,75,21,45,19,5.0,12.0,3,3,2,4.0,2004,6,2.0,8,0.0,3.0,95,32,6.0
200600021277,1,14,5,2,9,4.0,168,61,17,33,99,4.0,17.0,6,3,3,4.0,1973,2,2.0,26,2.0,0.0,61,400,3.0
200800048118,7,20,5,2,7,3.0,145,590,19,5,4,7.0,21.0,2,2,3,0.0,1920,6,4.0,16,0.0,3.0,32,505,1.0
201000031856,7,9,3,1,2,4.0,629,55,14,53,4,5.0,7.0,10,2,2,5.0,1909,7,2.0,1,4.0,1.0,41,314,2.0
201400038183,7,31,1,2,4,5.0,111,910,12,41,35,0.0,11.0,2,3,2,2.0,2002,1,2.0,13,3.0,1.0,53,183,2.0
200800052288,6,3,5,1,8,3.0,750,78,13,20,10,6.0,10.0,10,1,2,9.0,2008,2,2.0,5,1.0,0.0,59,610,0.0
201600012343,8,12,4,1,0,3.0,757,240,12,20,10,9.0,3.0,2,3,2,5.0,1922,5,4.0,14,3.0,2.0,198,189,8.0
200900054182,8,27,5,1,8,3.0,693,1,0,11,21,1.0,7.0,10,2,1,4.0,1992,4,2.0,6,1.0,1.0,36,111,4.0
201700051266,1,6,4,2,9,6.0,71155,760,14,21,6,8.0,10.0,0,3,3,3.0,1916,7,2.0,13,4.0,1.0,104,170,0.0
200500044209,4,2,5,1,8,5.0,75113,31,20,30,33,6.0,17.0,8,1,1,5.0,1950,4,2.0,13,1.0,1.0,89,44,1.0
200700016761,10,29,5,2,8,1.0,75105,85,10,40,16,4.0,3.0,3,2,2,2.0,1952,4,2.0,16,0.0,3.0,56,270,1.0
201100013620,4,2,2,1,6,7.0,731,660,11,40,0,1.0,8.0,2,2,1,3.0,1919,7,2.0,3,4.0,2.0,35,713,3.0
200600070069,3,17,5,1,3,7.0,646,53,23,33,15,0.0,1.0,7,3,3,9.0,1989,2,2.0,11,1.0,0.0,153,51,8.0
201700006100,5,29,2,1,0,1.0,97306,72,10,43,6,6.0,3.0,5,1,1,0.0,0,2,2.0,6,0.0,3.0,250,700,1.0
201400055104,6,16,5,2,6,6.0,55,690,13,41,10,2.0,25.0,3,1,3,1.0,1919,9,3.0,14,1.0,3.0,61,147,6.0
201200018271,12,16,5,1,9,5.0,203,48,19,25,11,5.0,6.0,7,3,1,1.0,1951,2,2.0,13,3.0,3.0,64,34,0.0
201800048296,2,23,5,1,9,3.0,179,66,14,8,21,0.0,23.0,2,3,3,0.0,1966,6,2.0,6,0.0,4.0,75,92,6.0
201100032040,10,6,5,2,6,4.0,300,500,18,34,9,9.0,3.0,1,2,1,0.0,1995,6,4.0,11,4.0,3.0,24,830,0.0
200600029629,11,7,1,1,9,3.0,95428,690,18,45,8,7.0,11.0,1,3,1,5.0,2008,3,0.0,13,4.0,0.0,194,21,8.0
201700016565,1,8,5,2,5,5.0,236,740,12,24,13,3.0,12.0,0,1,1,2.0,1948,2,2.0,4,2.0,0.0,73,17,5.0
201600000057,5,25,5,1,9,4.0,649,22,12,5,18,9.0,22.0,1,2,3,1.0,1924,3,3.0,7,1.0,0.0,141,166,1.0
200900068611,7,27,4,2,3,6.0,78640,620,21,22,2,4.0,22.0,1,1,3,2.0,1974,6,2.0,2,0.0,3.0,1,51,6.0
201300057839,8,24,3,1,7,7.0,92026,530,19,43,38,0.0,3.0,2,2,3,0.0,1983,5,0.0,36,4.0,1.0,135,950,5.0
201800030433,8,31,5,1,6,1.0,748,230,23,8,8,6.0,10.0,3,1,2,1.0,1988,4,2.0,50,2.0,3.0,135,610,0.0
201600005373,11,12,5,2,6,4.0,596,26,12,59,14,3.0,23.0,3,3,3,5.0,1943,9,4.0,50,3.0,1.0,66,112,1.0
201000030961,6,22,5,2,5,7.0,13214,690,21,55,10,8.0,21.0,8,3,1,2.0,2015,1,2.0,14,4.0,2.0,103,107,2.0
201200048714,6,4,3,2,8,3.0,920,46,11,57,4,3.0,26.0,7,1,3,2.0,1971,5,2.0,-1,4.0,0.0,406,999,3.0
200800058305,7,3,5,1,5,7.0,882,74,22,10,31,9.0,9.0,7,3,1,4.0,1913,3,2.0,16,4.0,4.0,103,605,3.0
200500028761,12,25,3,1,6,1.0,758,70,18,0,80,2.0,16.0,0,1,1,2.0,1990,2,4.0,3,4.0,2.0,86,42,6.0
201100005879,12,8,5,2,1,3.0,9209,510,23,24,21,3.0,14.0,10,1,2,5.0,1985,9,2.0,5,1.0,1.0,115,184,4.0
201300033393,11,28,5,2,5,6.0,24037,971,21,24,18,9.0,20.0,10,2,2,0.0,1962,5,4.0,12,3.0,1.0,310,54,2.0
200600007220,6,8,5,1,6,4.0,182,63,17,11,12,7.0,1.0,0,3,3,2.0,2015,9,4.0,10,3.0,3.0,513,164,8.0
200500064870,4,22,5,2,2,1.0,72346,360,0,38,18,8.0,19.0,0,3,3,0.0,2002,3,2.0,13,1.0,4.0,109,310,2.0
201300023784,9,15,2,1,0,5.0,631,700,15,41,17,9.0,9.0,6,2,2,5.0,0,2,2.0,14,0.0,1.0,280,375,3.0
201000057294,8,26,5,1,9,3.0,77449,170,22,38,9,0.0,17.0,3,2,2,5.0,2005,6,2.0,12,3.0,4.0,215,230,1.0
200800035134,3,30,2,1,2,1.0,28134,580,12,5,15,0.0,17.0,2,3,2,3.0,1950,9,2.0,5,0.0,0.0,310,121,8.0
200900057425,10,13,5,2,7,4.0,34033,370,18,45,80,0.0,14.0,4,2,2,3.0,1914,7,2.0,20,2.0,2.0,135,155,1.0
201800029252,7,25,5,1,0,5.0,816,17,21,5,50,4.0,12.0,7,1,3,0.0,1986,6,2.0,3,3.0,1.0,22,149,6.0
201200002628,10,27,5,2,7,5.0,179,340,20,17,4,7.0,20.0,6,2,2,4.0,1925,1,2.0,11,3.0,4.0,279,208,2.0
200700012727,2,17,5,1,5,6.0,242,30,13,40,15,0.0,13.0,8,2,2,1.0,1918,9,3.0,6,2.0,4.0,72,146,3.0
200700042569,6,31,5,1,7,2.0,97,510,15,10,14,7.0,2.0,9,1,3,3.0,1943,4,2.0,26,0.0,2.0,270,187,2.0
201100023586,8,13,5,1,2,5.0,331,780,22,45,35,8.0,1.0,4,2,1,3.0,1959,5,0.0,11,3.0,0.0,198,117,2.0
201300028017,3,11,1,1,3,6.0,30189,32,16,55,13,2.0,0.0,6,2,1,9.0,1930,5,0.0,50,2.0,3.0,19,71,4.0
200600034441,5,5,5,2,0,2.0,164,770,0,55,19,1.0,16.0,2,1,3,3.0,1928,1,2.0,0,4.0,2.0,900,44,2.0
200800050353,7,23,5,2,6,6.0,2738,974,10,24,13,3.0,10.0,2,2,3,4.0,1967,2,2.0,9,2.0,1.0,198,102,0.0
200500068509,11,24,4,2,5,2.0,81120,260,0,41,42,7.0,20.0,5,3,2,4.0,1974,3,2.0,11,3.0,2.0,203,203,4.0
201100056777,11,27,1,1,5,3.0,657,33,14,11,2,4.0,9.0,4,3,2,1.0,2014,9,3.0,11,3.0,0.0,450,141,3.0
200700019524,8,4,5,1,6,5.0,75113,770,14,20,15,4.0,23.0,10,1,3,2.0,1947,5,2.0,-1,1.0,2.0,210,45,8.0
201800038352,1,5,5,1,7,2.0,319,790,21,25,20,5.0,10.0,9,1,3,4.0,1944,6,0.0,16,3.0,3.0,34,48,2.0
200900069256,1,24,5,1,5,5.0,6029,4,11,33,43,1.0,26.0,6,3,2,5.0,1948,2,2.0,5,0.0,1.0,67,925,1.0
201100055590,9,8,5,1,8,2.0,49007,320,19,25,21,1.0,8.0,1,3,3,3.0,2005,9,1.0,20,3.0,0.0,216,133,2.0
201200043833,3,28,5,1,4,5.0,231,8,12,8,19,3.0,12.0,8,1,3,4.0,1941,6,2.0,10,2.0,0.0,115,258,6.0
200500013476,7,19,5,2,8,5.0,515,90,14,45,1,7.0,3.0,4,3,1,5.0,1963,9,3.0,36,1.0,0.0,90,96,5.0
201500047638,12,15,3,1,1,1.0,81033,690,12,8,19,2.0,1.0,8,1,2,5.0,1913,1,2.0,5,2.0,1.0,37,170,3.0
201600030326,11,17,5,1,6,1.0,679,100,11,25,40,2.0,12.0,5,1,1,4.0,1999,5,4.0,2,2.0,0.0,80,8,5.0
201100029590,3,31,5,2,8,3.0,77042,460,17,11,37,9.0,4.0,6,1,2,1.0,1935,6,4.0,1,1.0,0.0,190,39,0.0
201100056995,9,16,5,1,1,2.0,660,740,22,22,37,4.0,0.0,0,3,3,3.0,1964,3,4.0,36,4.0,4.0,80,169,1.0
201900009215,9,2,5,2,2,6.0,663,870,22,57,2,8.0,5.0,4,1,2,1.0,1950,3,3.0,2,0.0,1.0,71,277,0.0
201200058542,2,22,5,1,6,3.0,1004,540,12,36,7,2.0,19.0,6,2,2,0.0,1935,5,2.0,6,3.0,3.0,37,22,1.0
200700022988,4,2,2,2,8,7.0,38336,60,16,0,39,5.0,10.0,1,3,2,4.0,1970,4,2.0,4,4.0,4.0,210,41,4.0
201100058886,2,8,3,1,4,6.0,565,1000,17,40,14,0.0,3.0,4,1,1,5.0,1912,6,4.0,8,4.0,2.0,198,199,3.0
201000005521,9,29,5,1,0,2.0,331,950,18,45,17,4.0,14.0,5,1,2,5.0,1914,6,2.0,16,1.0,2.0,216,270,2.0
201200058904,10,13,5,1,3,3.0,207,58,10,11,37,0.0,14.0,7,1,2,5.0,1963,3,1.0,12,3.0,0.0,116,166,6.0
201200005348,8,2,5,2,3,5.0,411,230,20,0,99,0.0,1.0,3,2,2,5.0,1921,9,0.0,13,2.0,2.0,220,310,3.0
201400020103,8,25,4,1,7,5.0,38074,201,17,53,38,8.0,20.0,7,1,2,3.0,1954,5,2.0,11,3.0,4.0,150,105,5.0
201200028657,5,3,5,1,7,7.0,56222,560,21,53,19,9.0,25.0,1,3,1,9.0,1999,9,2.0,8,4.0,2.0,960,690,6.0
201700057947,12,15,5,2,6,2.0,7019,920,21,53,99,6.0,17.0,0,3,3,0.0,1990,5,2.0,2,0.0,2.0,20,37,0.0