num_acc,mois,jour,lum,agg,int,col,com,dep,hr,mn,catv,choc,manv,place,catu,grav,trajet,an_nais,catr,circ,nbv,prof,plan,lartpc,larrout,situ
201400052679,5,18,5,2,2,2.0,409,440,17,15,6,4.0,24.0,1,3,3,3.0,1978,6,3.0,4,2.0,3.0,26,22,5.0
201400006816,12,24,3,2,1,7.0,281,230,23,8,5,2.0,8.0,2,2,1,3.0,1994,4,2.0,14,2.0,0.0,73,181,0.0
200800047858,4,5,5,1,8,3.0,15,34,19,17,1,2.0,19.0,4,1,1,9.0,2005,4,2.0,4,2.0,0.0,6,690,8.0
201300007586,10,8,5,1,3,4.0,685,900,18,11,15,5.0,17.0,4,3,3,1.0,1914,7,2.0,13,4.0,4.0,80,158,2.0
201100056403,10,22,5,2,4,6.0,50483,490,12,30,15,7.0,11.0,0,2,2,5.0,1991,6,2.0,3,4.0,1.0,97,59,2.0
201200033577,11,1,5,1,1,5.0,842,38,11,41,7,6.0,21.0,0,1,2,2.0,1999,9,0.0,12,3.0,0.0,107,450,6.0
201100048897,9,10,5,1,0,4.0,344,370,16,8,43,0.0,6.0,6,3,1,2.0,1934,7,2.0,8,3.0,2.0,223,920,2.0
201300010281,7,6,5,2,3,1.0,59431,590,20,57,33,7.0,0.0,1,3,2,1.0,1997,1,0.0,2,2.0,4.0,161,560,3.0
201000008634,3,22,5,1,4,7.0,50129,1000,0,21,7,4.0,5.0,2,1,2,9.0,1997,1,2.0,6,1.0,0.0,350,122,8.0
200900039533,11,17,5,2,7,5.0,77383,49,15,11,43,5.0,9.0,3,2,1,5.0,1988,5,2.0,16,2.0,2.0,80,895,3.0
200700062340,3,11,5,2,3,4.0,31395,18,13,34,6,7.0,19.0,4,2,2,1.0,1970,6,2.0,16,0.0,3.0,147,44,0.0
201100002006,1,14,5,1,4,4.0,137,31,18,36,10,5.0,13.0,6,2,3,4.0,1989,7,1.0,10,0.0,4.0,143,23,4.0
201400024947,7,10,1,1,5,2.0,267,880,23,41,1,5.0,1.0,10,3,2,4.0,1989,7,2.0,4,2.0,0.0,75,184,3.0
200900031200,10,19,3,2,5,1.0,94011,450,10,30,18,4.0,16.0,8,2,2,0.0,1964,9,2.0,-1,2.0,3.0,198,216,8.0
201700000693,10,18,2,1,1,7.0,34111,58,11,21,7,8.0,0.0,8,1,1,4.0,1955,3,0.0,36,0.0,2.0,8,74,1.0
201600053562,4,27,5,1,5,6.0,5,180,12,36,9,7.0,17.0,1,3,3,9.0,1998,3,2.0,20,3.0,2.0,275,104,2.0
201300000142,6,28,5,1,9,6.0,676,950,21,59,32,3.0,24.0,3,1,3,9.0,1963,7,2.0,40,3.0,3.0,36,505,8.0
201400000381,8,25,5,1,4,4.0,71040,950,20,45,5,2.0,24.0,7,1,1,2.0,1900,7,2.0,50,4.0,3.0,210,172,3.0
200600059392,3,22,5,1,4,5.0,143,17,23,17,21,7.0,5.0,8,2,1,2.0,1946,2,3.0,12,1.0,1.0,128,264,4.0
200700031963,11,27,2,1,5,6.0,50363,410,16,55,30,0.0,4.0,8,1,3,1.0,1931,7,2.0,11,1.0,3.0,294,116,2.0
201800044884,10,16,5,1,2,1.0,79076,260,12,25,5,8.0,12.0,3,1,3,3.0,2010,7,2.0,0,0.0,1.0,53,410,1.0
200600051783,7,16,5,1,9,3.0,587,21,14,24,19,7.0,0.0,9,1,3,9.0,2005,6,2.0,7,1.0,3.0,85,61,4.0
200700083191,8,27,5,2,6,7.0,634,17,0,43,32,9.0,23.0,3,1,2,1.0,1924,1,4.0,50,1.0,1.0,900,104,8.0
201800050395,8,17,1,2,4,3.0,38074,570,11,50,8,7.0,3.0,2,2,2,0.0,1968,5,2.0,26,1.0,2.0,87,248,5.0
200600037369,10,23,5,1,5,2.0,85153,34,10,30,6,8.0,6.0,7,3,2,5.0,1915,1,2.0,11,2.0,1.0,55,290,1.0
200900019897,8,14,5,1,7,6.0,75103,930,18,41,18,8.0,19.0,5,1,2,2.0,1998,3,3.0,12,3.0,2.0,19,72,0.0
200900016619,5,1,5,2,1,1.0,534,620,21,50,38,7.0,9.0,7,3,3,0.0,1992,5,3.0,50,4.0,1.0,65,380,8.0
201600053711,8,1,3,2,0,2.0,77385,210,10,11,12,1.0,25.0,4,1,1,3.0,1935,4,1.0,13,3.0,3.0,88,3,5.0
200800035608,1,30,5,2,4,3.0,30,100,22,25,99,5.0,23.0,4,3,2,3.0,1969,6,1.0,50,3.0,0.0,58,70,1.0
200500014705,5,2,5,2,8,2.0,580,2,22,40,36,8.0,5.0,8,2,3,2.0,2016,7,2.0,0,0.0,3.0,57,324,1.0
201300050100,8,9,4,2,3,3.0,747,390,14,33,42,5.0,21.0,10,2,3,1.0,2000,6,2.0,11,4.0,4.0,53,21,1.0
200800015042,5,12,3,2,5,6.0,79213,180,20,36,12,1.0,3.0,4,2,2,9.0,1988,7,2.0,16,4.0,3.0,114,324,2.0
201800027222,3,10,5,2,8,3.0,297,88,12,41,11,3.0,4.0,8,2,2,9.0,1919,9,2.0,36,3.0,1.0,400,207,1.0
201300039107,7,27,5,2,7,3.0,817,770,20,43,9,2.0,20.0,6,1,3,3.0,2003,1,2.0,16,0.0,2.0,340,41,6.0
200500049714,10,6,5,1,9,4.0,437,500,18,20,38,0.0,5.0,0,1,2,9.0,1979,7,4.0,6,0.0,1.0,121,188,8.0
201600036814,10,30,5,2,0,5.0,384,86,11,0,32,0.0,7.0,1,3,2,2.0,2009,7,2.0,40,2.0,3.0,504,83,5.0
201400030164,7,4,5,1,5,1.0,176,1001,12,36,43,6.0,11.0,9,1,1,3.0,1974,9,2.0,-1,0.0,4.0,102,73,1.0
201700052316,11,27,5,2,5,2.0,825,972,11,50,4,7.0,9.0,8,2,2,9.0,1991,2,0.0,7,4.0,1.0,72,56,1.0
201400024882,2,26,5,1,4,6.0,53240,62,13,38,39,7.0,14.0,3,1,2,0.0,1921,4,2.0,20,2.0,1.0,80,106,5.0
201100064629,4,16,5,1,4,4.0,279,67,10,53,3,8.0,15.0,2,2,1,5.0,1921,7,2.0,30,2.0,2.0,142,207,2.0
201100007967,1,7,5,2,0,1.0,803,720,18,5,43,9.0,13.0,4,3,1,1.0,1988,9,2.0,10,3.0,1.0,210,117,8.0
201000014779,4,24,3,2,9,6.0,257,7,18,8,18,0.0,26.0,3,3,3,9.0,1974,1,2.0,5,1.0,0.0,4,85,2.0
201300047526,1,23,5,1,0,4.0,85067,94,15,50,9,0.0,22.0,8,2,1,1.0,1930,2,3.0,20,4.0,1.0,350,324,3.0
200800053689,10,12,2,2,2,3.0,447,940,22,59,60,3.0,3.0,9,1,2,0.0,1930,6,2.0,12,3.0,3.0,124,940,0.0
200500015552,8,6,5,2,1,3.0,6085,46,17,24,11,1.0,9.0,7,2,1,0.0,1992,7,2.0,11,4.0,2.0,9,121,2.0
201100000677,2,14,5,2,6,6.0,76660,41,23,25,20,3.0,18.0,10,2,3,5.0,1941,1,2.0,8,2.0,1.0,135,90,1.0
201900056299,9,21,2,1,5,2.0,131,880,14,45,17,2.0,2.0,4,1,2,0.0,2001,3,2.0,50,3.0,3.0,41,425,8.0
201400006633,1,13,5,1,3,4.0,512,976,18,30,6,3.0,24.0,0,3,3,1.0,1995,3,2.0,11,4.0,1.0,47,915,6.0
201100035731,8,18,5,2,4,7.0,9209,780,14,33,32,7.0,16.0,1,3,3,2.0,1926,9,2.0,0,4.0,1.0,90,216,8.0
200900069771,5,4,3,1,9,5.0,457,590,16,36,50,9.0,24.0,10,2,3,2.0,0,9,2.0,50,2.0,2.0,10,8,5.0
201300034129,5,16,5,2,7,5.0,76318,60,19,20,18,6.0,17.0,0,3,3,1.0,1943,4,3.0,26,1.0,0.0,120,657,4.0
201200038941,2,6,5,1,2,2.0,48198,800,0,35,80,0.0,3.0,2,2,3,5.0,2011,5,2.0,1,1.0,1.0,170,530,1.0
201100056189,12,18,5,1,8,1.0,302,87,23,30,9,8.0,13.0,0,3,1,2.0,1918,5,2.0,1,2.0,3.0,67,420,6.0
200500039923,9,9,5,1,2,4.0,77152,90,18,41,0,6.0,9.0,8,3,2,2.0,1955,3,2.0,8,2.0,0.0,203,184,6.0
201100015263,11,11,5,1,3,3.0,10325,790,10,8,12,1.0,15.0,6,3,3,3.0,1960,6,2.0,36,1.0,3.0,35,174,5.0
201500040295,2,28,3,2,4,3.0,37261,950,0,41,1,2.0,4.0,9,3,2,9.0,2014,5,0.0,36,3.0,2.0,34,88,2.0
201600042203,12,12,5,1,3,6.0,647,40,10,53,38,5.0,18.0,3,3,1,5.0,2017,2,2.0,1,1.0,1.0,1,49,5.0
201100056350,9,11,5,1,1,1.0,494,94,10,34,60,3.0,2.0,8,1,3,2.0,1914,1,2.0,9,1.0,3.0,165,410,0.0
201100059702,6,9,3,2,8,6.0,628,52,15,34,38,7.0,16.0,0,2,2,5.0,1935,9,2.0,16,0.0,0.0,350,128,5.0
201500030256,8,10,5,2,5,4.0,77115,580,19,34,33,8.0,14.0,4,2,2,4.0,1939,1,2.0,9,4.0,2.0,15,36,3.0
200900053814,1,15,5,1,8,3.0,435,250,18,59,16,9.0,19.0,4,2,1,3.0,1922,4,2.0,16,3.0,1.0,95,192,6.0
201100045369,5,25,5,1,5,3.0,69389,910,11,25,21,4.0,16.0,3,1,2,5.0,1960,6,4.0,7,2.0,2.0,44,108,3.0
201000016336,1,18,5,1,1,1.0,300,650,12,5,16,7.0,13.0,2,3,3,0.0,1995,7,0.0,7,0.0,1.0,198,520,8.0
201300002811,4,22,1,1,3,7.0,439,84,13,30,40,6.0,19.0,2,3,1,0.0,1951,5,2.0,2,4.0,4.0,98,98,5.0
200600014447,1,31,5,2,2,6.0,94015,2,12,55,80,3.0,8.0,2,2,2,0.0,2002,3,2.0,11,2.0,3.0,30,300,6.0
201600035450,3,8,1,1,8,4.0,314,52,21,57,15,4.0,23.0,4,1,2,1.0,2007,9,2.0,36,3.0,0.0,260,40,8.0
201400001486,3,16,5,1,9,7.0,619,42,13,33,60,4.0,1.0,4,1,3,4.0,1983,4,4.0,7,0.0,4.0,248,15,1.0
201800047726,9,22,5,1,0,4.0,816,89,23,36,30,6.0,24.0,3,3,1,5.0,1901,7,2.0,7,4.0,3.0,160,72,3.0
201600043327,1,30,5,1,9,5.0,614,87,17,0,2,9.0,17.0,8,1,1,9.0,2012,7,4.0,26,1.0,3.0,125,49,5.0
201000011911,2,8,5,1,6,7.0,760,160,12,36,50,6.0,17.0,7,2,3,4.0,1971,5,2.0,10,1.0,1.0,364,85,6.0
201200015322,7,7,5,1,7,7.0,913,550,20,35,30,7.0,0.0,2,2,2,2.0,1956,7,2.0,10,3.0,4.0,97,640,3.0
200700029804,10,10,4,2,1,1.0,482,390,18,5,36,3.0,9.0,10,2,3,9.0,1944,2,2.0,26,2.0,3.0,147,188,0.0
200700046361,8,24,5,2,0,3.0,724,740,16,38,43,4.0,3.0,1,1,2,1.0,1961,2,0.0,10,3.0,4.0,8,2,1.0
201800051819,8,2,5,1,5,6.0,37027,900,14,10,6,9.0,13.0,7,2,1,0.0,0,9,3.0,20,0.0,1.0,225,68,1.0
201400016407,2,20,5,1,6,7.0,284,34,14,53,21,1.0,23.0,6,3,2,4.0,1941,5,3.0,30,1.0,4.0,78,171,8.0
201600015296,5,31,5,1,2,4.0,421,360,18,41,6,3.0,5.0,1,3,1,3.0,1916,3,2.0,7,3.0,0.0,77,273,8.0
201400054264,7,13,5,2,3,3.0,111,13,20,59,30,6.0,9.0,2,3,3,3.0,1937,2,2.0,-1,3.0,1.0,106,252,1.0
200500059200,1,20,5,1,6,6.0,94011,64,11,25,60,5.0,14.0,8,3,1,9.0,1936,4,4.0,9,0.0,4.0,74,142,2.0
200600004308,2,23,3,1,5,5.0,51483,230,21,33,3,6.0,18.0,10,3,1,2.0,1995,5,0.0,-1,4.0,1.0,109,312,6.0
200500060602,4,30,5,2,7,3.0,263,74,13,22,12,1.0,4.0,1,2,2,0.0,1978,4,2.0,50,3.0,1.0,66,940,2.0
200600081980,1,21,2,1,5,7.0,27260,750,17,55,15,6.0,1.0,1,2,1,4.0,1946,7,4.0,4,4.0,2.0,51,243,5.0
201100045515,11,8,5,1,9,5.0,94046,78,11,57,30,5.0,22.0,10,1,3,5.0,1929,7,2.0,1,2.0,1.0,150,56,8.0
200800046890,12,24,5,1,4,7.0,642,350,13,40,38,3.0,13.0,1,1,2,2.0,2015,7,4.0,40,0.0,4.0,42,280,8.0
200600001147,11,9,2,2,6,3.0,538,76,23,21,1,2.0,10.0,10,2,1,1.0,1946,7,2.0,36,4.0,0.0,11,790,0.0
200700076556,8,16,4,2,6,7.0,340,47,11,11,0,6.0,20.0,7,3,1,2.0,1944,4,4.0,14,2.0,1.0,106,197,2.0
200500004459,4,28,5,2,9,6.0,852,33,10,55,42,6.0,23.0,5,3,3,1.0,1942,3,2.0,13,4.0,2.0,25,675,8.0
201100057156,12,5,3,2,4,6.0,448,28,13,33,9,3.0,24.0,2,1,3,1.0,1920,9,2.0,2,3.0,1.0,330,183,0.0
200500070377,12,21,5,1,2,2.0,723,610,14,43,60,8.0,2.0,5,2,2,1.0,1946,5,4.0,9,4.0,1.0,80,98,0.0
201800029557,4,27,5,2,5,5.0,60370,61,14,30,14,7.0,20.0,5,2,3,9.0,1951,2,2.0,14,1.0,1.0,38,820,1.0
200500011231,1,8,3,1,3,7.0,44003,76,19,33,32,8.0,14.0,0,3,2,4.0,1945,5,2.0,20,4.0,3.0,11,140,3.0
201700059567,10,8,5,2,4,3.0,518,610,14,59,80,6.0,21.0,10,2,2,9.0,1989,2,2.0,7,1.0,3.0,37,14,4.0
201900058249,9,8,3,2,0,6.0,249,780,19,36,18,2.0,17.0,6,2,2,0.0,1936,5,2.0,36,2.0,0.0,43,251,0.0
201300034531,10,2,5,2,7,5.0,438,170,13,57,6,6.0,11.0,7,2,3,0.0,2005,9,4.0,2,1.0,1.0,62,520,1.0
201100056638,9,6,5,1,6,4.0,45,560,10,30,9,6.0,26.0,8,3,3,5.0,1970,1,2.0,4,2.0,0.0,147,84,2.0
201400030015,3,3,5,1,8,1.0,810,18,22,33,38,6.0,19.0,2,1,2,2.0,1931,5,2.0,36,0.0,1.0,270,193,3.0
201300057147,12,28,5,2,7,3.0,681,22,0,0,5,7.0,24.0,3,3,2,3.0,1992,6,1.0,50,4.0,2.0,99,197,3.0
201700014872,2,18,5,2,8,5.0,124,640,11,25,39,4.0,12.0,9,1,1,0.0,1964,4,2.0,5,0.0,2.0,55,275,4.0
200800031499,5,24,5,1,1,2.0,63052,1001,19,55,38,1.0,16.0,0,2,2,2.0,1957,1,2.0,9,3.0,4.0,146,138,8.0
201000003581,11,1,2,2,8,4.0,13206,25,23,38,20,4.0,25.0,3,3,2,9.0,1997,9,3.0,16,0.0,2.0,1,243,3.0
201200052160,2,24,4,2,8,1.0,92036,35,11,59,33,0.0,3.0,10,1,3,4.0,1923,7,2.0,8,2.0,0.0,150,39,2.0
201700027428,1,31,5,2,0,4.0,58,972,11,17,1,4.0,11.0,10,1,3,2.0,1983,3,2.0,16,4.0,1.0,88,133,3.0
200800003719,12,26,5,2,4,6.0,54115,39,14,53,36,8.0,21.0,2,2,3,0.0,1977,4,2.0,1,2.0,3.0,22,31,1.0
201600005643,6,10,2,1,0,6.0,70550,24,23,21,60,8.0,4.0,7,3,3,3.0,1960,2,2.0,9,4.0,4.0,24,28,3.0
200900014986,3,19,5,1,8,2.0,373,17,0,20,3,9.0,18.0,0,3,2,3.0,1978,3,2.0,40,3.0,0.0,17,199,5.0
200700080279,9,2,5,2,0,7.0,30,1001,19,24,14,8.0,22.0,3,2,3,3.0,2015,9,2.0,13,4.0,1.0,132,340,1.0
201000021679,5,6,5,1,2,5.0,76351,210,20,33,9,7.0,19.0,2,1,3,9.0,1923,6,4.0,26,4.0,1.0,83,100,8.0
200500066202,10,18,2,1,5,5.0,63032,130,0,5,14,1.0,26.0,2,3,1,0.0,1924,2,2.0,3,0.0,2.0,38,67,6.0
201600013333,7,5,5,2,5,2.0,389,170,19,15,39,8.0,17.0,10,3,1,3.0,1901,4,0.0,0,3.0,2.0,44,815,1.0
201000068817,1,6,5,1,4,7.0,604,7,14,10,18,8.0,12.0,8,2,2,1.0,1977,5,2.0,6,2.0,4.0,150,94,1.0
201200038531,10,21,5,2,7,2.0,545,972,22,36,34,6.0,22.0,5,2,3,5.0,1910,9,2.0,12,2.0,2.0,66,90,6.0
200500083792,8,16,5,2,9,7.0,319,930,11,25,19,8.0,6.0,6,1,2,9.0,1980,2,1.0,0,3.0,2.0,109,62,2.0
201800027540,1,26,2,2,9,4.0,5023,27,15,22,15,0.0,0.0,5,2,1,0.0,1985,5,3.0,0,3.0,3.0,97,149,5.0
201000047155,3,15,5,2,9,2.0,388,38,16,33,50,3.0,20.0,3,3,2,4.0,1950,3,2.0,10,2.0,0.0,350,430,2.0
201800006506,12,2,5,1,9,4.0,111,530,14,43,15,1.0,11.0,3,1,2,3.0,1960,2,1.0,50,2.0,2.0,406,490,2.0
201400056230,1,22,5,2,3,1.0,482,75,22,45,2,3.0,12.0,1,3,2,0.0,2019,2,0.0,8,3.0,2.0,47,27,5.0
201500041240,11,7,5,1,1,3.0,763,37,11,5,99,6.0,19.0,2,2,2,5.0,1943,9,2.0,10,2.0,1.0,109,251,6.0
200900055597,5,11,5,1,4,6.0,97213,82,18,10,30,7.0,20.0,8,1,3,2.0,2001,2,2.0,9,3.0,3.0,115,148,8.0
200900035786,9,21,5,2,7,3.0,6027,860,23,53,60,9.0,7.0,6,1,1,3.0,2018,6,4.0,9,4.0,2.0,137,121,4.0
201400049549,4,26,5,1,6,3.0,198,120,10,35,43,6.0,13.0,6,3,1,0.0,1921,3,2.0,1,0.0,1.0,250,192,4.0
200700043614,8,4,5,2,1,2.0,276,250,23,43,15,4.0,7.0,6,3,1,0.0,1962,3,2.0,9,1.0,1.0,90,25,5.0
200500003042,5,16,5,1,4,5.0,30223,69,22,33,36,4.0,0.0,5,1,1,1.0,1964,7,0.0,16,3.0,3.0,74,62,5.0
200900005896,6,16,1,1,3,5.0,310,73,18,38,38,2.0,20.0,0,1,2,5.0,0,1,3.0,6,3.0,4.0,215,415,2.0
200700056074,1,15,5,1,5,7.0,14,25,23,35,7,3.0,20.0,6,2,1,4.0,2014,9,3.0,1,1.0,1.0,77,228,6.0
200600033082,11,7,5,2,9,5.0,456,940,22,53,42,6.0,13.0,3,3,3,3.0,1998,4,2.0,40,3.0,4.0,45,248,2.0
201500010471,8,18,2,2,9,3.0,115,890,16,41,13,7.0,5.0,6,3,2,5.0,1964,2,2.0,13,1.0,4.0,279,540,6.0
201200060741,4,29,1,1,1,3.0,55,470,20,21,31,3.0,15.0,4,2,3,2.0,1972,3,0.0,4,1.0,1.0,8,74,2.0
200900035336,5,11,5,2,9,2.0,78283,7,14,8,40,3.0,2.0,8,3,2,9.0,1944,5,2.0,3,1.0,0.0,37,267,6.0
201300013969,3,31,5,1,8,5.0,816,620,19,33,6,1.0,16.0,8,1,2,9.0,1993,6,2.0,12,2.0,2.0,247,218,2.0
200600056022,5,10,5,2,6,4.0,447,86,16,59,5,2.0,4.0,6,3,3,3.0,1900,6,2.0,11,2.0,4.0,106,183,4.0
201300001678,4,30,3,1,4,7.0,903,11,22,20,34,4.0,19.0,1,2,1,0.0,1945,1,2.0,9,1.0,1.0,33,53,4.0
200800058195,9,30,4,1,3,6.0,62528,660,15,21,60,2.0,19.0,5,2,1,3.0,1940,6,4.0,12,2.0,0.0,510,20,5.0
200700039470,3,21,5,2,5,3.0,666,26,22,36,35,5.0,19.0,3,1,3,2.0,2006,2,3.0,5,4.0,0.0,114,83,4.0
201500042280,3,22,5,2,0,5.0,699,810,19,8,42,7.0,22.0,5,3,1,4.0,1961,1,2.0,20,4.0,1.0,70,227,6.0
201500031593,1,27,5,1,1,4.0,75104,850,18,34,3,4.0,17.0,6,2,2,3.0,1962,4,0.0,11,0.0,2.0,61,56,6.0
200500040825,12,11,5,1,4,7.0,325,780,23,33,4,7.0,22.0,10,2,2,2.0,2019,3,2.0,5,3.0,3.0,29,189,2.0
200700047987,7,12,3,2,9,1.0,37108,9,10,10,42,9.0,8.0,8,2,3,1.0,1953,2,2.0,50,4.0,4.0,69,111,0.0
201400037008,5,2,5,1,4,2.0,93039,530,11,22,9,4.0,12.0,10,2,3,0.0,1970,1,2.0,9,0.0,0.0,67,79,4.0
201500052333,12,2,5,2,1,7.0,125,270,17,0,8,1.0,5.0,3,3,2,5.0,1999,6,2.0,16,0.0,3.0,36,640,0.0
200700001854,11,9,1,2,0,7.0,60338,58,21,38,42,7.0,26.0,3,2,1,9.0,1958,7,2.0,14,1.0,0.0,20,74,6.0
200800017789,5,12,1,2,2,2.0,457,47,10,30,15,4.0,11.0,6,1,3,4.0,1996,3,2.0,11,1.0,3.0,76,215,5.0
201400043851,2,22,4,2,6,3.0,16,210,11,43,37,9.0,22.0,0,1,2,5.0,1935,2,0.0,50,0.0,1.0,513,113,5.0
200500052752,11,26,5,2,8,5.0,249,41,14,33,35,7.0,19.0,1,2,1,0.0,2002,9,2.0,10,3.0,0.0,33,258,4.0
201600037447,1,8,5,1,6,1.0,514,490,10,10,9,0.0,2.0,9,3,2,4.0,1942,4,2.0,50,3.0,2.0,82,71,1.0
201500032191,7,15,4,1,7,6.0,701,73,16,15,38,8.0,12.0,10,2,2,4.0,1924,9,2.0,20,4.0,4.0,251,242,0.0
200500026677,8,3,5,2,0,5.0,61006,720,20,11,7,3.0,19.0,7,3,2,0.0,1929,4,2.0,3,0.0,2.0,101,42,6.0
200800010311,11,5,5,2,9,3.0,64122,42,18,55,30,0.0,2.0,5,1,3,4.0,1963,7,2.0,6,0.0,1.0,46,133,8.0
200800037535,9,30,2,1,4,7.0,98802,8,13,24,39,8.0,6.0,1,2,3,3.0,2002,6,1.0,-1,2.0,1.0,97,70,8.0
200900020531,8,25,1,1,6,1.0,42338,9,17,34,13,2.0,11.0,8,3,3,5.0,1974,1,2.0,6,3.0,3.0,800,73,3.0
201700052525,11,21,3,1,2,7.0,258,90,12,20,1,0.0,4.0,7,3,3,5.0,2015,4,2.0,26,3.0,3.0,76,75,8.0
201300011987,5,19,5,2,0,4.0,13019,70,14,35,50,0.0,12.0,4,2,1,0.0,1901,3,2.0,30,0.0,3.0,23,781,3.0
201700051323,2,1,5,1,9,2.0,13211,140,21,34,0,0.0,3.0,4,1,1,5.0,1936,3,4.0,10,0.0,3.0,300,123,3.0
200700069168,12,25,5,1,5,5.0,553,920,11,30,9,0.0,10.0,7,1,3,1.0,2002,7,2.0,3,0.0,1.0,53,225,0.0
200700045901,8,23,5,2,0,3.0,6161,760,0,57,43,1.0,19.0,9,1,1,1.0,1973,9,2.0,36,3.0,0.0,225,137,2.0
200600044403,5,7,5,1,8,7.0,666,540,21,34,35,1.0,24.0,10,1,2,4.0,1926,6,2.0,50,0.0,3.0,83,138,4.0
200900008948,3,17,5,1,2,3.0,33249,540,16,30,99,2.0,8.0,0,1,2,1.0,1901,3,3.0,4,3.0,0.0,50,225,8.0
200600000171,10,8,5,1,7,4.0,30151,201,20,40,31,0.0,10.0,8,2,1,1.0,1992,5,1.0,26,0.0,0.0,300,713,3.0
201600031897,7,5,5,1,5,2.0,412,66,14,33,40,2.0,18.0,1,2,3,0.0,1932,3,2.0,7,1.0,1.0,48,160,2.0
201300047724,8,28,5,1,2,5.0,74307,94,11,17,34,1.0,23.0,8,1,3,3.0,1987,3,2.0,40,3.0,0.0,207,425,6.0
201700015141,3,30,2,2,9,4.0,577,360,16,25,43,0.0,19.0,6,1,1,9.0,1977,4,2.0,7,3.0,2.0,65,23,2.0
201300051465,12,31,5,1,3,5.0,153,81,11,41,8,4.0,19.0,0,3,2,2.0,1963,6,2.0,11,0.0,3.0,136,169,6.0
200900049248,11,31,5,2,3,7.0,296,20,0,43,2,1.0,3.0,7,1,3,2.0,1945,1,2.0,2,3.0,2.0,350,171,0.0
200700055544,3,21,5,1,6,5.0,94028,240,14,38,37,3.0,8.0,10,1,2,0.0,1924,4,2.0,10,3.0,4.0,16,149,5.0
200900055694,1,26,5,2,3,3.0,55029,470,19,43,36,3.0,23.0,8,2,3,3.0,1920,2,2.0,7,4.0,2.0,101,88,2.0
201200019187,1,13,4,1,4,4.0,31149,710,13,43,11,0.0,22.0,1,1,1,0.0,2011,9,2.0,2,0.0,2.0,122,815,3.0
200600042277,9,28,2,1,4,6.0,21127,410,18,22,80,5.0,20.0,10,3,3,0.0,1942,9,2.0,12,1.0,2.0,54,81,5.0
201500026349,8,14,5,2,2,7.0,776,290,0,50,7,8.0,4.0,1,2,1,3.0,1998,1,0.0,4,3.0,1.0,17,36,6.0
200500017985,5,27,5,1,7,1.0,121,36,0,21,40,4.0,8.0,10,2,2,2.0,1901,5,1.0,1,0.0,0.0,103,78,8.0
201400028857,8,7,5,2,5,7.0,59599,9,19,5,0,5.0,7.0,8,3,3,2.0,1991,9,2.0,11,1.0,3.0,57,570,2.0
201400054776,12,28,5,2,2,4.0,457,490,0,22,50,5.0,4.0,0,3,3,9.0,1970,4,2.0,11,4.0,1.0,200,171,1.0
200900003684,2,23,1,1,6,6.0,30223,24,16,34,30,6.0,19.0,5,2,3,0.0,1928,4,2.0,36,1.0,4.0,94,275,4.0
201500057932,4,12,3,2,6,6.0,89,58,17,17,34,8.0,11.0,2,3,2,9.0,1981,2,2.0,12,2.0,4.0,52,510,1.0
201100017854,4,18,5,1,9,2.0,608,87,15,45,4,6.0,14.0,5,2,1,5.0,1909,3,0.0,13,1.0,0.0,70,90,1.0
201700000540,3,29,5,2,5,6.0,340,66,13,30,30,9.0,25.0,0,1,3,9.0,1995,1,2.0,9,3.0,1.0,200,23,6.0
200800065455,6,15,2,2,5,5.0,86,59,14,53,36,2.0,0.0,4,1,3,4.0,1979,4,2.0,14,3.0,4.0,197,39,5.0
201300049506,3,8,5,2,3,6.0,123,4,23,57,6,0.0,4.0,3,2,2,4.0,2014,2,0.0,30,4.0,3.0,260,190,4.0
200800007453,4,23,5,1,2,4.0,340,67,10,34,35,8.0,9.0,1,3,2,3.0,1978,2,2.0,10,4.0,2.0,223,156,8.0
201400013423,12,24,5,1,3,7.0,68195,250,11,59,36,9.0,6.0,9,2,1,0.0,2007,4,2.0,40,4.0,3.0,250,268,4.0
201200054089,5,13,5,2,5,5.0,54,320,13,38,31,6.0,6.0,7,1,1,3.0,1944,5,2.0,26,1.0,4.0,89,91,3.0
201200016131,2,17,5,1,7,4.0,476,8,16,20,35,9.0,4.0,10,3,3,4.0,1948,2,2.0,16,4.0,0.0,61,179,3.0
201200024936,3,9,2,2,7,5.0,121,640,10,30,34,9.0,10.0,7,1,3,4.0,1963,7,2.0,2,2.0,1.0,280,86,1.0
200900001997,7,31,4,2,6,3.0,512,620,23,15,6,1.0,10.0,8,2,2,4.0,1913,6,2.0,36,3.0,2.0,247,89,2.0
201400033480,2,22,5,2,5,6.0,280,270,16,53,11,3.0,22.0,0,1,2,3.0,1975,7,2.0,12,1.0,1.0,135,89,8.0
201300009299,9,3,5,1,3,5.0,28148,87,12,45,35,6.0,13.0,5,3,1,5.0,1946,6,2.0,12,0.0,0.0,72,314,8.0
200900004335,6,17,5,2,7,7.0,233,920,10,34,37,5.0,19.0,10,3,3,3.0,1956,3,2.0,16,3.0,2.0,86,999,4.0
200700022919,10,28,5,2,5,1.0,13204,57,14,41,10,3.0,14.0,3,1,1,3.0,1940,2,3.0,13,2.0,4.0,406,214,2.0
201800033782,3,22,5,1,9,4.0,66136,220,20,21,8,8.0,0.0,0,2,3,0.0,1993,4,4.0,36,0.0,4.0,35,193,5.0