num_acc,mois,jour,lum,agg,int,col,com,dep,hr,mn,catv,choc,manv,place,catu,grav,trajet,an_nais,catr,circ,nbv,prof,plan,lartpc,larrout,situ
201800023620,3,25,5,1,2,4.0,69167,7,17,33,8,7.0,18.0,2,3,3,3.0,1952,1,3.0,1,3.0,4.0,70,165,3.0
201600009931,1,30,3,2,1,7.0,71251,520,14,53,43,1.0,10.0,7,1,1,1.0,1937,4,3.0,11,0.0,1.0,39,83,0.0
200800026307,6,22,5,2,4,4.0,430,630,0,20,35,6.0,24.0,6,3,1,1.0,2015,7,2.0,12,0.0,4.0,127,210,3.0
201000038547,9,3,3,1,9,1.0,220,610,12,0,6,5.0,5.0,10,3,1,1.0,1984,7,2.0,26,0.0,2.0,26,178,5.0
200500057739,10,13,5,2,4,6.0,312,67,20,55,18,2.0,17.0,5,2,1,1.0,2010,2,4.0,10,0.0,2.0,38,180,0.0
201500057811,12,5,5,1,7,7.0,446,75,13,41,6,8.0,15.0,10,1,3,5.0,1914,5,2.0,13,2.0,4.0,9,380,0.0
201300013329,11,18,5,1,4,3.0,14020,24,20,40,33,8.0,6.0,8,2,1,4.0,1962,5,2.0,2,0.0,3.0,82,78,5.0
201900004126,7,24,5,1,8,1.0,656,41,18,35,17,3.0,9.0,1,1,3,3.0,1953,3,2.0,14,4.0,3.0,63,657,6.0
201000051651,8,10,5,1,4,3.0,195,49,22,20,30,1.0,26.0,8,3,2,5.0,1967,3,2.0,20,0.0,1.0,58,56,6.0
201600016875,10,3,5,2,6,6.0,95500,540,13,45,16,4.0,8.0,0,3,3,2.0,1913,1,2.0,4,0.0,2.0,18,265,8.0
200700080753,10,4,5,2,4,2.0,13216,320,18,55,42,0.0,3.0,1,1,2,5.0,1932,6,2.0,9,0.0,3.0,23,12,8.0
200700027661,3,8,5,2,9,5.0,597,520,15,5,21,6.0,22.0,6,3,2,3.0,1937,4,2.0,13,2.0,1.0,70,51,2.0
200500044898,4,17,5,2,4,5.0,24,790,11,34,31,2.0,26.0,10,3,3,5.0,1962,2,2.0,1,1.0,4.0,7,810,2.0
200700008534,8,19,5,1,8,2.0,93051,840,18,25,13,9.0,3.0,2,2,3,0.0,1940,6,2.0,8,0.0,0.0,39,680,5.0
201600044369,9,5,5,1,1,6.0,78423,39,12,11,15,5.0,15.0,3,3,1,0.0,2004,4,2.0,-1,0.0,4.0,7,84,4.0
200900071889,7,8,2,2,3,7.0,416,820,12,21,50,3.0,0.0,3,3,3,5.0,1992,1,2.0,40,2.0,0.0,210,700,6.0
201600015226,3,10,5,1,1,1.0,618,590,15,15,6,7.0,16.0,1,3,2,4.0,1901,5,2.0,26,1.0,1.0,279,172,1.0
200900064921,9,20,5,2,2,3.0,22339,820,13,25,50,3.0,23.0,4,2,1,5.0,1929,3,2.0,10,3.0,2.0,100,191,8.0
201400053972,9,14,5,1,2,7.0,77181,76,0,17,0,2.0,19.0,3,1,2,4.0,1934,6,2.0,1,0.0,2.0,170,8,0.0
201700023041,3,13,5,2,8,2.0,75116,7,12,24,5,8.0,9.0,10,2,1,5.0,2000,6,1.0,12,4.0,4.0,6,240,3.0
201200034511,7,24,5,2,7,6.0,528,202,20,41,21,9.0,12.0,3,1,2,5.0,1942,2,2.0,4,3.0,2.0,28,11,0.0
201400054366,7,9,5,2,4,3.0,345,880,11,30,0,1.0,23.0,9,2,3,0.0,1949,1,2.0,36,0.0,4.0,21,106,3.0
200600049936,10,29,5,1,5,4.0,385,670,13,57,21,5.0,8.0,5,1,2,5.0,1915,9,2.0,8,1.0,3.0,330,192,6.0
200500058506,8,31,5,2,7,2.0,20,85,13,43,18,8.0,13.0,6,3,1,9.0,1973,6,2.0,0,2.0,4.0,28,117,8.0
200900065555,5,31,4,2,8,3.0,1,620,22,11,34,1.0,22.0,0,3,2,4.0,2000,2,2.0,2,1.0,0.0,260,208,1.0
200800032223,8,11,5,1,2,6.0,362,3,13,57,38,9.0,16.0,3,2,1,9.0,1983,3,2.0,14,2.0,4.0,118,690,1.0
201000064951,9,29,2,2,0,6.0,45068,60,14,25,4,0.0,13.0,2,1,1,5.0,1938,1,2.0,10,1.0,2.0,205,149,5.0
201100012569,8,9,5,2,0,1.0,576,57,22,38,39,2.0,4.0,9,2,2,9.0,1951,6,2.0,11,1.0,4.0,73,104,6.0
201300009552,9,5,5,2,7,3.0,59568,840,10,36,19,4.0,7.0,0,3,2,4.0,1949,6,1.0,-1,0.0,4.0,53,96,8.0
201800005713,5,22,4,2,6,5.0,66096,83,21,35,19,4.0,6.0,7,1,2,2.0,1928,9,3.0,2,2.0,2.0,27,192,0.0
201300009425,2,12,2,2,1,4.0,656,43,12,22,20,6.0,10.0,6,3,3,9.0,1973,1,0.0,20,4.0,2.0,128,530,8.0
200700080236,1,19,4,2,2,4.0,770,120,20,55,99,5.0,20.0,0,1,3,1.0,2018,4,2.0,4,1.0,4.0,110,73,1.0
201000022341,8,24,5,1,9,3.0,12300,460,21,43,60,4.0,13.0,7,1,1,3.0,1951,1,2.0,11,0.0,4.0,141,410,6.0
201200003929,2,20,5,2,3,7.0,91613,480,15,57,16,3.0,7.0,9,3,2,9.0,1957,1,0.0,4,3.0,3.0,50,193,3.0
201700047964,10,30,5,2,7,3.0,67106,28,15,41,10,5.0,17.0,8,1,2,1.0,1941,3,0.0,16,2.0,2.0,165,510,2.0
201100046972,5,5,5,2,5,4.0,68332,36,19,0,19,2.0,23.0,8,1,2,5.0,2003,2,2.0,10,1.0,0.0,182,205,0.0
200700074861,11,5,5,2,3,7.0,30345,78,23,34,3,3.0,7.0,10,2,1,2.0,1939,6,2.0,30,1.0,1.0,109,89,0.0
200500034072,9,12,1,2,9,4.0,62,26,10,55,31,9.0,25.0,5,1,3,1.0,1945,7,2.0,11,2.0,2.0,270,312,8.0
201100057267,12,29,3,2,8,7.0,44072,18,11,11,0,2.0,9.0,10,3,3,0.0,2014,3,2.0,36,0.0,2.0,132,28,8.0
201100008030,6,25,5,1,3,6.0,68333,16,22,57,4,8.0,23.0,3,2,3,9.0,2000,1,2.0,20,2.0,2.0,80,77,4.0
200800005200,9,7,4,2,4,6.0,26226,74,13,17,34,9.0,22.0,8,2,1,5.0,1976,4,2.0,12,1.0,0.0,127,324,2.0
200800032323,5,4,3,2,5,3.0,54547,38,12,24,16,6.0,1.0,5,3,1,1.0,1980,3,2.0,2,0.0,0.0,270,9,8.0
201000039871,2,5,5,1,4,4.0,60024,71,15,15,14,9.0,7.0,5,3,2,1.0,2005,2,2.0,13,0.0,1.0,49,780,2.0
200600082446,12,19,2,2,3,3.0,154,530,0,34,21,0.0,13.0,6,1,1,9.0,2004,5,2.0,12,0.0,2.0,15,138,4.0
200700079869,4,15,3,2,9,3.0,433,10,15,11,17,8.0,26.0,2,1,2,2.0,1956,3,2.0,7,4.0,2.0,136,26,4.0
201100042207,4,18,5,1,4,4.0,91223,974,16,0,19,1.0,26.0,8,3,1,0.0,1954,2,2.0,8,0.0,0.0,58,450,3.0
201400013816,11,18,4,1,9,1.0,271,50,17,22,50,4.0,22.0,1,1,2,5.0,1901,5,3.0,9,2.0,2.0,102,355,6.0
201200051026,5,30,5,1,7,6.0,444,30,11,8,37,9.0,24.0,10,1,3,9.0,1927,7,3.0,16,0.0,4.0,4,117,2.0
200700030062,2,14,5,2,6,6.0,114,18,13,41,34,2.0,1.0,10,2,1,4.0,1949,9,4.0,36,2.0,1.0,10,27,0.0
201400051604,12,23,5,1,4,7.0,28177,520,19,10,8,4.0,2.0,2,1,2,2.0,1933,4,1.0,4,3.0,2.0,4,400,1.0
201700031601,5,31,5,1,4,6.0,359,890,20,36,60,5.0,20.0,3,1,1,5.0,1947,4,2.0,30,3.0,2.0,100,6,5.0
201200037171,8,28,5,2,7,3.0,52,470,10,36,14,1.0,20.0,5,3,3,5.0,2005,2,2.0,14,1.0,3.0,275,815,2.0
201500029649,12,6,3,1,4,7.0,91086,810,20,40,37,9.0,4.0,5,1,1,3.0,2009,3,1.0,6,4.0,2.0,100,55,2.0
200900029041,9,1,5,2,5,1.0,465,25,22,24,37,0.0,15.0,9,2,3,0.0,2011,3,2.0,3,3.0,2.0,203,158,5.0
200900029536,2,8,5,1,2,2.0,13216,450,20,17,13,3.0,8.0,10,1,2,0.0,1953,9,2.0,5,1.0,1.0,70,56,8.0
201000046704,10,31,3,1,0,1.0,0,48,16,21,60,2.0,19.0,4,3,2,2.0,1981,9,2.0,7,3.0,0.0,108,85,2.0
200600023299,11,3,5,1,0,6.0,565,93,11,45,37,5.0,3.0,9,2,2,5.0,1992,7,2.0,10,1.0,3.0,223,615,1.0
201600040798,4,13,5,2,6,6.0,219,850,23,36,34,0.0,15.0,5,1,2,4.0,1933,5,2.0,1,2.0,3.0,38,277,3.0
200500044447,7,15,5,2,0,7.0,255,820,21,15,21,5.0,2.0,3,1,1,1.0,1966,3,1.0,50,1.0,0.0,590,174,4.0
201800010544,7,5,5,2,4,1.0,378,380,19,53,38,3.0,2.0,7,2,3,2.0,2009,2,2.0,40,0.0,4.0,52,224,5.0
201400012076,8,1,3,1,0,1.0,804,61,15,25,60,1.0,14.0,4,2,3,5.0,1918,5,2.0,1,2.0,1.0,194,105,0.0
200800055438,12,16,5,2,2,6.0,1,57,0,41,33,9.0,25.0,8,3,3,2.0,1966,4,2.0,36,2.0,1.0,52,325,5.0
201500042758,10,15,5,1,9,1.0,760,17,10,30,20,5.0,7.0,0,1,2,5.0,1943,2,2.0,11,3.0,4.0,115,280,1.0
201500010055,7,9,5,1,0,2.0,28,73,12,0,5,7.0,6.0,4,3,3,0.0,1925,1,1.0,6,1.0,2.0,83,230,6.0
201800012204,9,3,1,2,0,2.0,77118,80,21,34,34,5.0,9.0,2,1,3,5.0,1942,6,2.0,30,0.0,1.0,90,710,0.0
201000024919,7,17,5,1,2,1.0,143,300,23,33,5,6.0,3.0,6,3,3,3.0,1996,4,2.0,30,1.0,0.0,75,202,2.0
200700060892,10,25,4,2,8,7.0,78123,987,18,8,10,1.0,2.0,2,2,2,4.0,1911,1,2.0,30,4.0,1.0,108,222,0.0
200900041694,5,6,2,2,9,5.0,434,66,0,34,14,9.0,10.0,4,1,3,2.0,1932,1,2.0,2,2.0,2.0,18,147,8.0
201400004213,9,5,2,1,5,2.0,499,45,13,21,11,4.0,21.0,1,3,1,4.0,1993,3,2.0,12,3.0,2.0,87,39,6.0
201400037363,7,26,3,1,8,2.0,95116,35,12,10,5,7.0,26.0,4,1,2,4.0,1945,2,3.0,8,3.0,1.0,51,224,1.0
201700038351,4,30,5,1,8,2.0,44128,971,23,38,9,6.0,13.0,10,3,1,0.0,1993,9,2.0,10,0.0,0.0,85,68,4.0
201800039625,8,20,3,2,3,2.0,75115,33,23,53,18,1.0,12.0,3,3,3,3.0,2011,7,4.0,-1,4.0,4.0,89,180,0.0
201900057801,4,6,5,2,3,2.0,322,52,20,10,60,2.0,12.0,6,2,3,2.0,1935,6,4.0,-1,4.0,4.0,64,88,2.0
201400022926,10,7,5,2,0,1.0,74,5,18,21,15,7.0,13.0,0,1,1,9.0,1999,4,2.0,14,4.0,0.0,150,324,8.0
201600056561,4,14,5,2,8,2.0,453,720,11,8,37,5.0,8.0,1,3,2,9.0,1970,9,2.0,9,0.0,3.0,400,119,4.0
201600007799,6,12,1,1,3,2.0,431,850,15,53,43,8.0,1.0,7,3,1,1.0,1939,6,0.0,4,2.0,3.0,12,133,1.0
201200054093,6,20,5,2,8,5.0,38074,370,13,24,9,7.0,22.0,7,2,1,4.0,1952,5,4.0,4,2.0,3.0,53,245,4.0
201400036415,1,31,5,1,9,7.0,27260,87,19,11,31,2.0,10.0,5,2,2,2.0,1939,2,2.0,3,2.0,4.0,65,122,2.0
201300007676,12,25,5,2,2,5.0,94041,201,22,41,13,3.0,11.0,2,2,1,0.0,1963,7,3.0,16,2.0,3.0,15,675,0.0
201700036200,1,9,3,1,6,5.0,94076,83,16,33,4,1.0,7.0,10,2,2,2.0,2006,7,2.0,26,0.0,1.0,510,178,5.0
201300046928,4,5,2,2,8,6.0,94068,230,19,57,36,5.0,0.0,1,2,2,2.0,1987,3,1.0,5,4.0,4.0,25,60,8.0
201000066797,6,5,4,2,3,6.0,28148,750,19,17,8,8.0,2.0,7,1,2,1.0,1926,7,2.0,16,0.0,4.0,19,166,5.0
201400046841,4,29,5,1,5,4.0,304,340,23,36,39,6.0,4.0,0,3,2,2.0,1920,5,2.0,0,3.0,4.0,150,168,3.0
200900047572,1,11,5,2,7,6.0,12202,78,14,24,1,8.0,14.0,8,1,1,4.0,1911,6,2.0,11,4.0,3.0,400,999,2.0
200900016905,8,25,5,2,0,5.0,905,110,14,15,7,4.0,8.0,6,2,3,9.0,1971,7,2.0,10,2.0,3.0,270,125,6.0
200500050073,8,9,5,2,9,5.0,62528,47,15,40,60,8.0,20.0,2,3,3,5.0,1919,2,2.0,10,4.0,3.0,64,34,8.0
201000026035,8,30,5,2,0,6.0,242,201,15,15,2,2.0,3.0,5,3,2,2.0,2006,1,0.0,26,1.0,2.0,53,420,5.0
200900016528,12,20,5,1,7,1.0,64483,16,11,41,31,5.0,12.0,9,1,1,1.0,1919,9,2.0,0,3.0,4.0,19,84,3.0
200700015038,7,22,5,2,4,5.0,638,840,12,50,38,5.0,3.0,2,1,2,9.0,1916,1,2.0,3,0.0,3.0,62,430,4.0
201800018255,2,9,5,2,9,7.0,432,51,13,41,31,3.0,0.0,10,2,1,5.0,1930,4,2.0,8,2.0,4.0,161,33,3.0
201800041880,12,6,2,1,8,2.0,22,230,17,11,60,5.0,23.0,5,1,2,2.0,2007,4,2.0,4,1.0,2.0,450,65,8.0
201200036327,10,18,2,1,9,6.0,218,310,18,53,80,3.0,25.0,8,1,3,1.0,1908,7,2.0,8,3.0,4.0,114,216,8.0
200700034781,6,25,3,1,2,6.0,143,880,23,57,60,7.0,2.0,1,2,2,0.0,1971,7,1.0,16,1.0,4.0,107,115,4.0
200800046561,3,24,2,1,8,6.0,23,49,14,41,99,7.0,10.0,5,3,3,4.0,1978,2,2.0,12,1.0,0.0,22,110,0.0
200900015026,8,4,3,2,4,2.0,12057,20,12,11,30,5.0,13.0,4,2,1,1.0,1936,5,1.0,36,3.0,1.0,55,128,5.0
201200033575,8,18,5,2,7,6.0,16154,29,11,0,32,7.0,16.0,2,3,3,0.0,1999,2,2.0,5,2.0,1.0,800,160,1.0
201600001585,7,4,5,2,4,6.0,45315,62,17,55,39,1.0,4.0,1,3,1,5.0,1948,7,3.0,0,3.0,2.0,143,156,6.0
201800036173,6,11,5,2,2,4.0,78206,55,19,35,12,3.0,6.0,2,1,2,1.0,1914,2,0.0,14,1.0,4.0,210,214,0.0
201300007586,1,8,5,2,7,4.0,181,700,11,40,38,6.0,19.0,6,1,3,1.0,2019,4,0.0,9,4.0,3.0,39,77,8.0
201200008993,7,26,5,1,3,7.0,59017,80,12,55,42,3.0,12.0,5,3,1,4.0,1979,5,2.0,30,1.0,1.0,101,76,6.0
200900062635,9,25,2,2,4,3.0,169,800,15,25,12,6.0,15.0,0,3,3,5.0,1965,2,3.0,8,4.0,1.0,340,125,3.0
200800055705,6,10,1,1,9,6.0,219,450,21,11,99,2.0,14.0,6,1,2,0.0,1965,2,1.0,14,1.0,0.0,69,110,5.0
201100006658,9,17,5,2,9,1.0,654,40,20,36,0,2.0,6.0,2,1,3,9.0,1910,3,2.0,7,4.0,2.0,109,149,3.0
201300006172,6,11,5,2,2,3.0,13037,880,10,22,2,4.0,14.0,10,2,3,2.0,1938,6,2.0,5,4.0,0.0,65,112,5.0
200800072971,4,31,5,1,6,6.0,72346,510,16,53,99,2.0,16.0,7,3,3,0.0,1929,3,2.0,16,2.0,4.0,350,230,3.0
201000019507,9,12,5,2,9,2.0,317,47,19,57,21,7.0,1.0,0,3,1,3.0,1909,5,2.0,0,2.0,1.0,26,156,8.0
200600057028,4,24,5,2,3,6.0,92024,290,16,15,7,1.0,24.0,7,3,1,2.0,1997,3,2.0,13,2.0,2.0,364,162,2.0
200700038645,10,23,4,2,3,1.0,575,66,0,21,20,0.0,4.0,0,2,2,3.0,1962,4,2.0,4,2.0,4.0,900,136,6.0
200900037113,1,6,5,2,8,2.0,145,710,17,45,1,2.0,18.0,0,2,2,0.0,1977,4,1.0,5,0.0,1.0,9,192,1.0
201000045098,9,17,5,1,7,5.0,92049,21,19,21,9,2.0,12.0,9,3,3,4.0,2010,6,2.0,10,0.0,3.0,110,38,6.0
201400036457,11,19,5,1,5,5.0,197,390,16,45,30,4.0,1.0,6,1,3,4.0,1933,2,2.0,8,0.0,2.0,9,221,2.0
201700019044,11,10,4,2,6,3.0,42207,370,22,41,36,5.0,23.0,5,3,2,9.0,1900,5,2.0,7,4.0,2.0,105,170,4.0
201700019074,3,17,5,2,8,5.0,93078,37,22,34,17,9.0,7.0,6,3,3,2.0,1967,1,2.0,2,4.0,2.0,71,184,8.0
201100062345,6,25,5,2,9,7.0,733,45,17,45,7,7.0,4.0,2,1,2,1.0,1917,6,2.0,10,4.0,0.0,504,139,1.0
201400024174,6,30,5,1,8,6.0,564,78,12,17,4,7.0,0.0,1,2,2,4.0,1997,7,3.0,1,0.0,2.0,137,145,8.0
200900009304,1,22,5,2,5,1.0,338,270,13,35,17,7.0,26.0,10,2,1,4.0,1928,7,2.0,0,1.0,2.0,39,127,4.0
201100056941,5,20,5,2,0,5.0,247,640,13,59,1,8.0,21.0,10,2,2,5.0,1990,7,2.0,1,1.0,1.0,53,33,2.0
201000019996,2,14,5,2,8,4.0,548,230,15,10,12,8.0,2.0,3,2,3,3.0,1978,9,0.0,14,3.0,3.0,9,120,0.0
200500051638,8,22,1,2,7,1.0,33281,58,21,15,38,4.0,19.0,5,2,2,2.0,2005,4,0.0,8,1.0,0.0,105,59,0.0
201500055746,8,2,5,2,9,1.0,611,61,10,38,10,9.0,15.0,8,1,2,5.0,1951,9,2.0,16,4.0,4.0,83,480,1.0
200600058209,1,1,2,2,5,7.0,569,33,16,24,50,1.0,18.0,9,2,2,3.0,1950,3,4.0,3,0.0,0.0,165,181,6.0
200600073096,8,14,1,2,8,3.0,354,140,0,35,19,0.0,25.0,6,1,1,4.0,2012,3,2.0,14,4.0,2.0,350,143,6.0
200500010705,2,14,1,2,1,6.0,212,17,0,41,38,3.0,0.0,9,1,3,2.0,1956,6,2.0,20,0.0,4.0,143,115,2.0
200900068856,8,11,5,1,4,4.0,225,680,14,5,1,6.0,19.0,5,2,1,0.0,1917,6,1.0,8,4.0,0.0,122,420,8.0
201100046115,7,20,5,2,4,2.0,72346,240,16,30,31,1.0,0.0,9,1,3,1.0,1989,5,2.0,-1,0.0,0.0,39,925,1.0
201900051892,10,10,3,2,4,3.0,75120,910,12,5,38,4.0,8.0,10,1,2,9.0,1970,6,2.0,50,1.0,3.0,84,215,4.0
201600018466,6,10,5,2,5,4.0,811,44,14,24,9,9.0,11.0,3,2,2,0.0,1913,3,1.0,11,4.0,2.0,182,174,2.0
200500065915,4,26,2,2,7,3.0,4116,63,15,20,31,5.0,9.0,4,2,3,0.0,1925,5,2.0,5,0.0,0.0,130,107,3.0
200700074962,12,17,5,1,9,6.0,38348,22,16,25,5,2.0,9.0,7,2,2,0.0,1963,3,2.0,14,2.0,1.0,164,34,6.0
201500020612,6,29,2,2,7,3.0,341,930,23,43,16,6.0,9.0,1,3,3,5.0,2000,9,1.0,50,3.0,1.0,100,132,2.0
201500046709,8,29,5,1,8,7.0,77058,27,21,21,2,8.0,7.0,5,3,1,3.0,1994,1,2.0,8,0.0,2.0,6,660,3.0
201200035774,11,30,5,2,6,6.0,323,26,13,50,40,0.0,13.0,5,1,3,5.0,1995,3,2.0,12,4.0,1.0,39,770,2.0
200900060486,7,23,5,2,7,7.0,70550,14,15,41,19,0.0,7.0,6,2,2,4.0,1952,6,4.0,5,4.0,4.0,99,255,6.0
200600038440,8,29,5,1,9,1.0,14119,7,11,25,14,8.0,25.0,6,2,2,1.0,1989,9,0.0,20,4.0,0.0,69,200,6.0
201500043068,6,25,4,2,3,4.0,10066,49,14,53,50,0.0,22.0,7,1,2,0.0,2013,2,2.0,11,2.0,3.0,66,21,0.0
201000004541,12,22,5,1,7,6.0,746,360,23,43,43,5.0,6.0,3,2,2,5.0,1946,5,2.0,20,3.0,4.0,51,720,8.0
201800022976,9,11,5,2,8,4.0,10325,974,11,17,10,7.0,14.0,10,3,1,9.0,1986,2,2.0,7,0.0,3.0,400,90,8.0
201000025391,2,11,5,2,2,1.0,19234,26,12,43,7,2.0,16.0,6,1,1,4.0,1980,9,1.0,5,0.0,2.0,240,532,0.0
200800022933,4,29,5,1,5,3.0,79216,65,23,30,9,1.0,14.0,8,2,1,2.0,1951,3,2.0,14,2.0,3.0,4,770,5.0
201300045364,6,8,5,1,6,6.0,87085,28,22,22,12,7.0,2.0,0,3,3,5.0,1967,3,2.0,16,0.0,4.0,9,258,4.0
201400003668,9,15,5,2,3,6.0,423,971,20,10,31,1.0,5.0,7,2,3,0.0,1931,5,2.0,1,1.0,4.0,400,234,8.0
201300011523,10,28,3,1,9,5.0,52093,17,16,35,34,8.0,9.0,7,3,3,9.0,1962,7,2.0,5,3.0,4.0,142,15,6.0
200700079478,5,23,5,2,8,1.0,82,910,13,8,42,5.0,13.0,6,2,1,4.0,1985,9,2.0,30,2.0,3.0,78,142,4.0
200700070194,7,17,5,2,4,2.0,18,300,20,15,1,4.0,25.0,10,3,1,1.0,1955,2,2.0,5,4.0,0.0,194,118,4.0
200500011292,5,23,5,1,3,1.0,798,41,14,53,99,5.0,10.0,6,3,2,1.0,1944,4,2.0,11,2.0,2.0,95,420,0.0
201100025830,10,12,5,2,9,5.0,85234,480,14,24,0,0.0,17.0,4,2,3,1.0,1950,6,2.0,10,1.0,1.0,203,600,6.0
200600000739,9,13,2,2,7,6.0,827,780,15,10,80,8.0,21.0,3,1,2,5.0,1916,7,2.0,11,0.0,4.0,72,255,8.0
201500011689,1,28,1,2,6,1.0,44180,100,19,21,35,1.0,5.0,0,2,2,3.0,1972,2,3.0,50,2.0,0.0,137,287,2.0
200800054197,10,20,5,1,6,6.0,687,220,20,38,13,7.0,12.0,0,3,2,2.0,2006,1,2.0,36,3.0,0.0,25,164,3.0
200900058511,1,23,5,1,8,5.0,59,140,15,59,43,0.0,23.0,3,2,2,5.0,1964,2,4.0,14,4.0,2.0,137,36,3.0
200900031842,7,23,5,1,9,1.0,65,42,16,53,99,7.0,0.0,2,2,1,1.0,1950,7,0.0,20,0.0,2.0,56,264,5.0
200800047271,1,16,5,2,0,7.0,13212,44,20,50,80,5.0,25.0,4,2,3,1.0,2018,1,2.0,0,4.0,1.0,108,505,5.0
200800040269,10,18,5,1,0,4.0,620,89,16,38,17,7.0,23.0,6,3,1,4.0,1913,9,2.0,50,3.0,0.0,28,228,4.0
201200023546,7,17,2,1,3,3.0,228,670,22,24,1,4.0,16.0,0,3,3,4.0,1989,4,2.0,13,2.0,3.0,310,212,8.0
200800043974,11,12,5,1,1,4.0,638,1000,22,59,50,6.0,10.0,7,1,3,4.0,1924,2,0.0,8,2.0,0.0,70,10,5.0
200500075087,7,17,5,1,9,1.0,141,660,20,0,5,9.0,18.0,3,3,3,5.0,1915,1,2.0,16,2.0,2.0,60,62,0.0
201100032588,12,14,5,2,2,2.0,223,988,21,40,40,3.0,18.0,1,3,2,3.0,1979,6,2.0,16,0.0,4.0,65,570,6.0
200700038433,2,28,5,2,1,1.0,97421,1001,17,0,1,3.0,24.0,6,2,3,1.0,1947,2,2.0,14,4.0,4.0,104,680,1.0
201200047237,3,18,4,2,5,7.0,529,95,19,41,5,8.0,11.0,5,2,3,5.0,1916,5,2.0,9,2.0,2.0,180,375,3.0
201000057358,11,21,4,2,6,5.0,144,60,15,15,1,2.0,0.0,6,2,2,3.0,1994,2,3.0,7,0.0,3.0,34,204,1.0
201500024958,7,3,4,2,0,7.0,467,20,12,17,3,1.0,0.0,2,1,2,5.0,1965,1,2.0,6,0.0,2.0,106,255,5.0
201500040647,1,26,5,1,6,1.0,78133,95,19,5,15,8.0,23.0,3,3,2,0.0,1980,1,2.0,50,0.0,2.0,122,310,0.0
200800001455,3,20,5,1,1,6.0,422,630,14,11,5,2.0,9.0,6,3,2,0.0,1932,1,2.0,-1,1.0,4.0,150,425,6.0
200900029700,11,18,5,2,9,5.0,645,400,21,59,18,3.0,24.0,1,3,1,0.0,1964,3,2.0,5,1.0,2.0,11,85,2.0
201800046895,6,23,3,1,3,7.0,309,310,22,15,6,0.0,14.0,8,3,3,3.0,1919,9,0.0,2,0.0,2.0,108,165,0.0
200900038635,4,21,5,1,1,1.0,645,570,16,15,0,9.0,11.0,0,2,3,3.0,2003,4,2.0,36,0.0,4.0,260,315,4.0
200800036260,3,1,5,2,9,4.0,52116,53,23,38,11,6.0,16.0,5,1,1,3.0,1920,3,2.0,10,0.0,2.0,135,272,8.0
200700075472,10,10,5,2,2,3.0,396,92,16,40,20,7.0,26.0,0,1,2,3.0,2003,7,2.0,5,4.0,2.0,20,139,0.0
200700057424,5,8,5,2,8,6.0,45284,63,11,38,3,6.0,24.0,4,2,3,0.0,1962,2,2.0,7,4.0,1.0,120,410,6.0
201800003716,2,14,5,2,5,6.0,69388,65,22,41,80,3.0,9.0,9,3,3,0.0,2012,4,2.0,40,3.0,1.0,160,110,6.0
201300007290,1,17,5,1,4,4.0,67212,640,16,20,99,2.0,17.0,0,1,2,0.0,1981,7,2.0,5,2.0,3.0,104,620,6.0
200800051357,9,18,5,2,2,1.0,695,65,13,36,9,7.0,8.0,2,3,3,4.0,1926,5,2.0,26,3.0,3.0,84,610,1.0
200900017183,5,1,5,1,8,7.0,83035,530,15,55,42,4.0,2.0,2,1,2,3.0,1947,4,2.0,12,1.0,4.0,107,730,4.0
201200004695,6,13,2,1,5,1.0,69167,220,22,21,17,6.0,13.0,4,2,3,3.0,1980,7,2.0,13,1.0,3.0,58,255,8.0
201700014607,4,21,5,2,6,1.0,156,740,12,15,12,4.0,20.0,1,2,2,2.0,1913,3,2.0,36,1.0,3.0,165,33,2.0
201600030202,7,5,5,2,4,4.0,905,86,15,59,19,3.0,11.0,10,1,3,4.0,1963,9,3.0,6,4.0,4.0,190,657,3.0
201600057686,7,8,5,2,1,3.0,44109,860,23,38,2,0.0,7.0,7,3,2,0.0,1915,1,2.0,8,1.0,3.0,141,560,2.0
200800015741,7,7,2,1,3,3.0,196,42,22,33,11,6.0,0.0,10,1,1,2.0,1922,7,2.0,9,3.0,1.0,4,73,4.0
201000029192,10,25,5,2,0,6.0,841,22,16,20,15,5.0,7.0,9,3,3,2.0,1980,6,2.0,8,0.0,0.0,86,210,5.0
200800047644,11,18,5,2,2,2.0,416,570,0,24,2,0.0,9.0,4,3,1,5.0,1940,9,2.0,30,4.0,1.0,63,129,5.0
201100031659,1,21,2,2,6,1.0,592,25,14,35,50,4.0,9.0,10,1,2,3.0,1958,5,1.0,30,0.0,2.0,800,409,0.0
200500046635,10,2,5,1,9,5.0,416,430,22,53,1,7.0,7.0,9,3,3,2.0,1978,1,2.0,4,2.0,1.0,192,680,5.0
200500061799,6,29,4,2,4,7.0,526,11,17,11,1,1.0,5.0,4,3,2,4.0,1922,9,2.0,2,2.0,4.0,85,650,5.0
201500009121,7,31,5,1,8,2.0,627,31,16,30,99,9.0,4.0,7,1,1,1.0,2010,6,2.0,20,0.0,4.0,150,115,4.0
200500023260,8,7,5,2,9,2.0,10,420,12,25,34,3.0,5.0,3,1,3,3.0,1921,6,2.0,2,0.0,0.0,122,38,5.0