num_acc,mois,jour,lum,agg,int,col,com,dep,hr,mn,catv,choc,manv,place,catu,grav,trajet,an_nais,catr,circ,nbv,prof,plan,lartpc,larrout,situ
201000053359,1,25,4,1,3,5.0,723,3,23,36,21,3.0,14.0,9,2,2,5.0,1923,4,3.0,10,0.0,4.0,130,225,6.0
200800032017,7,10,3,1,5,3.0,25050,250,0,8,80,4.0,17.0,1,2,1,2.0,1934,2,0.0,4,3.0,3.0,103,640,0.0
200800059059,11,18,5,2,0,4.0,259,840,17,20,0,3.0,14.0,3,2,3,1.0,1920,5,2.0,20,3.0,3.0,41,196,6.0
201100029735,2,14,3,2,2,4.0,353,76,14,57,9,3.0,7.0,0,3,3,5.0,2016,2,2.0,11,2.0,3.0,97,1,0.0
201800049203,4,22,3,1,3,6.0,516,630,11,34,80,2.0,16.0,0,3,1,2.0,1979,1,2.0,9,1.0,0.0,43,28,2.0
200700079725,1,1,5,1,2,7.0,295,28,18,8,34,6.0,0.0,5,3,3,3.0,1964,7,2.0,8,2.0,0.0,100,84,3.0
200800044248,1,24,5,2,7,3.0,645,810,21,53,31,5.0,17.0,2,3,3,1.0,1972,7,2.0,11,3.0,2.0,82,11,0.0
201200033609,11,9,5,1,3,1.0,83035,830,22,35,16,7.0,2.0,2,1,1,5.0,1965,2,0.0,8,2.0,4.0,55,430,3.0
201100022358,3,1,3,2,4,6.0,75113,320,23,34,39,1.0,24.0,4,3,2,9.0,1971,4,2.0,9,3.0,2.0,44,108,8.0
201000019687,10,13,5,1,6,2.0,777,27,14,55,3,6.0,6.0,4,1,1,9.0,1973,2,3.0,3,1.0,4.0,248,605,4.0
201800050278,2,25,3,2,2,4.0,552,690,20,53,31,1.0,18.0,3,3,1,0.0,1976,2,1.0,11,0.0,0.0,100,45,8.0
201300015991,8,29,5,1,7,4.0,21584,510,14,0,11,2.0,19.0,9,3,3,5.0,1935,5,0.0,0,1.0,4.0,10,119,0.0
201800013400,9,11,2,1,8,4.0,478,58,16,40,6,7.0,26.0,8,3,2,1.0,2001,2,0.0,16,4.0,3.0,310,98,3.0
201900009050,6,3,5,2,4,1.0,332,61,18,24,12,3.0,16.0,10,1,1,0.0,1983,5,2.0,4,4.0,3.0,22,670,0.0
201800042231,7,8,5,2,1,1.0,10076,210,13,5,13,5.0,24.0,5,2,1,0.0,1993,6,2.0,3,4.0,4.0,99,895,1.0
200600003726,7,22,4,1,1,1.0,538,860,15,11,11,1.0,11.0,5,3,1,1.0,1989,5,2.0,8,3.0,4.0,960,340,2.0
201700045743,11,30,5,1,9,3.0,91589,650,10,20,30,2.0,18.0,2,1,1,2.0,2016,9,2.0,11,3.0,3.0,143,208,6.0
201200028844,7,8,5,2,4,5.0,36,68,16,59,80,4.0,11.0,7,3,3,9.0,1913,2,2.0,9,0.0,1.0,4,208,3.0
201800034236,3,3,5,2,1,6.0,93001,47,18,5,31,1.0,13.0,9,2,2,5.0,2005,3,2.0,12,4.0,4.0,55,148,3.0
201400055654,5,16,1,1,5,2.0,86066,47,14,22,38,4.0,22.0,0,1,3,0.0,2004,5,2.0,1,1.0,4.0,97,17,0.0
201900006218,1,22,5,2,8,2.0,49301,91,16,11,99,1.0,19.0,3,1,1,3.0,2000,4,2.0,13,3.0,3.0,109,910,8.0
201300029178,10,31,5,1,9,4.0,57038,670,13,33,30,0.0,2.0,8,2,2,1.0,2004,5,2.0,1,4.0,3.0,95,116,2.0
201700020099,8,2,5,1,8,2.0,758,972,19,40,14,5.0,17.0,8,2,3,9.0,1912,2,4.0,13,3.0,1.0,280,51,1.0
200700065808,1,25,4,2,4,5.0,440,560,18,36,2,7.0,25.0,8,1,3,2.0,1949,7,2.0,10,0.0,0.0,294,140,2.0
200600041937,9,26,5,2,6,5.0,745,800,15,57,31,9.0,6.0,3,2,3,5.0,1972,5,2.0,50,3.0,2.0,223,800,1.0
201800005763,12,2,3,1,7,5.0,69034,87,21,11,8,1.0,7.0,5,3,3,0.0,2014,9,2.0,36,1.0,3.0,50,163,1.0
201600020066,9,27,5,1,3,7.0,79213,79,21,41,37,3.0,3.0,7,3,3,3.0,2018,4,2.0,13,3.0,1.0,61,615,8.0
201000066575,9,3,5,2,6,6.0,50502,710,16,11,38,1.0,20.0,5,1,3,3.0,1923,4,2.0,9,1.0,3.0,180,20,4.0
201300022651,1,8,5,1,6,6.0,311,32,16,53,42,6.0,18.0,10,2,3,0.0,1993,2,2.0,6,1.0,2.0,103,212,1.0
201800003203,11,24,5,2,9,3.0,654,610,19,15,17,9.0,5.0,1,2,1,5.0,2008,6,2.0,9,3.0,2.0,67,114,4.0
201200047706,9,25,5,1,2,5.0,745,56,0,41,31,5.0,25.0,4,3,2,3.0,1938,9,2.0,36,3.0,2.0,31,615,5.0
201700024857,2,31,5,2,5,7.0,214,240,21,40,40,0.0,22.0,6,1,1,1.0,1910,4,4.0,6,1.0,3.0,17,52,2.0
201500008213,3,1,5,1,1,6.0,39197,973,18,53,80,2.0,12.0,8,3,1,9.0,1947,2,2.0,4,0.0,2.0,504,750,6.0
201200006621,5,14,5,1,6,6.0,6161,170,17,41,3,0.0,17.0,5,1,3,9.0,1988,7,4.0,8,3.0,2.0,0,264,8.0
201500054178,12,17,5,1,8,6.0,49301,87,18,24,13,1.0,24.0,2,2,3,9.0,1950,5,0.0,11,1.0,4.0,29,272,4.0
200900038927,2,27,5,1,4,3.0,37261,974,16,43,4,9.0,1.0,10,3,2,0.0,1939,4,3.0,-1,1.0,4.0,10,282,0.0
201400013569,1,4,2,2,2,6.0,740,89,11,34,2,5.0,18.0,8,1,1,0.0,1936,3,2.0,30,4.0,0.0,364,80,3.0
200800066384,3,3,5,1,6,2.0,75108,8,18,55,4,5.0,24.0,8,3,1,4.0,1992,2,2.0,-1,3.0,2.0,141,255,3.0
201200060951,6,10,5,1,0,6.0,721,13,10,20,3,7.0,23.0,5,1,1,0.0,1990,6,2.0,30,1.0,2.0,90,510,6.0
200600080048,3,19,1,1,0,4.0,33281,28,22,22,7,1.0,7.0,3,2,1,3.0,1977,6,2.0,36,0.0,4.0,70,38,8.0
200500078399,9,30,3,1,3,3.0,633,7,21,41,33,0.0,11.0,7,3,1,9.0,1947,9,2.0,11,1.0,4.0,650,211,1.0
201200060435,9,8,3,1,8,4.0,133,180,23,59,42,6.0,24.0,9,3,3,5.0,1942,2,2.0,16,1.0,1.0,143,144,0.0
200700040354,5,29,5,2,9,1.0,91534,976,12,38,4,0.0,22.0,2,1,3,2.0,1971,4,2.0,11,2.0,4.0,35,198,5.0
200700047807,2,20,4,2,2,6.0,93006,390,10,35,80,0.0,2.0,0,2,2,5.0,2011,1,0.0,12,1.0,0.0,0,187,2.0
201100002928,7,24,1,2,4,3.0,91174,510,10,0,60,7.0,18.0,1,3,3,2.0,1961,7,3.0,13,0.0,0.0,122,8,6.0
200800055705,3,28,5,1,0,3.0,29184,65,12,43,16,2.0,24.0,3,1,3,4.0,2015,4,2.0,26,2.0,0.0,95,165,0.0
201100040437,11,21,5,2,6,4.0,81033,14,22,0,60,7.0,10.0,8,2,3,9.0,1926,1,2.0,40,3.0,0.0,27,212,4.0
200800025557,12,12,5,1,3,4.0,71,37,12,33,35,1.0,23.0,8,3,2,5.0,2003,7,2.0,7,4.0,2.0,72,92,0.0
200700044954,1,30,5,2,6,4.0,361,930,12,35,1,1.0,1.0,10,2,2,2.0,1972,3,0.0,26,0.0,3.0,49,163,8.0
201500009423,2,27,5,2,9,2.0,40111,988,16,36,16,1.0,23.0,3,1,3,9.0,1981,4,4.0,7,4.0,2.0,280,245,2.0
200800021118,12,2,5,1,9,2.0,68085,300,16,21,7,6.0,15.0,8,1,2,2.0,2013,6,1.0,3,1.0,3.0,119,410,3.0
201200054585,7,4,3,2,9,2.0,68155,20,18,10,10,0.0,16.0,5,3,2,1.0,1932,9,2.0,3,3.0,2.0,279,7,1.0
201800025009,12,8,4,2,1,7.0,51483,86,11,24,21,0.0,19.0,5,2,1,4.0,1931,9,2.0,1,0.0,0.0,44,450,1.0
200800049031,5,11,5,2,1,2.0,418,410,14,36,5,6.0,6.0,6,3,1,9.0,1983,7,2.0,8,1.0,2.0,2,184,6.0
201400022832,8,12,5,1,5,6.0,223,63,12,59,32,1.0,15.0,10,3,2,2.0,1962,1,3.0,40,0.0,3.0,248,920,3.0
201400049916,11,25,5,2,9,3.0,66003,580,18,34,5,5.0,20.0,0,3,3,5.0,1957,3,2.0,16,4.0,0.0,590,455,8.0
200900001239,8,8,4,2,6,1.0,531,40,22,33,38,9.0,16.0,10,1,2,0.0,1908,9,2.0,16,3.0,2.0,115,210,2.0
201200061522,11,9,5,1,8,2.0,218,590,22,24,42,9.0,2.0,4,3,3,2.0,1969,4,2.0,20,4.0,0.0,146,268,6.0
200500010326,12,4,4,2,2,2.0,469,42,10,55,4,8.0,17.0,9,2,1,3.0,1911,9,1.0,16,4.0,3.0,103,202,6.0
200500072046,1,30,5,2,3,4.0,59623,900,10,21,11,9.0,24.0,6,2,3,5.0,1988,7,1.0,10,2.0,2.0,52,137,0.0
200600044571,6,20,3,1,7,4.0,44047,390,21,24,60,1.0,23.0,10,1,3,0.0,1934,3,2.0,30,0.0,4.0,42,500,0.0
201500051394,4,12,5,2,5,1.0,453,300,17,11,43,2.0,5.0,10,3,3,1.0,2019,4,2.0,50,1.0,0.0,513,221,1.0
200600030148,12,11,1,2,1,3.0,752,630,17,57,30,3.0,5.0,9,3,2,2.0,2015,4,2.0,11,2.0,2.0,294,315,2.0
200600040902,8,16,3,2,8,3.0,78123,78,13,50,31,4.0,21.0,6,1,3,0.0,1994,5,1.0,26,0.0,4.0,39,1,0.0
200800008969,1,16,3,1,3,5.0,91479,55,11,59,42,4.0,4.0,6,3,1,4.0,1960,4,1.0,6,1.0,4.0,121,171,4.0
200700062211,7,13,5,2,9,3.0,33487,770,19,55,10,1.0,3.0,6,1,3,9.0,1996,1,2.0,30,0.0,0.0,33,277,5.0
200500075188,10,17,5,2,3,2.0,32298,170,0,15,38,3.0,24.0,6,1,2,1.0,1980,9,2.0,11,1.0,0.0,39,257,3.0
201700024035,9,25,5,1,3,4.0,276,850,14,20,37,0.0,22.0,3,2,2,3.0,1919,7,4.0,8,4.0,3.0,128,59,5.0
200500073580,12,19,5,2,7,7.0,22084,510,20,43,60,6.0,12.0,6,2,3,9.0,1966,4,2.0,-1,3.0,1.0,260,532,1.0
200900074317,10,23,5,1,1,6.0,344,65,10,36,14,9.0,0.0,3,3,3,4.0,1971,2,2.0,12,1.0,1.0,79,151,0.0
201300022488,7,11,1,1,6,2.0,234,27,23,25,7,5.0,0.0,6,1,3,4.0,2001,1,3.0,2,3.0,4.0,23,657,1.0
201500035484,8,8,5,1,7,3.0,128,75,11,25,12,3.0,17.0,4,2,2,2.0,1921,5,2.0,2,3.0,4.0,310,264,4.0
201800017178,1,4,2,2,9,4.0,91521,180,11,11,36,2.0,0.0,4,2,3,9.0,1927,2,2.0,12,2.0,4.0,8,99,3.0
201900002073,7,27,5,2,6,7.0,62718,77,17,11,10,6.0,4.0,6,3,2,0.0,1998,9,2.0,26,1.0,0.0,197,310,8.0
201500047578,9,16,5,2,3,5.0,37184,840,10,36,10,8.0,9.0,10,2,1,5.0,1987,6,2.0,9,3.0,0.0,45,920,5.0
200600070544,11,19,5,1,0,6.0,50483,53,20,38,4,1.0,4.0,5,3,3,4.0,1900,5,2.0,8,3.0,0.0,164,275,3.0
201000017617,2,30,5,2,7,3.0,363,82,23,30,20,3.0,4.0,5,3,1,0.0,1986,6,2.0,13,2.0,2.0,53,530,2.0
201700051121,3,5,5,1,5,4.0,415,570,20,24,9,0.0,19.0,4,3,1,5.0,1982,7,2.0,40,4.0,4.0,72,198,4.0
201300049276,7,2,4,1,7,3.0,34199,13,10,11,80,6.0,20.0,2,1,1,4.0,2008,9,0.0,13,2.0,1.0,200,182,6.0
201400006227,7,6,2,1,1,5.0,714,59,13,43,13,5.0,26.0,8,1,2,0.0,2003,3,2.0,12,4.0,0.0,102,52,1.0
200900059763,6,23,3,2,1,7.0,77246,560,17,10,15,7.0,17.0,9,1,1,1.0,1900,7,1.0,36,3.0,0.0,1,231,4.0
201400024359,12,4,5,1,4,6.0,788,57,22,0,50,0.0,16.0,2,3,1,0.0,1994,9,2.0,12,3.0,4.0,160,312,3.0
201600056895,2,7,5,2,5,5.0,662,14,14,5,9,1.0,12.0,10,1,1,4.0,1939,9,2.0,4,3.0,2.0,102,4,3.0
201200001424,9,19,5,1,5,5.0,723,880,22,15,18,1.0,2.0,5,1,3,3.0,2010,6,2.0,5,2.0,3.0,197,247,2.0
200500028284,12,29,5,1,6,7.0,37027,32,13,57,16,1.0,2.0,1,1,3,3.0,2005,7,2.0,26,4.0,4.0,400,160,4.0
200700046412,9,9,5,2,2,4.0,421,550,14,50,14,3.0,0.0,9,1,2,5.0,2014,7,2.0,3,2.0,1.0,121,3,4.0
201000067625,12,16,5,2,8,3.0,74010,480,20,55,13,5.0,13.0,5,1,1,4.0,1955,3,2.0,12,0.0,0.0,113,510,1.0
200800061672,9,22,5,1,1,5.0,121,7,0,35,11,8.0,6.0,4,1,2,5.0,1969,1,2.0,11,4.0,2.0,275,999,3.0
201300010956,3,18,5,2,8,6.0,556,55,19,43,32,2.0,13.0,2,3,3,5.0,1982,3,2.0,7,1.0,2.0,8,40,0.0
201700046525,5,10,2,1,4,6.0,585,510,11,10,20,5.0,20.0,10,2,2,3.0,1977,1,2.0,4,2.0,2.0,9,164,0.0
201300041378,7,12,5,2,8,2.0,377,18,0,8,6,5.0,21.0,10,1,1,4.0,1995,4,2.0,10,2.0,1.0,44,7,6.0
201800035260,8,8,5,1,0,3.0,316,28,22,22,21,4.0,22.0,5,2,2,3.0,1948,1,2.0,3,0.0,4.0,13,415,4.0
201400045577,4,20,5,2,8,1.0,265,70,19,10,60,7.0,6.0,7,2,1,4.0,1978,3,2.0,0,3.0,2.0,66,505,1.0
201300035529,9,6,5,2,0,3.0,437,81,13,11,18,5.0,24.0,8,1,2,1.0,1954,7,2.0,4,1.0,4.0,0,190,2.0
201200038890,7,17,5,1,2,7.0,82121,55,11,55,39,7.0,3.0,1,1,3,5.0,1989,9,2.0,16,2.0,3.0,960,207,2.0
200700069549,7,2,2,2,5,6.0,78126,600,14,33,37,4.0,16.0,8,2,3,5.0,1959,3,1.0,-1,0.0,2.0,77,355,4.0
201200033575,10,25,5,2,3,5.0,759,31,15,41,60,7.0,9.0,9,1,1,5.0,2017,3,1.0,30,3.0,2.0,114,160,1.0
201400049565,6,10,3,2,1,4.0,526,400,11,10,18,3.0,1.0,5,1,3,5.0,1922,9,2.0,9,3.0,1.0,250,174,5.0
200700047344,9,21,3,2,9,3.0,34141,510,11,17,4,3.0,22.0,2,2,1,3.0,1948,5,2.0,6,3.0,3.0,2,87,1.0
200600055131,10,20,5,2,0,1.0,122,780,21,36,16,0.0,20.0,9,1,1,2.0,1974,6,2.0,10,3.0,2.0,73,310,8.0
200700043497,11,3,3,1,8,7.0,529,1000,17,0,15,0.0,18.0,8,3,3,1.0,1982,6,2.0,40,2.0,0.0,25,164,1.0
200700079868,12,7,1,2,2,3.0,876,1,20,34,14,9.0,5.0,10,1,2,4.0,1986,6,2.0,12,0.0,3.0,2,205,8.0
200800047644,11,27,1,2,3,4.0,294,210,22,21,42,5.0,9.0,3,1,2,3.0,1901,9,2.0,10,2.0,3.0,13,212,5.0
200900054540,4,31,5,2,9,6.0,14342,300,17,20,33,9.0,9.0,1,3,3,0.0,1963,9,2.0,14,2.0,2.0,180,178,5.0
200800015612,11,21,5,1,2,7.0,725,31,17,40,32,0.0,13.0,9,1,2,0.0,1994,3,2.0,2,1.0,4.0,72,193,6.0
201500001666,3,13,4,2,7,4.0,68,880,21,59,36,5.0,20.0,2,2,1,1.0,1985,3,2.0,12,0.0,0.0,44,270,0.0
201700058754,9,15,5,2,0,6.0,91689,58,14,11,5,5.0,9.0,8,3,2,5.0,1929,9,1.0,26,2.0,4.0,121,191,6.0
200700046408,2,5,5,1,0,3.0,465,94,15,34,19,9.0,7.0,6,3,3,9.0,2017,5,2.0,7,3.0,3.0,192,82,5.0
201200015851,3,3,1,2,4,1.0,314,420,15,15,14,1.0,18.0,7,1,1,4.0,1957,2,2.0,-1,1.0,0.0,450,207,5.0
201000006110,11,27,1,1,2,2.0,50,68,16,57,30,8.0,21.0,4,3,2,2.0,1954,9,2.0,3,4.0,1.0,330,22,0.0
201300040317,8,15,5,2,8,2.0,84122,21,0,8,5,5.0,6.0,2,2,3,5.0,1947,5,2.0,50,1.0,1.0,90,210,1.0
200600053010,5,19,5,1,0,4.0,392,18,17,57,18,6.0,25.0,6,2,3,5.0,1924,5,2.0,3,3.0,0.0,118,126,5.0
200800043090,10,13,5,2,3,3.0,79076,202,0,21,14,6.0,19.0,5,3,2,2.0,1958,3,2.0,-1,4.0,1.0,80,187,2.0
200900006932,8,5,2,2,9,4.0,93006,590,22,43,18,2.0,7.0,10,2,1,4.0,1990,5,2.0,10,1.0,1.0,95,63,4.0
201000032498,12,3,5,1,9,4.0,864,60,20,43,42,8.0,14.0,0,1,1,1.0,1937,5,4.0,14,3.0,1.0,192,94,8.0
201800029807,6,9,5,1,9,7.0,538,710,16,0,60,7.0,13.0,10,2,1,2.0,1990,3,2.0,8,0.0,0.0,590,781,5.0
201600032150,5,11,5,2,2,7.0,91534,390,19,45,43,2.0,0.0,6,1,3,1.0,1959,9,2.0,20,2.0,1.0,7,111,5.0
200600028457,12,14,5,1,2,3.0,297,910,19,41,10,3.0,13.0,8,2,2,2.0,2017,3,2.0,3,1.0,0.0,709,640,0.0
201200041407,5,21,5,1,9,3.0,26108,33,0,22,35,3.0,18.0,6,3,1,4.0,2006,7,2.0,0,4.0,4.0,150,500,2.0
201200042180,10,5,5,2,1,2.0,37122,45,14,35,16,2.0,23.0,5,1,1,9.0,1958,1,2.0,1,4.0,1.0,513,129,1.0
201200020125,9,30,5,2,4,7.0,342,53,21,50,11,8.0,16.0,4,3,2,1.0,2003,4,2.0,10,4.0,3.0,88,47,0.0
200500037741,12,7,3,1,1,2.0,144,720,13,36,8,5.0,10.0,2,3,1,2.0,1949,4,2.0,40,1.0,0.0,96,21,3.0
201200050036,5,14,5,2,1,3.0,447,83,21,33,15,6.0,22.0,8,3,3,1.0,2011,3,0.0,1,3.0,1.0,800,174,4.0
201300008742,8,1,5,2,8,7.0,600,610,11,8,11,2.0,13.0,3,1,1,1.0,1995,7,2.0,5,4.0,2.0,64,999,6.0
201200037764,8,25,5,1,6,1.0,29259,974,15,55,15,2.0,9.0,2,3,3,4.0,1977,6,2.0,6,1.0,3.0,210,450,5.0
201700047421,8,9,1,1,2,3.0,66,720,11,41,19,7.0,3.0,2,3,1,4.0,1991,4,4.0,-1,0.0,0.0,99,140,4.0
201700015270,10,5,5,2,7,5.0,37281,12,22,34,11,5.0,26.0,2,2,1,3.0,1937,2,0.0,36,0.0,3.0,165,57,4.0
201300053707,6,22,5,2,5,2.0,411,660,15,11,60,8.0,11.0,0,1,1,0.0,1976,7,3.0,26,0.0,1.0,240,77,8.0
201700021636,5,2,4,1,2,2.0,2173,860,12,41,34,2.0,8.0,2,1,2,9.0,1989,5,2.0,20,2.0,1.0,212,148,8.0
201500000780,6,27,5,1,0,3.0,349,130,23,43,19,9.0,18.0,10,1,2,3.0,1993,6,2.0,50,0.0,0.0,143,160,0.0
201400018993,4,3,3,1,4,2.0,577,988,17,5,2,3.0,2.0,9,3,1,3.0,1984,1,2.0,9,1.0,1.0,340,147,0.0
201200053911,10,21,5,2,2,1.0,76334,21,11,11,43,0.0,19.0,10,1,1,4.0,2005,3,2.0,30,3.0,4.0,88,224,6.0
201100027823,5,20,5,1,2,1.0,227,28,11,30,9,8.0,12.0,8,1,2,4.0,1988,2,2.0,10,2.0,1.0,165,89,8.0
201800041981,6,9,5,2,5,5.0,34327,780,13,25,6,2.0,9.0,4,2,1,4.0,1919,2,0.0,2,1.0,3.0,250,213,1.0
201700058973,7,6,2,1,6,4.0,291,710,23,25,36,8.0,2.0,10,3,1,4.0,1917,6,1.0,0,3.0,3.0,130,212,6.0
201700049655,10,26,5,1,8,5.0,78123,43,17,40,13,2.0,14.0,3,1,1,5.0,2009,1,3.0,36,3.0,1.0,17,109,4.0
200600072753,9,28,5,1,9,5.0,62812,22,18,8,32,0.0,3.0,8,3,2,5.0,1960,2,2.0,20,1.0,0.0,78,87,1.0
200600015356,2,13,5,2,1,5.0,770,2,14,55,99,4.0,16.0,3,3,3,1.0,1961,5,2.0,2,1.0,0.0,251,202,5.0
201500054518,3,17,2,1,9,1.0,6152,310,11,30,9,3.0,12.0,6,2,2,0.0,2015,4,2.0,36,1.0,0.0,14,380,4.0
200500087084,3,15,4,1,1,5.0,115,1001,15,20,80,6.0,3.0,0,1,3,2.0,1921,6,2.0,-1,0.0,2.0,54,900,1.0
201100025126,4,17,1,2,7,2.0,250,28,18,50,36,6.0,22.0,0,1,1,9.0,1989,5,2.0,50,1.0,4.0,294,510,4.0
201400050689,8,9,5,2,1,6.0,13202,3,23,10,17,3.0,19.0,2,3,2,3.0,1991,9,0.0,6,4.0,1.0,85,560,4.0
200600021219,10,18,5,1,4,4.0,31587,500,15,10,20,2.0,5.0,1,2,1,1.0,2019,3,2.0,11,1.0,1.0,192,375,3.0
201400014550,11,13,5,2,4,1.0,742,630,19,10,60,1.0,13.0,1,1,1,0.0,2017,5,2.0,6,3.0,0.0,95,770,4.0
201400037944,5,14,5,2,3,6.0,285,2,14,40,17,3.0,9.0,8,2,2,1.0,1942,2,2.0,1,1.0,2.0,180,93,5.0
200600056112,3,24,5,1,2,7.0,273,84,16,8,36,2.0,21.0,6,2,3,3.0,1920,2,2.0,4,3.0,3.0,116,10,1.0
200800049110,7,15,1,1,4,7.0,2227,25,19,35,3,4.0,19.0,3,2,3,5.0,1971,3,2.0,0,3.0,4.0,310,570,4.0
201600023065,12,2,5,1,7,3.0,504,86,11,24,33,1.0,12.0,7,2,3,3.0,1931,9,2.0,40,4.0,3.0,50,37,1.0
200700000402,8,3,5,1,7,3.0,54115,76,13,17,36,7.0,10.0,3,1,3,1.0,1934,3,2.0,13,0.0,1.0,160,350,0.0
200600032378,9,7,5,1,2,6.0,609,64,22,57,21,5.0,25.0,0,3,2,2.0,1930,1,1.0,0,3.0,3.0,190,134,8.0
200900021582,1,6,5,2,6,5.0,594,987,12,50,11,7.0,0.0,4,2,1,5.0,1905,4,2.0,4,1.0,3.0,51,200,2.0
200500086976,1,15,3,1,6,6.0,89352,160,18,43,12,8.0,8.0,2,2,3,2.0,1973,1,2.0,6,2.0,3.0,101,1,8.0
201300042872,8,5,5,2,4,7.0,66204,580,12,8,10,9.0,5.0,9,1,2,4.0,1955,6,0.0,10,0.0,1.0,71,657,1.0
201400008926,8,30,2,2,6,6.0,21127,280,13,25,33,5.0,7.0,3,1,1,9.0,1912,4,0.0,13,4.0,0.0,85,72,3.0
200600069639,4,19,2,1,4,7.0,34327,620,19,34,7,9.0,13.0,10,2,2,4.0,1995,1,2.0,0,3.0,1.0,173,950,0.0
200800045060,3,14,5,1,3,6.0,161,6,21,43,11,4.0,14.0,1,3,2,5.0,1974,3,4.0,36,0.0,2.0,340,57,6.0
201200040842,9,5,5,1,7,6.0,193,52,12,34,39,6.0,11.0,9,1,2,0.0,1939,9,0.0,12,4.0,2.0,120,44,2.0
201600045726,6,26,5,2,0,2.0,406,62,16,50,19,5.0,24.0,10,3,3,2.0,1980,1,4.0,2,0.0,4.0,82,21,0.0
201100003984,5,12,3,1,5,1.0,576,700,19,40,36,1.0,3.0,2,2,3,5.0,1901,5,2.0,12,1.0,2.0,27,166,8.0
201600012853,3,1,5,1,6,1.0,837,13,10,41,18,1.0,17.0,1,2,3,3.0,1963,7,1.0,2,4.0,4.0,197,895,3.0
200800072181,5,23,5,1,3,6.0,691,470,17,55,33,4.0,6.0,10,2,1,2.0,2012,4,2.0,11,0.0,3.0,400,109,2.0
201000062101,11,2,5,1,0,6.0,7328,630,17,25,13,7.0,7.0,8,2,1,3.0,1962,2,2.0,20,2.0,1.0,400,248,3.0
201700039867,5,18,5,1,2,2.0,427,49,22,17,43,6.0,10.0,7,2,1,0.0,1932,1,3.0,1,0.0,2.0,99,214,5.0
201600032147,11,19,3,2,1,5.0,758,49,14,15,43,2.0,13.0,5,1,3,1.0,2011,5,2.0,50,4.0,0.0,30,7,3.0
201200053560,11,6,5,1,1,3.0,158,71,19,30,0,2.0,19.0,10,2,2,2.0,1998,7,2.0,6,3.0,2.0,36,41,0.0
201300001870,4,27,1,1,3,7.0,37159,53,21,38,60,4.0,4.0,4,3,2,0.0,1937,3,0.0,0,0.0,1.0,212,31,6.0
200800011395,5,8,5,1,4,4.0,765,67,20,17,99,9.0,20.0,3,1,3,5.0,1917,3,2.0,6,4.0,3.0,147,242,2.0
200500006001,9,17,5,2,0,4.0,85153,18,23,20,3,9.0,3.0,1,3,1,9.0,1928,5,2.0,3,3.0,3.0,47,915,0.0
201300056374,1,5,5,1,8,1.0,632,480,21,40,36,4.0,3.0,10,2,1,0.0,1931,7,2.0,10,4.0,4.0,330,93,3.0
200500085009,5,2,5,1,1,7.0,78029,1,23,33,37,6.0,5.0,9,3,2,1.0,1992,5,2.0,4,3.0,1.0,50,185,3.0
200900028432,9,29,5,2,2,4.0,75105,910,18,11,3,5.0,24.0,8,2,2,1.0,1927,7,2.0,40,2.0,2.0,220,149,4.0
200700080678,3,21,5,2,5,6.0,580,34,19,41,16,4.0,2.0,3,2,2,3.0,1917,5,2.0,30,3.0,2.0,280,194,2.0
200700079599,1,20,5,1,5,4.0,42184,800,16,20,13,6.0,19.0,10,3,3,0.0,1947,9,2.0,1,2.0,2.0,57,264,1.0
201300032263,3,31,1,1,0,1.0,901,57,10,50,2,0.0,21.0,7,1,1,5.0,1982,6,2.0,40,1.0,2.0,74,138,2.0
201600045131,1,11,3,1,6,2.0,68226,7,0,55,0,8.0,23.0,2,2,3,9.0,1987,9,2.0,20,1.0,3.0,210,480,1.0
201100019534,1,20,2,2,3,1.0,429,77,22,8,8,5.0,7.0,2,3,3,1.0,1913,1,2.0,0,4.0,4.0,58,67,2.0
201400018184,11,24,5,1,5,1.0,17347,650,21,35,33,4.0,15.0,3,3,2,9.0,2016,3,2.0,10,2.0,0.0,513,117,6.0
201500014315,1,29,5,2,0,5.0,380,84,11,53,6,8.0,12.0,4,2,2,9.0,2018,3,2.0,20,3.0,4.0,98,660,8.0
201700011836,1,30,2,2,0,5.0,717,14,10,10,1,3.0,7.0,4,1,3,1.0,1966,3,2.0,6,3.0,3.0,55,128,5.0
201500002812,10,7,2,2,8,5.0,389,880,23,0,14,1.0,13.0,7,3,3,3.0,1942,4,4.0,8,4.0,3.0,9,305,6.0
201100029414,5,12,5,2,6,2.0,78283,72,0,8,39,4.0,16.0,7,1,3,0.0,1996,2,2.0,-1,4.0,0.0,50,119,0.0
200600070790,6,6,5,1,3,5.0,31396,42,21,41,38,9.0,15.0,4,1,1,3.0,1953,3,1.0,26,3.0,4.0,225,144,0.0
200500073460,7,6,5,1,3,7.0,256,280,11,8,1,8.0,5.0,10,1,3,2.0,1986,6,2.0,36,3.0,1.0,330,144,6.0
200500074828,2,5,5,1,8,2.0,85288,95,12,36,35,2.0,15.0,4,3,2,0.0,1982,4,1.0,10,4.0,2.0,5,29,4.0
200500056319,10,10,5,2,3,7.0,225,49,10,30,13,6.0,20.0,2,2,2,4.0,1922,3,0.0,13,1.0,0.0,223,505,1.0