num_acc,mois,jour,lum,agg,int,col,com,dep,hr,mn,catv,choc,manv,place,catu,grav,trajet,an_nais,catr,circ,nbv,prof,plan,lartpc,larrout,situ
200500014370,11,28,1,1,1,4.0,774,720,14,24,37,4.0,0.0,3,1,1,5.0,1955,2,2.0,36,0.0,0.0,45,126,1.0
200700054829,3,10,5,1,7,5.0,31395,800,17,40,30,9.0,4.0,2,2,1,4.0,2018,4,2.0,9,1.0,1.0,364,415,1.0
200700080542,7,12,5,2,7,4.0,66124,880,23,45,38,7.0,14.0,6,3,1,9.0,1970,7,2.0,7,1.0,3.0,17,480,3.0
200700070004,5,5,5,1,9,3.0,470,180,23,8,31,2.0,4.0,10,1,3,4.0,1946,2,0.0,12,4.0,1.0,125,420,0.0
201700001705,2,31,5,1,4,6.0,547,95,19,50,6,8.0,2.0,0,3,2,4.0,2015,4,2.0,12,3.0,1.0,207,101,5.0
201400032636,6,11,5,2,0,3.0,835,290,10,15,1,5.0,24.0,3,2,1,1.0,1921,1,2.0,6,0.0,2.0,100,57,8.0
200800072227,9,18,2,1,6,7.0,767,730,19,45,8,0.0,9.0,7,1,2,3.0,2002,5,2.0,7,3.0,3.0,55,300,6.0
201300047044,11,13,5,2,5,3.0,904,690,19,11,2,1.0,16.0,7,3,1,5.0,1976,5,2.0,1,4.0,4.0,100,31,8.0
200800052835,3,16,1,1,2,7.0,84,974,0,20,40,2.0,16.0,1,3,1,5.0,1961,1,2.0,13,4.0,0.0,113,245,8.0
200800014247,6,4,3,2,7,4.0,211,87,22,36,11,7.0,11.0,7,2,1,3.0,1959,2,0.0,5,2.0,3.0,67,75,0.0
200900048052,7,13,5,2,3,6.0,546,51,22,15,13,0.0,19.0,10,2,2,0.0,2007,7,2.0,0,2.0,4.0,130,203,5.0
200500027345,1,5,5,2,4,7.0,13015,250,18,25,43,2.0,9.0,0,3,1,4.0,1912,5,4.0,26,3.0,2.0,115,75,4.0
201100052297,1,8,2,1,6,1.0,1142,66,10,36,3,2.0,14.0,1,3,1,9.0,1923,5,2.0,7,3.0,1.0,300,330,4.0
200900072571,9,9,5,2,9,3.0,516,320,16,24,5,8.0,23.0,4,3,1,2.0,1965,9,2.0,16,2.0,3.0,900,355,3.0
200900003352,2,29,2,2,0,5.0,22259,17,10,59,13,4.0,18.0,2,3,2,0.0,1972,4,4.0,9,4.0,1.0,66,713,8.0
201500046409,11,15,5,2,6,3.0,577,580,13,35,0,9.0,1.0,4,3,1,5.0,1942,7,1.0,40,3.0,4.0,90,350,1.0
201000065109,11,2,5,2,8,7.0,617,41,22,38,34,2.0,6.0,8,2,2,0.0,1997,1,2.0,12,3.0,1.0,275,252,0.0
200700000536,12,23,5,2,6,5.0,27,61,14,24,12,7.0,16.0,5,3,1,5.0,1984,3,2.0,50,3.0,3.0,390,214,5.0
201000037375,6,28,5,1,5,6.0,806,270,16,33,40,6.0,5.0,6,2,2,9.0,1972,7,2.0,5,3.0,2.0,13,655,1.0
200700035290,3,13,5,2,2,6.0,78310,17,19,38,14,2.0,18.0,2,3,1,5.0,1900,1,2.0,20,2.0,3.0,17,79,6.0
201100050610,2,23,5,2,8,5.0,163,92,22,25,10,3.0,9.0,5,3,2,0.0,2004,5,2.0,9,4.0,1.0,203,375,6.0
201400012243,12,31,5,2,4,1.0,260,8,17,24,7,2.0,1.0,9,2,2,5.0,1994,5,2.0,9,0.0,0.0,7,124,4.0
201200061516,4,15,5,1,5,7.0,222,360,0,10,17,9.0,16.0,1,3,3,0.0,1946,1,2.0,9,1.0,3.0,78,173,2.0
201500050871,4,9,5,1,6,4.0,36005,780,13,34,35,7.0,5.0,9,3,1,5.0,2014,3,2.0,2,0.0,2.0,26,176,4.0
201400051084,6,8,5,1,2,4.0,460,49,13,24,15,1.0,13.0,9,1,1,0.0,1971,7,2.0,6,0.0,1.0,270,251,6.0
200900034478,12,7,5,1,9,3.0,80001,38,16,45,17,3.0,18.0,2,3,1,2.0,2011,5,2.0,1,0.0,3.0,12,134,6.0
200500065411,1,15,5,2,3,4.0,166,33,20,25,9,2.0,17.0,2,1,1,5.0,1938,7,3.0,1,0.0,1.0,116,20,3.0
200900063855,2,19,2,1,1,2.0,69092,77,16,38,10,7.0,6.0,5,3,2,3.0,1954,7,2.0,13,0.0,3.0,43,243,4.0
201600053627,6,30,5,1,0,1.0,92051,52,18,38,13,4.0,14.0,0,2,1,3.0,1924,1,4.0,-1,4.0,4.0,61,89,4.0
200500084746,11,26,3,2,7,5.0,519,49,21,0,35,0.0,8.0,9,1,3,2.0,2015,4,2.0,6,1.0,0.0,51,105,2.0
200500065589,12,25,5,1,5,4.0,680,630,22,20,0,2.0,17.0,5,2,1,0.0,1965,9,2.0,11,0.0,4.0,74,156,5.0
200700009961,4,15,5,1,5,5.0,61,8,12,11,17,8.0,9.0,8,3,1,5.0,1913,7,2.0,3,3.0,0.0,18,102,2.0
200700058462,9,20,5,1,1,3.0,214,710,10,10,20,7.0,6.0,5,2,1,3.0,2011,4,3.0,6,2.0,1.0,197,184,6.0
200700047857,6,7,5,2,2,2.0,133,1000,0,10,9,8.0,7.0,8,2,3,9.0,1916,1,2.0,20,1.0,0.0,30,720,1.0
201500035749,1,11,5,1,1,3.0,42187,460,13,53,20,7.0,18.0,9,1,1,9.0,0,9,2.0,10,4.0,3.0,37,610,5.0
200500044002,4,7,2,1,2,2.0,35278,28,20,24,17,3.0,19.0,0,2,3,4.0,2011,2,4.0,3,2.0,2.0,55,150,0.0
200600060138,1,14,3,2,0,4.0,20,8,0,59,6,7.0,24.0,10,2,1,2.0,2017,4,2.0,16,2.0,0.0,251,42,3.0
201600004424,9,12,5,2,0,4.0,764,33,0,11,18,8.0,24.0,1,1,2,9.0,1913,4,1.0,4,2.0,0.0,5,76,6.0
200600076215,9,22,5,2,4,6.0,115,570,12,53,3,5.0,16.0,2,1,2,0.0,1953,7,2.0,-1,2.0,0.0,33,255,4.0
201300037073,11,18,5,2,2,5.0,94046,510,17,38,35,5.0,4.0,0,2,2,1.0,1955,1,0.0,6,3.0,2.0,17,81,8.0
200500072489,10,12,4,1,4,5.0,83107,6,23,33,99,4.0,16.0,8,2,2,0.0,1940,4,0.0,11,2.0,0.0,105,650,5.0
201000003022,1,4,4,1,3,6.0,79213,390,14,43,8,4.0,24.0,8,2,3,4.0,1964,3,2.0,-1,3.0,3.0,34,119,1.0
200600008854,4,3,5,1,0,6.0,54431,360,13,24,30,5.0,16.0,0,2,1,4.0,1933,4,2.0,10,4.0,1.0,128,30,0.0
200700066550,6,6,5,1,8,1.0,585,950,14,50,43,6.0,3.0,0,3,2,9.0,1936,6,2.0,9,2.0,1.0,101,51,5.0
201000058991,1,13,4,2,2,4.0,573,3,13,8,19,8.0,20.0,4,2,3,1.0,1944,2,3.0,11,2.0,0.0,164,600,0.0
201000064877,2,24,5,2,4,3.0,497,690,19,38,10,9.0,1.0,5,3,3,0.0,0,2,2.0,16,1.0,2.0,65,251,0.0
201900005445,10,5,5,1,2,1.0,774,61,23,24,8,2.0,9.0,2,2,2,0.0,1905,2,2.0,10,4.0,0.0,80,590,4.0
201100036758,5,11,5,1,9,5.0,16405,390,22,22,31,3.0,8.0,0,1,3,3.0,1979,5,1.0,7,2.0,4.0,240,211,4.0
201900000243,9,1,5,1,5,1.0,816,87,16,55,21,5.0,24.0,1,2,3,3.0,1928,7,0.0,36,4.0,4.0,47,4,8.0
201100009024,6,20,3,1,8,3.0,45051,210,13,41,32,6.0,12.0,7,3,1,4.0,1960,3,1.0,11,3.0,2.0,118,52,2.0
201600058637,8,23,5,2,3,4.0,340,987,15,0,15,1.0,17.0,5,1,2,0.0,1910,5,2.0,3,4.0,1.0,38,188,5.0
201200009384,2,29,1,2,5,7.0,62528,490,21,5,33,4.0,18.0,0,1,2,4.0,1922,5,2.0,26,2.0,4.0,136,520,4.0
201100051236,7,15,2,2,8,6.0,27412,79,19,57,16,1.0,12.0,4,3,3,5.0,1927,7,2.0,-1,4.0,0.0,215,181,0.0
201100029361,12,20,1,2,5,7.0,257,720,12,36,14,2.0,12.0,2,3,1,2.0,1980,9,2.0,16,1.0,2.0,71,55,4.0
200900006319,4,9,5,1,4,3.0,13210,530,23,53,60,2.0,24.0,2,3,1,5.0,1925,4,0.0,8,0.0,1.0,5,480,1.0
201100056087,10,8,1,2,4,2.0,256,11,11,22,30,8.0,17.0,4,2,1,9.0,1978,2,0.0,20,1.0,1.0,150,170,6.0
201800013682,2,15,2,1,6,5.0,677,66,12,57,2,1.0,23.0,3,2,1,3.0,1979,1,2.0,14,4.0,0.0,247,199,5.0
201200002932,12,19,5,1,2,6.0,11172,18,16,22,5,2.0,21.0,10,3,2,5.0,1938,5,4.0,50,0.0,0.0,390,62,8.0
200800059593,4,23,5,2,8,4.0,537,44,17,33,30,4.0,17.0,3,2,3,4.0,1950,1,4.0,3,0.0,0.0,31,409,5.0
200800073139,1,5,4,1,1,6.0,344,3,16,21,0,0.0,4.0,4,2,3,4.0,1909,6,0.0,-1,1.0,3.0,240,320,0.0
200900047567,3,6,3,2,4,5.0,93073,430,19,15,6,6.0,25.0,3,3,3,2.0,1918,1,2.0,2,0.0,1.0,225,151,6.0
201700006624,2,24,4,2,4,4.0,558,201,21,30,2,6.0,19.0,10,1,2,3.0,1967,2,2.0,50,3.0,2.0,78,40,4.0
200500004009,5,23,4,1,9,5.0,56121,400,16,43,13,0.0,25.0,3,2,2,9.0,1949,3,2.0,12,3.0,4.0,250,192,5.0
200700021368,1,6,5,2,6,1.0,97,21,12,40,36,9.0,7.0,1,3,2,1.0,1956,4,2.0,-1,1.0,0.0,207,171,0.0
200600027191,2,8,5,2,1,2.0,105,860,20,53,50,1.0,13.0,7,3,2,4.0,1914,9,0.0,10,0.0,4.0,29,330,0.0
201400038363,12,5,5,2,3,6.0,98802,220,11,24,60,8.0,10.0,8,1,2,1.0,1911,9,2.0,30,3.0,2.0,240,139,0.0
201800031882,5,27,5,2,6,3.0,98734,87,19,41,42,6.0,2.0,10,2,1,0.0,1969,5,4.0,12,4.0,2.0,130,197,3.0
201200052941,12,3,5,1,5,1.0,788,83,19,25,13,1.0,2.0,4,2,1,9.0,1928,3,2.0,50,4.0,0.0,115,450,5.0
200900062360,4,15,5,1,4,5.0,142,180,11,30,34,4.0,20.0,3,3,1,0.0,1982,4,2.0,9,3.0,3.0,900,222,8.0
201100046274,6,27,5,2,4,3.0,69259,41,11,57,19,5.0,13.0,0,2,2,1.0,1941,2,4.0,26,1.0,4.0,590,605,2.0
200500015248,1,19,4,1,7,5.0,454,202,23,53,0,8.0,9.0,6,1,3,2.0,1996,9,3.0,6,4.0,4.0,45,540,0.0
201400021963,7,25,3,2,8,7.0,78321,7,20,55,50,8.0,14.0,5,2,3,0.0,1912,4,0.0,16,3.0,2.0,146,52,4.0
201100005705,11,1,3,2,2,5.0,10325,580,20,34,80,0.0,10.0,7,3,1,3.0,1988,3,2.0,40,1.0,2.0,10,213,8.0
200800058229,5,9,5,1,1,2.0,18205,52,15,21,20,7.0,23.0,6,3,3,3.0,1963,5,0.0,20,2.0,2.0,9,315,0.0
201400045001,6,30,5,2,4,4.0,636,988,17,36,9,6.0,9.0,7,3,3,1.0,1915,3,2.0,36,0.0,1.0,28,355,4.0
200700047455,7,15,5,2,4,2.0,61006,550,0,35,16,3.0,20.0,9,2,3,2.0,1937,2,2.0,1,2.0,0.0,26,41,0.0
200500068735,11,9,5,1,8,3.0,643,620,19,35,35,8.0,24.0,3,2,3,2.0,1923,9,4.0,0,3.0,4.0,294,8,5.0
201000028900,6,7,5,2,9,3.0,46201,300,14,33,10,5.0,23.0,9,2,2,4.0,1922,1,2.0,12,2.0,3.0,513,125,6.0
200500067569,5,3,5,2,9,7.0,362,43,12,38,43,0.0,24.0,4,3,2,2.0,1956,1,2.0,30,3.0,4.0,16,925,0.0
200900037915,4,24,1,2,3,5.0,10049,150,22,41,14,4.0,13.0,10,2,1,1.0,2004,4,4.0,0,1.0,1.0,19,176,8.0
200700040756,9,29,5,1,6,7.0,117,16,14,25,37,9.0,17.0,4,2,2,1.0,1999,2,2.0,5,0.0,0.0,280,258,4.0
200700050465,6,24,5,2,8,2.0,611,12,19,24,35,4.0,10.0,4,2,1,1.0,1905,4,2.0,20,1.0,3.0,39,105,5.0
201400054180,3,27,5,1,6,6.0,22,201,13,45,17,0.0,21.0,5,3,1,2.0,1923,3,2.0,5,2.0,4.0,75,98,6.0
201300036903,12,9,5,1,0,6.0,56193,31,12,0,39,8.0,3.0,7,3,2,5.0,1951,9,2.0,14,2.0,2.0,50,198,1.0
200900043002,1,14,4,2,3,3.0,439,95,17,41,20,2.0,13.0,2,3,3,9.0,1974,7,2.0,16,1.0,1.0,200,134,2.0
201900002167,10,25,1,1,5,5.0,37,630,14,35,36,3.0,12.0,4,2,3,0.0,1950,7,1.0,36,3.0,2.0,150,312,6.0
200500071142,1,11,5,1,4,2.0,499,61,16,36,11,5.0,11.0,5,1,3,2.0,1979,2,3.0,3,4.0,0.0,250,133,0.0
200800020569,3,30,5,1,4,1.0,850,41,19,10,16,1.0,5.0,4,2,1,5.0,1956,3,1.0,8,4.0,1.0,64,860,3.0
200900011299,4,17,5,2,0,2.0,341,67,17,24,32,7.0,13.0,9,3,2,4.0,1944,4,3.0,8,4.0,2.0,85,160,5.0
200700017042,10,28,5,2,8,6.0,26198,3,17,38,37,4.0,2.0,3,3,2,2.0,2016,9,3.0,8,0.0,0.0,23,51,4.0
200900024492,4,7,5,2,4,3.0,702,720,19,57,34,5.0,16.0,5,3,3,1.0,1909,3,1.0,-1,0.0,1.0,19,610,1.0
201000017830,3,4,2,2,6,1.0,71251,88,14,53,32,7.0,3.0,8,3,1,4.0,1980,3,3.0,-1,4.0,1.0,173,430,5.0
201200016348,2,17,5,2,3,2.0,6085,988,17,11,15,1.0,6.0,7,1,2,9.0,2009,5,2.0,11,2.0,0.0,14,60,4.0
201100056685,7,16,5,2,5,4.0,654,85,22,34,31,1.0,6.0,3,1,2,5.0,1981,2,2.0,6,0.0,1.0,67,910,2.0
201300050530,12,26,2,2,9,7.0,841,94,17,55,37,5.0,24.0,3,3,1,0.0,1965,9,2.0,7,4.0,2.0,128,380,1.0
200900011691,11,18,5,1,6,1.0,33075,57,15,10,35,6.0,4.0,7,2,3,5.0,2015,1,1.0,7,1.0,4.0,2,950,4.0
200900072766,5,21,3,1,3,5.0,38468,28,17,20,18,8.0,21.0,6,1,2,1.0,2014,7,2.0,6,3.0,4.0,20,99,6.0
200600020266,10,14,5,2,2,4.0,345,48,14,10,60,3.0,10.0,1,2,1,2.0,1964,2,2.0,26,1.0,4.0,102,273,8.0
201200053646,4,6,4,1,5,1.0,302,6,15,34,12,0.0,25.0,7,1,3,0.0,1934,4,2.0,1,4.0,0.0,104,117,1.0
201800042962,11,21,3,1,7,6.0,258,47,18,53,12,9.0,24.0,3,3,2,5.0,2005,4,2.0,5,3.0,4.0,7,590,6.0
201200015593,7,9,4,2,7,1.0,934,4,11,17,80,7.0,12.0,6,1,3,5.0,1948,5,3.0,10,3.0,0.0,114,248,8.0
200800049650,11,28,3,2,9,1.0,669,42,20,35,0,2.0,23.0,9,3,2,9.0,1929,3,2.0,14,3.0,1.0,18,690,8.0
201800005429,5,16,5,1,0,1.0,42145,60,13,59,9,7.0,16.0,1,1,3,1.0,1913,4,2.0,26,3.0,3.0,21,227,6.0
200900065122,8,14,5,1,7,6.0,464,72,18,22,5,3.0,19.0,7,2,1,0.0,1964,5,2.0,30,0.0,3.0,203,178,0.0
201700049818,6,12,5,2,8,2.0,40,110,17,35,6,2.0,22.0,10,2,1,1.0,1975,3,4.0,26,3.0,4.0,43,45,4.0
200900060435,3,5,5,2,4,4.0,68329,780,22,22,99,3.0,10.0,3,1,2,5.0,1961,5,1.0,36,3.0,2.0,200,10,5.0
200900056375,10,27,5,1,9,5.0,637,640,10,33,12,5.0,19.0,9,1,1,4.0,2010,7,2.0,11,0.0,0.0,80,54,1.0
201000058087,9,18,5,2,8,1.0,231,976,17,53,32,1.0,23.0,10,1,3,5.0,1947,6,2.0,13,4.0,0.0,103,174,1.0
200500062751,9,12,1,2,2,6.0,77152,480,0,10,21,8.0,2.0,8,3,2,9.0,1934,5,0.0,10,4.0,1.0,30,7,2.0
201100011202,1,28,5,2,8,6.0,74034,65,20,11,17,9.0,23.0,5,3,2,5.0,1908,6,4.0,1,2.0,0.0,330,174,0.0
201800025892,4,23,5,2,7,7.0,432,880,20,11,15,0.0,5.0,0,1,1,1.0,1956,3,2.0,30,3.0,1.0,364,62,3.0
201400015271,5,26,5,1,2,7.0,220,620,21,5,8,1.0,9.0,4,2,3,2.0,0,7,2.0,0,2.0,0.0,12,174,6.0
201300041520,11,17,5,1,5,6.0,503,150,0,24,10,2.0,26.0,1,1,2,2.0,1960,4,2.0,7,4.0,0.0,82,143,5.0
200700063280,9,10,5,1,9,3.0,71540,91,15,53,15,7.0,11.0,3,3,2,4.0,1990,4,2.0,1,2.0,0.0,47,99,8.0
200800062892,1,21,5,2,5,7.0,60,47,11,11,34,0.0,8.0,5,2,1,1.0,1995,2,3.0,14,1.0,0.0,85,350,1.0
200600008854,4,15,5,1,7,5.0,62516,201,15,59,9,7.0,11.0,5,1,2,4.0,1948,4,2.0,4,3.0,4.0,150,310,3.0
201700058497,10,23,1,2,3,3.0,486,34,17,45,21,8.0,8.0,9,3,3,9.0,1955,3,2.0,20,2.0,2.0,55,510,8.0
201300001373,4,21,2,2,6,3.0,97421,42,0,53,39,7.0,0.0,3,1,1,9.0,1959,2,2.0,2,1.0,3.0,63,260,1.0
201700049818,4,31,5,2,2,4.0,571,710,15,8,42,2.0,9.0,1,3,1,3.0,1901,6,2.0,13,4.0,0.0,41,675,8.0
200700066669,11,15,1,1,9,5.0,421,430,17,15,6,6.0,9.0,0,3,2,3.0,1962,6,2.0,5,0.0,1.0,294,193,0.0
200500037803,11,14,5,1,8,1.0,259,950,10,30,21,1.0,15.0,6,1,3,4.0,1913,7,2.0,30,1.0,4.0,62,375,2.0
201700022527,2,13,5,1,2,1.0,876,16,14,24,32,6.0,12.0,4,2,2,2.0,1949,6,2.0,7,0.0,4.0,146,116,4.0
201400009306,9,8,5,2,8,1.0,206,46,20,38,4,9.0,2.0,0,1,1,9.0,1984,5,4.0,11,3.0,0.0,350,400,8.0
200800026844,7,18,5,2,2,1.0,36005,86,21,24,2,4.0,23.0,0,2,3,9.0,1943,2,1.0,9,3.0,0.0,94,107,0.0
200900069559,2,6,3,2,8,4.0,43230,8,17,11,60,1.0,16.0,1,2,2,0.0,1958,3,2.0,2,2.0,0.0,39,150,0.0
201700001391,8,26,5,2,1,4.0,95500,83,19,22,7,8.0,1.0,6,2,3,5.0,1938,9,2.0,4,3.0,4.0,60,650,2.0
200700009217,9,26,5,1,9,3.0,94069,550,23,36,8,4.0,24.0,1,2,1,3.0,1977,2,1.0,10,3.0,2.0,364,178,6.0
200500076556,1,23,5,1,1,3.0,47001,530,13,24,40,2.0,14.0,10,2,2,3.0,1985,2,2.0,16,4.0,2.0,41,31,6.0
200600073006,3,6,3,1,9,1.0,279,830,10,11,15,2.0,0.0,5,1,3,4.0,1990,5,1.0,7,0.0,4.0,135,999,4.0
201800046114,2,16,5,2,2,5.0,613,300,16,24,0,9.0,5.0,5,3,3,1.0,1990,2,2.0,11,1.0,0.0,98,180,3.0
200500040955,10,11,5,2,5,3.0,92012,160,12,21,38,8.0,11.0,10,1,3,2.0,1962,9,0.0,5,0.0,2.0,39,176,3.0
201000019507,4,25,4,1,6,1.0,38468,120,12,5,32,9.0,6.0,1,3,3,2.0,1919,3,2.0,13,1.0,3.0,46,153,6.0
200600036751,5,11,3,1,7,6.0,156,5,18,33,21,2.0,12.0,4,1,1,1.0,1975,2,2.0,2,4.0,1.0,1,268,4.0
201400038304,11,30,5,2,3,4.0,609,40,19,22,17,2.0,7.0,0,3,1,5.0,1923,5,2.0,40,1.0,0.0,225,214,8.0
201800004510,6,10,5,1,1,5.0,8,17,19,36,34,9.0,22.0,7,2,3,1.0,1954,9,2.0,50,1.0,2.0,406,272,2.0
200900045776,12,25,5,2,9,7.0,28177,420,18,50,17,7.0,10.0,10,1,3,9.0,1974,5,2.0,12,1.0,4.0,13,205,4.0
200700076560,3,26,5,1,8,1.0,375,70,16,38,31,3.0,6.0,0,2,1,5.0,1949,9,2.0,8,2.0,0.0,173,480,4.0
201200005997,9,2,5,2,2,3.0,56,280,19,40,99,6.0,14.0,6,2,3,2.0,1937,3,2.0,9,0.0,1.0,240,44,3.0
200800015867,12,2,5,2,7,2.0,274,75,22,21,36,9.0,21.0,3,2,2,9.0,1997,9,2.0,2,2.0,3.0,709,33,8.0
201100036970,11,29,2,1,2,7.0,331,950,23,45,99,5.0,13.0,4,1,1,0.0,2008,4,2.0,30,4.0,3.0,330,200,3.0
201400022800,5,31,5,2,9,3.0,93074,18,23,34,35,8.0,12.0,8,3,3,4.0,1929,1,2.0,4,3.0,2.0,105,313,1.0
201100031562,11,25,5,1,3,6.0,83065,50,22,22,31,2.0,10.0,7,2,3,4.0,1953,3,1.0,11,0.0,4.0,40,275,1.0
200500015552,1,7,3,1,7,5.0,413,280,23,11,4,2.0,15.0,7,3,3,5.0,1995,3,2.0,11,3.0,2.0,38,76,6.0
201300045539,12,10,5,1,1,5.0,523,19,13,41,34,4.0,5.0,9,1,1,0.0,1960,2,2.0,12,0.0,0.0,140,75,0.0
201800023498,8,2,5,2,1,3.0,72181,95,23,40,38,1.0,3.0,7,3,3,1.0,1943,6,4.0,30,0.0,2.0,650,91,3.0
201000017105,1,14,5,1,6,6.0,671,730,12,10,1,6.0,25.0,5,3,2,9.0,1911,9,2.0,-1,2.0,2.0,10,155,6.0
200700050150,7,13,5,2,6,5.0,12202,140,16,30,99,8.0,15.0,6,2,1,3.0,1935,9,2.0,26,1.0,4.0,22,560,3.0
201200026165,2,2,1,1,0,6.0,24138,974,22,24,0,6.0,24.0,8,1,3,1.0,1968,6,0.0,50,2.0,2.0,310,32,2.0
201500027601,4,6,5,2,5,6.0,40,350,12,10,30,0.0,7.0,6,2,2,3.0,1928,7,2.0,16,2.0,3.0,39,425,4.0
201100032827,8,19,3,1,7,7.0,59183,93,10,45,4,4.0,26.0,2,1,3,1.0,1965,3,3.0,9,1.0,3.0,94,62,6.0
200700005965,10,14,3,2,6,7.0,226,32,11,21,9,3.0,16.0,6,1,1,5.0,2013,1,2.0,3,2.0,3.0,280,196,6.0
200800051820,11,28,5,1,2,7.0,345,760,17,8,13,0.0,2.0,10,2,3,4.0,1950,9,2.0,40,0.0,2.0,136,247,1.0
201100015189,3,28,1,2,7,7.0,270,340,15,17,21,8.0,7.0,2,2,3,4.0,1927,9,2.0,-1,3.0,2.0,150,171,0.0
201700007635,5,21,5,2,0,3.0,914,370,22,45,38,3.0,19.0,1,2,3,5.0,2010,2,2.0,8,3.0,4.0,29,208,1.0
201600019003,2,1,5,2,2,1.0,777,690,14,55,14,4.0,19.0,8,3,2,3.0,1980,6,0.0,12,1.0,3.0,390,144,4.0
200700052353,5,30,2,2,0,3.0,331,680,16,36,2,6.0,26.0,2,3,2,3.0,1929,2,4.0,26,2.0,3.0,709,144,3.0
200700079503,9,23,5,2,1,2.0,137,760,0,10,36,5.0,15.0,5,2,2,2.0,2011,9,0.0,5,2.0,4.0,127,144,4.0
200900047399,10,18,3,1,0,3.0,632,91,13,43,15,5.0,12.0,9,2,3,2.0,1966,2,3.0,6,1.0,4.0,100,153,6.0
201900003466,12,19,2,2,3,1.0,37054,1000,19,22,30,0.0,12.0,0,1,2,3.0,1920,7,2.0,3,3.0,2.0,215,192,3.0
201600042965,9,13,5,2,1,1.0,72,350,16,15,38,0.0,17.0,10,1,2,1.0,1911,4,2.0,2,3.0,3.0,223,615,0.0
201100050412,7,12,5,1,4,7.0,95585,53,17,50,50,6.0,15.0,6,2,1,5.0,1940,1,2.0,0,3.0,1.0,68,86,3.0
201000028358,1,27,1,1,7,3.0,550,78,23,33,31,1.0,1.0,6,2,1,9.0,1995,6,3.0,13,0.0,3.0,53,165,3.0
200700009349,8,10,5,2,1,2.0,170,330,21,21,39,6.0,6.0,7,1,2,2.0,1918,1,2.0,8,2.0,3.0,39,114,3.0
200600078498,7,15,5,2,0,5.0,756,700,10,11,10,1.0,25.0,7,3,1,9.0,1924,3,0.0,40,0.0,0.0,50,90,5.0
200500072334,4,21,5,2,3,5.0,312,45,10,20,4,0.0,13.0,9,2,1,2.0,1978,9,3.0,8,4.0,0.0,114,400,5.0
201000042503,1,30,3,1,2,7.0,533,83,20,45,0,2.0,11.0,9,3,1,2.0,1957,2,2.0,7,1.0,3.0,63,287,6.0
201500008646,12,6,5,2,0,3.0,488,14,22,33,50,3.0,22.0,6,2,1,2.0,1975,5,2.0,3,4.0,3.0,280,277,8.0
201500038596,1,29,5,2,8,1.0,532,810,14,24,11,8.0,3.0,1,2,3,4.0,1991,5,1.0,7,3.0,4.0,57,450,0.0
201800037933,10,16,5,2,9,7.0,57106,910,21,10,42,2.0,2.0,5,3,1,1.0,1994,3,0.0,16,4.0,2.0,390,35,2.0
201100051093,9,21,5,2,2,4.0,429,65,11,10,2,4.0,12.0,5,1,1,3.0,1944,5,4.0,26,1.0,1.0,128,409,6.0
200600036865,10,14,5,2,9,1.0,34321,69,11,34,14,5.0,9.0,1,2,2,4.0,2007,6,2.0,1,2.0,2.0,2,268,4.0
201300040274,10,24,5,1,8,4.0,501,3,16,21,10,5.0,12.0,8,3,2,5.0,1965,3,3.0,36,2.0,4.0,45,203,8.0
201000059099,11,12,5,1,8,5.0,2168,85,23,0,21,7.0,8.0,4,2,2,1.0,1999,6,4.0,4,0.0,3.0,62,251,8.0
200500083906,2,29,1,1,4,7.0,24037,61,14,22,11,0.0,7.0,10,2,2,4.0,1992,5,2.0,10,1.0,1.0,132,312,1.0
200900007675,12,10,1,2,6,7.0,67371,59,11,15,20,2.0,1.0,8,2,1,5.0,2014,7,2.0,36,2.0,3.0,84,37,3.0
201100051230,3,9,1,1,8,3.0,463,650,23,53,31,8.0,16.0,8,3,3,2.0,1930,4,0.0,26,1.0,0.0,73,12,2.0
201000030305,11,5,5,2,4,5.0,697,310,10,0,1,8.0,22.0,5,1,3,4.0,1939,2,2.0,0,4.0,1.0,135,138,2.0
201500048483,1,25,3,2,7,6.0,640,370,12,11,5,4.0,26.0,1,2,2,2.0,1920,9,2.0,2,2.0,0.0,280,153,8.0
201000065109,5,17,5,2,9,3.0,33063,580,14,10,37,7.0,1.0,8,3,1,2.0,1910,3,2.0,13,4.0,3.0,330,50,1.0
200800001171,2,30,5,2,1,3.0,455,390,14,45,14,9.0,16.0,10,3,3,2.0,1993,1,0.0,26,0.0,2.0,504,179,5.0
200700010677,9,16,5,1,4,1.0,60090,480,14,5,14,7.0,18.0,10,2,3,2.0,1995,3,4.0,10,0.0,2.0,32,3,6.0
201100017122,2,24,5,2,5,7.0,330,730,19,45,20,6.0,20.0,7,1,3,0.0,1959,6,2.0,-1,0.0,2.0,18,89,8.0
201600009206,10,5,4,2,6,2.0,212,610,21,25,40,0.0,4.0,5,1,2,2.0,1926,1,2.0,36,0.0,0.0,62,147,8.0
201400051061,1,24,5,1,0,3.0,92022,530,13,40,21,4.0,18.0,3,1,1,5.0,1991,6,0.0,11,3.0,2.0,50,300,0.0
201300024211,6,5,1,1,6,6.0,688,26,17,45,10,3.0,23.0,7,1,3,9.0,1929,1,4.0,8,1.0,1.0,192,50,3.0