num_acc,mois,jour,lum,agg,int,col,com,dep,hr,mn,catv,choc,manv,place,catu,grav,trajet,an_nais,catr,circ,nbv,prof,plan,lartpc,larrout,situ
201700042313,4,29,5,2,6,1.0,75107,94,0,10,31,8.0,10.0,6,3,1,0.0,1953,7,2.0,1,0.0,4.0,510,240,2.0
200600037265,1,7,5,1,5,6.0,95500,55,11,57,50,3.0,10.0,9,2,2,0.0,1923,7,2.0,8,3.0,2.0,270,57,0.0
201100064945,9,12,3,1,8,2.0,95450,76,16,30,37,9.0,6.0,7,1,1,1.0,1994,2,2.0,36,0.0,0.0,95,600,3.0
201700039800,7,26,1,1,4,5.0,259,380,0,45,43,7.0,5.0,0,2,3,2.0,1953,4,2.0,5,0.0,2.0,2,81,5.0
200600056561,6,26,1,2,5,7.0,85153,16,15,21,21,2.0,6.0,10,2,1,2.0,1987,7,3.0,30,4.0,1.0,38,61,6.0
200900003336,10,11,5,1,3,5.0,77385,976,20,15,18,3.0,22.0,1,3,3,5.0,1968,7,0.0,5,4.0,1.0,96,160,8.0
200600036329,9,11,5,1,9,3.0,61,80,18,5,3,4.0,23.0,9,3,3,1.0,1963,2,2.0,50,0.0,1.0,800,277,1.0
200700028825,12,24,4,1,7,7.0,83035,32,22,45,39,1.0,2.0,10,3,2,2.0,1956,4,2.0,4,3.0,1.0,124,148,6.0
201700019064,3,1,4,1,6,7.0,59,180,0,53,17,9.0,20.0,7,3,1,3.0,1966,7,2.0,40,3.0,1.0,340,314,8.0
200500025880,3,23,4,2,6,7.0,93007,69,17,21,10,8.0,25.0,7,3,3,9.0,1945,7,2.0,8,0.0,3.0,78,203,5.0
200800011695,11,21,5,1,4,7.0,43,202,14,40,60,1.0,5.0,2,2,2,9.0,1998,1,1.0,12,4.0,2.0,192,64,3.0
200500083515,4,18,5,1,0,3.0,263,61,12,40,10,0.0,0.0,1,1,2,4.0,1936,3,2.0,3,2.0,3.0,38,2,1.0
200700006994,9,6,5,1,9,3.0,68085,240,21,34,31,5.0,5.0,7,1,2,3.0,2004,5,2.0,2,3.0,4.0,146,95,4.0
200900032324,3,10,5,1,5,2.0,433,987,20,15,6,3.0,14.0,4,1,1,3.0,2015,2,2.0,1,0.0,2.0,77,81,0.0
200500026063,2,7,5,2,3,2.0,136,180,15,57,7,6.0,21.0,2,1,3,5.0,1977,3,2.0,16,3.0,3.0,56,33,4.0
201300050681,6,6,4,1,4,1.0,138,320,19,45,14,0.0,3.0,1,1,1,4.0,1952,5,2.0,1,2.0,1.0,97,230,8.0
201700041486,6,25,5,2,4,3.0,72363,82,15,36,38,7.0,14.0,10,1,2,9.0,1986,3,2.0,5,0.0,3.0,42,118,5.0
200600033541,6,6,4,2,9,6.0,672,720,13,8,4,6.0,16.0,5,3,2,0.0,1915,2,4.0,0,1.0,2.0,165,715,4.0
201400054478,8,24,2,2,4,6.0,38468,83,19,8,42,2.0,4.0,4,1,3,9.0,1913,7,2.0,5,4.0,2.0,134,249,4.0
201100009911,5,10,5,1,8,4.0,278,580,0,55,38,0.0,25.0,2,2,1,9.0,1987,5,2.0,8,0.0,4.0,147,181,8.0
201000018873,6,22,5,2,2,2.0,34327,201,14,17,14,5.0,6.0,3,1,2,4.0,1973,1,2.0,12,1.0,0.0,75,32,2.0
201400030939,11,1,2,2,0,1.0,593,18,22,40,11,5.0,14.0,10,2,3,3.0,1943,6,2.0,6,1.0,4.0,60,29,6.0
200700038208,4,5,5,2,9,1.0,13210,47,20,22,99,5.0,3.0,6,3,1,0.0,1990,5,2.0,9,0.0,3.0,77,61,1.0
200700028657,11,4,1,1,3,4.0,242,700,14,0,43,6.0,26.0,7,2,1,4.0,2009,3,3.0,13,3.0,2.0,119,260,4.0
201700053356,9,25,5,1,3,2.0,541,920,20,43,0,2.0,3.0,4,3,1,3.0,1965,7,0.0,20,2.0,0.0,19,230,5.0
201100025908,3,23,5,1,6,2.0,33063,25,15,50,32,7.0,25.0,3,1,1,5.0,1975,6,2.0,40,4.0,1.0,7,36,0.0
201500056660,6,12,5,1,9,2.0,0,57,11,34,17,9.0,25.0,2,1,3,4.0,2014,5,2.0,1,3.0,2.0,71,137,3.0
200900069256,8,18,5,2,5,2.0,81227,950,10,33,43,4.0,16.0,8,2,2,0.0,1967,5,2.0,-1,2.0,4.0,116,174,6.0
201700002184,8,21,3,2,9,2.0,6128,69,10,41,14,6.0,7.0,2,1,2,2.0,2005,3,2.0,40,0.0,1.0,1,25,0.0
200700062325,12,18,4,2,7,5.0,615,51,19,17,19,3.0,20.0,0,1,2,0.0,2007,6,2.0,3,3.0,1.0,134,20,8.0
200700010848,11,26,5,2,2,5.0,471,1000,20,25,60,4.0,1.0,7,1,2,9.0,1939,9,2.0,1,2.0,4.0,20,147,5.0
200900017701,6,9,5,2,2,2.0,702,12,13,41,13,1.0,25.0,5,1,1,5.0,1965,5,2.0,1,2.0,4.0,212,183,1.0
200700062920,6,9,5,2,4,1.0,55029,59,23,57,21,3.0,13.0,0,3,3,9.0,1971,5,2.0,11,0.0,4.0,90,89,3.0
200900059028,1,21,5,2,5,3.0,14,10,17,41,50,5.0,20.0,6,2,1,2.0,2019,3,2.0,4,4.0,1.0,180,655,3.0
200500059200,7,4,5,1,2,6.0,95028,410,19,38,37,6.0,5.0,8,2,1,4.0,1986,4,2.0,16,1.0,1.0,73,69,1.0
201000053524,7,20,5,2,5,4.0,85067,62,19,38,50,9.0,8.0,2,1,2,3.0,1955,1,2.0,30,0.0,0.0,102,740,2.0
200800026336,11,6,3,1,7,1.0,105,680,21,40,40,2.0,2.0,0,1,3,4.0,1997,5,2.0,2,2.0,2.0,41,180,6.0
201100010380,6,8,5,1,6,4.0,270,400,12,30,5,6.0,4.0,1,3,1,4.0,2018,4,2.0,20,2.0,4.0,90,218,0.0
201600014495,7,22,1,1,0,7.0,775,69,14,11,6,2.0,19.0,8,1,2,1.0,1989,2,3.0,1,1.0,4.0,59,73,5.0
200800045814,5,11,5,1,2,6.0,531,88,13,40,40,9.0,21.0,3,3,3,9.0,1998,3,2.0,40,4.0,3.0,19,205,0.0
200700069322,3,23,5,1,3,1.0,315,760,22,36,12,5.0,3.0,5,2,2,0.0,1939,5,4.0,10,0.0,1.0,54,171,3.0
201200059430,11,1,5,2,7,6.0,721,430,17,5,36,5.0,3.0,2,3,3,4.0,1968,9,2.0,7,1.0,2.0,44,49,5.0
200600047817,7,13,3,2,1,2.0,96,3,13,59,13,2.0,26.0,2,3,1,1.0,2018,1,2.0,40,1.0,0.0,18,61,3.0
200600000581,12,19,4,1,8,3.0,593,29,10,50,20,8.0,12.0,2,3,3,9.0,1951,6,2.0,26,0.0,1.0,103,670,4.0
201700011631,6,15,5,1,5,7.0,160,160,11,53,11,2.0,8.0,6,2,3,0.0,1910,5,2.0,14,1.0,2.0,90,45,2.0
201500016552,3,28,5,1,8,7.0,63032,94,21,22,7,3.0,17.0,1,3,2,1.0,2017,9,2.0,26,3.0,2.0,350,121,4.0
201600018278,6,1,4,2,4,5.0,268,600,21,25,15,5.0,25.0,5,1,3,3.0,1928,4,1.0,20,4.0,2.0,99,36,3.0
200600073699,12,21,5,1,0,2.0,586,750,15,10,39,0.0,20.0,4,1,2,4.0,1978,9,4.0,5,3.0,1.0,450,81,1.0
201700049039,9,20,5,2,7,3.0,511,510,0,50,2,5.0,26.0,7,2,3,0.0,1928,2,2.0,11,1.0,1.0,132,121,1.0
201000058882,9,15,2,2,4,4.0,13211,31,13,30,20,4.0,15.0,4,1,3,2.0,1954,3,0.0,36,0.0,0.0,44,95,4.0
201800047010,7,23,5,1,8,7.0,45145,800,14,17,20,6.0,8.0,10,3,3,4.0,1919,9,2.0,2,4.0,3.0,212,57,4.0
200900040010,4,18,3,1,6,4.0,22152,750,17,33,42,5.0,18.0,9,3,1,5.0,1915,1,2.0,3,0.0,2.0,19,221,8.0
200600081201,12,30,5,2,3,7.0,37233,560,0,17,2,1.0,11.0,1,3,1,9.0,1943,6,2.0,2,1.0,2.0,40,41,4.0
200900070362,5,3,5,2,6,7.0,29259,550,22,10,17,2.0,4.0,7,1,3,0.0,1914,9,2.0,36,1.0,4.0,134,800,6.0
201000052631,9,8,2,1,4,5.0,138,78,0,8,15,0.0,10.0,0,2,1,2.0,1963,3,0.0,30,3.0,2.0,364,620,6.0
200800061124,3,25,2,1,0,4.0,27123,65,21,40,3,3.0,24.0,9,3,2,2.0,1930,1,0.0,2,1.0,0.0,5,640,1.0
200900022297,8,10,3,1,6,4.0,868,84,19,36,31,8.0,20.0,10,3,2,4.0,1936,3,3.0,50,4.0,0.0,46,28,5.0
201800021271,9,3,4,2,0,7.0,803,42,16,41,16,6.0,24.0,8,1,2,5.0,1929,5,2.0,8,0.0,0.0,9,127,3.0
200800048320,9,10,1,1,3,3.0,97228,63,15,40,30,3.0,10.0,1,3,3,3.0,1967,2,2.0,7,1.0,3.0,400,181,6.0
201100018938,9,21,5,2,4,2.0,13201,95,10,43,8,9.0,5.0,10,1,3,4.0,2014,9,2.0,36,0.0,3.0,23,57,0.0
201800037253,12,24,5,1,2,3.0,36005,580,17,33,10,7.0,19.0,4,1,3,5.0,1939,6,1.0,11,1.0,0.0,142,204,0.0
201300019970,1,28,5,2,2,1.0,23,71,12,24,42,1.0,22.0,2,3,2,2.0,2015,5,2.0,26,1.0,4.0,251,700,1.0
201700049249,11,31,5,2,4,2.0,45234,730,22,25,11,4.0,12.0,9,3,3,5.0,1937,9,3.0,1,0.0,1.0,51,258,4.0
201800008754,5,1,5,1,2,3.0,184,620,10,8,5,3.0,22.0,3,3,3,1.0,0,7,2.0,26,4.0,0.0,13,149,6.0
200700020446,8,21,5,1,1,5.0,895,160,11,20,20,4.0,21.0,10,1,1,2.0,1998,7,2.0,0,2.0,3.0,89,675,4.0
200700072569,10,15,5,1,4,2.0,65,110,13,10,60,8.0,21.0,3,1,3,3.0,1953,5,2.0,40,2.0,3.0,57,104,4.0
201200000492,10,12,2,1,3,6.0,301,830,22,15,4,3.0,3.0,10,3,2,1.0,1997,4,2.0,13,0.0,2.0,43,169,2.0
201700032851,1,5,5,2,7,5.0,39,480,12,57,17,9.0,21.0,7,1,1,2.0,1968,6,2.0,36,0.0,3.0,20,95,3.0
201200046855,2,5,2,1,3,1.0,78126,49,17,50,12,0.0,20.0,3,3,2,0.0,1914,7,4.0,9,4.0,4.0,390,310,4.0
200800017948,12,5,5,2,9,5.0,373,690,15,21,20,1.0,18.0,1,2,2,4.0,2005,1,2.0,8,0.0,3.0,9,211,0.0
201000016697,4,19,5,2,6,7.0,594,42,21,20,14,3.0,8.0,7,1,3,2.0,1927,3,3.0,-1,2.0,3.0,27,109,5.0
201600036852,7,17,5,1,6,6.0,173,50,13,15,10,9.0,24.0,5,3,2,1.0,1953,7,4.0,11,1.0,4.0,709,710,2.0
200700062994,10,3,5,1,2,2.0,34332,38,14,35,42,5.0,25.0,8,2,2,4.0,1941,4,2.0,0,1.0,4.0,300,273,8.0
201300025366,3,25,1,2,2,4.0,13202,910,20,15,35,7.0,8.0,8,3,1,5.0,1936,1,2.0,1,1.0,3.0,61,217,4.0
200800038880,7,29,3,2,0,4.0,37281,690,13,33,18,7.0,14.0,0,2,2,9.0,1958,7,3.0,9,4.0,2.0,109,999,1.0
200700039238,2,11,5,1,3,1.0,523,490,11,15,30,4.0,19.0,4,3,1,2.0,1932,3,2.0,4,0.0,0.0,170,254,5.0
201000043595,5,18,5,1,4,1.0,78206,29,10,41,31,3.0,8.0,7,2,1,3.0,2004,4,2.0,26,2.0,1.0,33,179,3.0
201600045582,3,6,5,2,6,6.0,632,59,16,57,39,6.0,22.0,6,3,1,1.0,1957,3,2.0,13,2.0,2.0,127,180,2.0
200500031889,7,12,3,2,1,4.0,428,40,17,36,32,4.0,18.0,8,1,2,2.0,1934,7,2.0,13,4.0,2.0,84,425,2.0
201600001091,1,6,5,1,8,5.0,93001,360,16,22,43,0.0,13.0,3,1,1,5.0,1908,1,2.0,12,0.0,3.0,20,58,6.0
201100062150,8,13,5,1,3,5.0,676,310,10,34,38,3.0,13.0,0,3,1,4.0,1960,1,2.0,14,2.0,1.0,94,168,2.0
200900024542,7,11,5,1,9,3.0,526,32,23,36,14,5.0,23.0,6,3,3,3.0,1957,9,0.0,40,2.0,4.0,400,125,0.0
200500065695,10,3,2,1,8,6.0,91345,680,20,33,2,4.0,9.0,2,3,2,2.0,2002,1,2.0,5,4.0,4.0,43,41,8.0
201000043165,12,18,5,2,1,4.0,668,52,11,33,40,2.0,24.0,10,2,2,5.0,1950,4,1.0,36,0.0,2.0,71,180,4.0
200800028075,9,6,5,2,7,6.0,3,55,19,15,14,6.0,10.0,9,2,2,9.0,1941,1,2.0,40,1.0,2.0,118,250,6.0
200800022419,10,7,5,1,3,6.0,523,41,13,40,3,2.0,14.0,3,2,3,5.0,1992,7,1.0,10,1.0,4.0,5,111,5.0
201200020386,2,4,5,2,6,7.0,59568,46,19,45,37,4.0,19.0,3,1,1,2.0,1917,5,2.0,16,1.0,2.0,250,141,0.0
200800017949,2,6,5,1,3,3.0,543,880,19,41,4,2.0,6.0,6,3,2,2.0,1962,1,2.0,1,2.0,3.0,87,17,3.0
201200058904,11,18,5,1,0,2.0,102,55,22,40,0,6.0,7.0,1,3,2,5.0,1984,1,1.0,8,2.0,1.0,390,32,1.0
201200047402,9,3,1,1,5,7.0,8,51,17,41,12,6.0,5.0,0,1,3,4.0,1982,4,2.0,10,4.0,1.0,63,330,1.0
200900031071,10,15,5,2,7,1.0,49007,1000,0,22,4,1.0,26.0,0,2,3,9.0,1933,2,2.0,16,4.0,4.0,7,96,6.0
201800050099,5,28,5,1,0,2.0,11172,650,0,57,13,7.0,16.0,1,2,1,3.0,1909,2,2.0,30,1.0,2.0,17,409,8.0
201700020908,10,4,5,2,9,5.0,691,976,21,53,2,3.0,20.0,7,2,3,9.0,1946,5,2.0,3,0.0,1.0,16,430,4.0
201200021624,1,3,5,1,3,2.0,14341,82,15,50,20,7.0,17.0,3,3,3,2.0,1979,4,2.0,8,1.0,1.0,46,99,5.0
200600035138,12,14,5,2,3,3.0,164,510,15,30,14,1.0,10.0,7,3,1,3.0,1966,9,2.0,0,2.0,3.0,25,50,3.0
200600053743,1,7,5,2,1,5.0,38074,69,20,5,1,5.0,18.0,4,1,2,2.0,2002,6,4.0,26,2.0,1.0,513,950,5.0
201200007868,8,15,5,1,4,4.0,857,89,14,20,42,6.0,1.0,0,1,2,9.0,1947,7,0.0,4,1.0,2.0,10,23,8.0
200900049717,7,18,5,1,2,7.0,302,5,22,43,38,0.0,15.0,10,3,1,3.0,1929,9,2.0,7,4.0,4.0,48,163,4.0
201000067488,5,4,5,1,8,7.0,87,250,15,20,37,4.0,12.0,1,2,3,3.0,2001,6,2.0,-1,3.0,4.0,6,99,5.0
200600010546,1,30,5,2,8,5.0,7019,700,13,35,13,7.0,8.0,10,1,1,3.0,1945,3,2.0,14,4.0,0.0,88,79,8.0
200900038116,3,25,5,2,6,7.0,85303,36,21,34,35,4.0,7.0,10,1,3,4.0,1918,6,4.0,-1,1.0,4.0,141,73,1.0
201600042590,9,2,5,1,0,4.0,907,280,10,40,39,2.0,0.0,8,3,1,1.0,1931,4,2.0,4,0.0,4.0,190,87,2.0
201500034254,9,18,5,2,9,3.0,354,11,13,22,3,3.0,16.0,2,1,1,0.0,1976,4,2.0,10,2.0,4.0,364,171,6.0
201800029881,1,25,5,2,2,1.0,75108,94,23,59,34,3.0,4.0,10,1,3,2.0,2008,5,0.0,6,0.0,4.0,31,384,5.0
200900067340,5,3,5,1,8,1.0,542,27,11,45,8,3.0,9.0,0,3,3,0.0,1942,5,2.0,2,0.0,1.0,58,6,3.0
201100008226,5,10,5,1,2,4.0,80,26,21,35,30,6.0,24.0,0,1,1,5.0,2006,3,3.0,30,2.0,1.0,294,425,0.0
201600045712,6,18,5,1,9,3.0,92,840,15,50,32,5.0,4.0,2,3,3,3.0,1912,4,2.0,4,2.0,2.0,127,109,3.0
200800058121,12,2,5,2,2,4.0,411,988,22,38,31,1.0,10.0,10,2,3,2.0,1990,1,1.0,3,1.0,0.0,194,205,6.0
201000034033,4,28,5,2,7,6.0,57,47,12,20,11,9.0,25.0,7,1,1,3.0,1940,7,2.0,2,3.0,1.0,74,715,5.0
200600009962,6,4,2,2,2,4.0,75101,480,14,25,0,4.0,14.0,9,1,1,3.0,1982,7,2.0,10,3.0,2.0,15,169,8.0
201000013514,3,13,5,1,0,3.0,27,250,10,45,32,7.0,8.0,2,2,3,5.0,2017,3,4.0,30,4.0,1.0,153,560,3.0
200600002175,1,9,5,1,1,3.0,662,950,15,8,40,2.0,18.0,7,1,2,0.0,1982,5,2.0,10,3.0,1.0,279,150,2.0
201300033512,12,4,5,1,3,6.0,750,570,23,22,12,2.0,25.0,5,2,3,4.0,1926,4,2.0,14,0.0,3.0,83,532,2.0
200800042070,3,28,4,2,2,3.0,592,340,15,5,19,6.0,4.0,7,3,3,2.0,1975,7,2.0,-1,4.0,3.0,165,86,2.0
201300046020,9,26,5,1,8,1.0,484,2,16,10,8,0.0,2.0,0,3,1,0.0,1934,7,0.0,0,0.0,0.0,8,7,6.0
200600000237,6,8,5,2,2,3.0,371,880,12,22,15,2.0,19.0,5,3,1,1.0,1908,4,3.0,7,0.0,4.0,275,264,1.0
201500026132,3,9,5,1,2,5.0,341,60,17,22,4,9.0,25.0,9,1,2,1.0,1979,4,2.0,12,0.0,3.0,25,93,5.0
201000002395,8,5,5,1,6,5.0,0,63,10,53,17,4.0,19.0,1,1,1,4.0,1926,6,2.0,26,1.0,0.0,59,96,8.0
201300011353,5,5,5,1,9,1.0,92022,68,18,41,43,4.0,1.0,8,1,1,9.0,2012,2,2.0,4,2.0,1.0,127,76,5.0
201300017017,10,26,5,1,4,5.0,168,94,21,33,43,3.0,26.0,4,3,1,9.0,2009,3,2.0,30,0.0,1.0,165,28,1.0
201200001874,2,28,5,2,5,5.0,610,170,12,10,21,4.0,26.0,4,2,2,0.0,1921,9,3.0,2,3.0,0.0,270,183,2.0
201400054209,8,14,5,2,3,5.0,22346,95,22,33,16,2.0,11.0,10,1,2,4.0,1994,5,4.0,4,1.0,2.0,42,131,5.0
201300033705,12,7,5,2,8,7.0,49109,490,0,24,19,0.0,2.0,10,2,2,5.0,1996,3,3.0,36,0.0,1.0,270,268,1.0
201300001332,7,2,3,2,3,5.0,70550,29,17,25,30,0.0,17.0,1,2,3,5.0,1966,4,4.0,30,0.0,4.0,294,258,6.0
201100013677,11,21,5,2,6,7.0,384,44,17,36,35,2.0,12.0,10,2,1,9.0,1978,5,2.0,-1,3.0,2.0,400,-81,3.0
201100019001,12,17,5,2,2,3.0,11,19,12,45,80,6.0,22.0,6,2,3,0.0,1969,2,2.0,30,3.0,1.0,15,235,4.0
200900019325,8,28,5,2,2,6.0,763,950,16,36,31,3.0,8.0,8,2,3,5.0,2001,1,2.0,0,3.0,4.0,74,900,0.0
201300009575,4,10,5,1,1,7.0,72268,880,18,0,6,5.0,3.0,8,2,2,0.0,2019,4,1.0,30,3.0,0.0,4,430,4.0
201000011742,3,13,5,2,2,5.0,495,52,13,41,0,9.0,6.0,6,2,2,9.0,1975,9,2.0,5,3.0,0.0,161,31,6.0
201500004687,3,15,5,2,8,3.0,193,1001,11,10,10,7.0,24.0,2,1,1,9.0,2010,6,2.0,13,0.0,4.0,26,138,4.0
200500045536,3,24,3,2,4,2.0,16,49,14,50,1,9.0,1.0,7,1,3,4.0,1961,2,0.0,7,1.0,2.0,74,74,3.0
201500031090,2,1,5,1,9,6.0,613,280,10,36,42,4.0,5.0,4,1,1,1.0,1910,5,2.0,13,4.0,0.0,83,174,8.0
201300011238,6,23,5,1,9,7.0,40111,12,17,50,31,7.0,24.0,0,3,2,5.0,1961,5,2.0,26,3.0,0.0,17,106,1.0
200800064282,1,22,5,2,8,6.0,51483,14,15,41,11,6.0,18.0,8,3,2,9.0,1911,1,2.0,3,3.0,3.0,84,30,3.0
201600018806,6,21,5,2,7,3.0,34111,47,0,15,2,2.0,0.0,8,1,1,2.0,1986,3,2.0,14,1.0,3.0,79,8,2.0
200900001148,8,18,5,2,9,3.0,85153,270,0,40,36,6.0,10.0,2,3,3,3.0,2009,5,2.0,1,1.0,1.0,7,550,8.0
201600044804,11,22,5,2,0,6.0,372,800,20,0,0,3.0,13.0,5,3,2,5.0,1983,7,2.0,0,0.0,3.0,250,155,1.0
201100046093,6,17,5,1,3,3.0,661,5,11,35,6,9.0,13.0,3,2,3,4.0,1929,9,2.0,7,4.0,4.0,203,137,6.0
201400043518,7,17,5,1,9,2.0,49,160,10,17,4,7.0,6.0,9,2,2,2.0,1963,6,2.0,30,2.0,3.0,12,196,2.0
200800072788,5,20,5,2,8,6.0,57,202,0,22,99,9.0,25.0,1,2,2,2.0,1985,1,2.0,11,0.0,0.0,960,65,3.0
201000038434,5,21,5,1,8,5.0,13208,360,12,24,16,7.0,21.0,9,3,1,3.0,1981,6,2.0,5,3.0,1.0,198,230,5.0
200500062430,6,21,5,1,7,4.0,573,17,17,38,15,9.0,17.0,6,1,3,3.0,1983,2,2.0,4,0.0,4.0,215,41,3.0
200800047992,9,9,5,1,5,7.0,385,520,22,59,36,2.0,1.0,0,1,3,1.0,1960,1,2.0,7,2.0,4.0,140,895,6.0
201700014267,2,23,5,1,5,4.0,44044,890,18,17,60,3.0,24.0,8,1,3,2.0,1919,6,4.0,20,1.0,4.0,161,143,8.0
201200051511,8,14,5,2,0,7.0,128,55,13,21,15,7.0,0.0,2,1,2,2.0,1988,3,2.0,14,3.0,0.0,260,228,6.0
201100026352,10,10,4,1,7,4.0,37233,610,17,43,36,1.0,16.0,6,2,2,9.0,2014,4,2.0,6,4.0,1.0,280,84,1.0
201900050378,5,18,5,1,7,6.0,92036,35,15,45,9,0.0,6.0,3,3,1,4.0,1914,6,2.0,-1,2.0,2.0,223,178,3.0
201500019748,4,14,5,2,5,3.0,214,680,13,17,38,8.0,3.0,3,1,1,4.0,1962,7,2.0,7,2.0,0.0,102,157,4.0
201600011964,12,3,5,2,4,2.0,34327,45,12,30,43,7.0,7.0,5,2,1,2.0,1994,4,2.0,50,1.0,1.0,36,515,1.0
201500037060,2,27,5,1,1,3.0,253,45,21,22,20,9.0,25.0,9,2,1,2.0,1953,4,2.0,4,3.0,3.0,164,242,2.0
201100045569,5,22,5,1,9,2.0,447,95,15,8,8,8.0,23.0,0,3,2,0.0,1950,9,2.0,3,0.0,0.0,18,54,0.0
201900057883,9,17,4,2,9,5.0,75103,58,20,10,33,9.0,14.0,6,2,2,3.0,1967,9,2.0,30,0.0,2.0,99,590,2.0
201600053013,1,5,5,1,1,4.0,598,14,17,55,36,5.0,26.0,0,1,1,3.0,1993,4,3.0,16,0.0,2.0,180,121,8.0
201100062351,4,22,5,2,3,7.0,74012,987,20,10,8,8.0,7.0,6,2,1,9.0,1987,3,2.0,12,1.0,0.0,79,14,4.0
200700044265,8,16,5,2,0,7.0,27123,520,18,10,12,0.0,17.0,8,2,1,4.0,1911,2,3.0,2,4.0,3.0,110,227,0.0
200900024228,5,4,5,2,9,5.0,97410,32,21,8,40,1.0,13.0,0,1,1,4.0,2016,6,2.0,-1,1.0,2.0,406,61,4.0
200700065972,11,26,5,2,3,1.0,26347,390,22,53,0,1.0,15.0,7,2,1,1.0,1986,7,2.0,0,3.0,1.0,66,275,1.0
200600066104,3,9,5,2,1,7.0,98,201,12,53,10,0.0,7.0,8,2,3,1.0,1989,1,4.0,12,2.0,4.0,406,205,0.0
201800047356,12,29,2,1,8,1.0,587,43,21,57,0,1.0,22.0,4,2,1,2.0,1932,9,0.0,5,1.0,0.0,77,213,2.0
200800040416,10,12,5,1,1,1.0,94081,971,22,25,43,2.0,15.0,3,2,2,4.0,2016,1,2.0,16,3.0,4.0,97,420,1.0
201500023971,5,8,5,1,5,1.0,13071,920,21,20,8,9.0,18.0,9,2,2,3.0,1979,4,1.0,6,4.0,2.0,96,171,1.0
201100010138,7,20,1,1,1,6.0,793,45,11,22,3,3.0,22.0,7,1,1,0.0,1969,4,3.0,11,1.0,3.0,200,50,0.0
201600032741,7,5,5,2,5,5.0,139,150,23,30,7,7.0,25.0,0,3,2,2.0,1939,5,4.0,4,3.0,0.0,500,54,8.0
200800021656,11,31,5,1,7,1.0,68066,84,11,53,43,3.0,9.0,8,1,3,1.0,1959,2,3.0,40,4.0,2.0,650,410,1.0
200500079038,1,29,4,1,4,7.0,28267,870,11,21,60,4.0,10.0,9,1,1,4.0,1970,9,2.0,30,3.0,2.0,99,365,0.0
201500038748,8,23,5,2,6,6.0,663,790,10,30,6,6.0,18.0,1,1,3,0.0,1924,4,2.0,14,2.0,3.0,21,215,8.0
200700013579,7,27,1,1,5,1.0,60024,16,16,59,31,3.0,16.0,0,3,2,9.0,1981,4,2.0,0,4.0,3.0,650,800,2.0
200700053563,2,7,5,2,2,2.0,474,460,15,38,40,4.0,20.0,10,2,3,5.0,1905,6,2.0,36,1.0,1.0,119,10,3.0
200700079615,12,31,5,1,5,4.0,311,34,22,25,7,1.0,19.0,4,2,2,5.0,2014,2,2.0,-1,0.0,0.0,46,560,6.0
200600004171,8,13,5,1,3,6.0,45300,17,0,25,21,6.0,13.0,9,3,3,9.0,1978,9,2.0,1,4.0,2.0,77,50,4.0
200800052835,4,29,5,2,6,6.0,69388,971,18,0,17,5.0,24.0,6,1,1,0.0,2019,1,2.0,1,2.0,3.0,78,13,4.0
200500015967,3,21,5,1,2,7.0,482,42,14,59,21,4.0,22.0,9,3,2,3.0,1905,1,2.0,40,3.0,3.0,28,940,0.0
200500010036,1,14,5,2,4,4.0,50502,800,18,53,33,0.0,5.0,5,3,3,5.0,1905,1,2.0,2,3.0,4.0,7,550,1.0
201400045897,1,9,5,2,9,6.0,271,590,19,41,17,9.0,17.0,3,1,2,4.0,2001,6,4.0,26,2.0,0.0,84,137,6.0
200700037120,3,20,5,2,3,2.0,33,830,10,15,8,4.0,18.0,0,2,1,2.0,1930,4,2.0,36,2.0,4.0,15,135,8.0
201800038951,8,8,2,2,2,3.0,63052,28,14,24,1,7.0,6.0,10,3,1,5.0,1944,4,2.0,12,0.0,0.0,72,165,8.0
201500041263,7,15,2,1,9,7.0,260,72,23,50,19,3.0,6.0,4,2,2,9.0,1968,5,4.0,12,2.0,0.0,11,162,2.0
201500031217,3,27,4,1,2,3.0,21584,44,15,11,31,8.0,25.0,8,1,2,4.0,1951,5,2.0,7,2.0,1.0,96,30,6.0
200700022584,7,10,1,2,5,3.0,71251,170,13,15,16,3.0,24.0,1,2,1,1.0,1922,3,2.0,6,2.0,2.0,67,128,1.0
201200007641,11,18,5,2,6,3.0,66003,580,18,57,20,5.0,6.0,0,2,3,4.0,1953,6,2.0,6,3.0,3.0,180,290,8.0
200700041945,3,20,1,2,3,6.0,45067,16,19,24,20,5.0,23.0,7,1,2,0.0,1947,7,4.0,3,0.0,3.0,330,600,0.0
201000033389,6,4,5,1,4,5.0,719,79,10,41,4,6.0,9.0,3,1,2,2.0,2016,4,2.0,2,3.0,1.0,41,520,0.0
201000045036,4,13,5,1,5,2.0,301,90,15,11,42,0.0,0.0,7,2,1,0.0,1943,7,2.0,30,1.0,3.0,70,58,8.0
201200012201,9,7,2,1,3,1.0,31149,5,15,35,2,2.0,13.0,8,1,1,2.0,1951,5,2.0,30,1.0,4.0,270,27,0.0
200500066031,4,26,5,2,7,2.0,62812,510,11,57,14,0.0,10.0,0,3,2,3.0,1927,6,2.0,16,3.0,3.0,34,500,5.0
200700005551,6,18,5,1,8,3.0,21584,480,11,34,16,8.0,3.0,8,3,3,3.0,1966,2,3.0,3,1.0,4.0,74,147,1.0