num_acc,mois,jour,lum,agg,int,col,com,dep,hr,mn,catv,choc,manv,place,catu,grav,trajet,an_nais,catr,circ,nbv,prof,plan,lartpc,larrout,situ
200600033034,2,6,5,2,1,6.0,498,740,23,36,15,8.0,13.0,3,3,3,1.0,1918,1,2.0,16,4.0,1.0,29,154,6.0
200500070841,6,1,5,1,7,4.0,67218,30,14,40,3,4.0,16.0,5,1,1,0.0,1925,2,3.0,30,3.0,4.0,78,134,3.0
200700072793,6,27,5,1,2,6.0,61,45,18,33,9,2.0,9.0,4,1,1,1.0,1958,1,2.0,50,1.0,4.0,77,87,1.0
201000038431,8,25,5,1,4,1.0,178,450,21,33,60,1.0,16.0,6,3,2,9.0,1975,7,2.0,4,1.0,0.0,49,73,1.0
200700048742,8,13,5,2,2,3.0,4152,24,17,24,37,8.0,16.0,1,3,1,3.0,1949,9,4.0,5,3.0,4.0,121,78,0.0
200600004131,8,2,5,1,8,3.0,69081,40,13,59,5,5.0,25.0,10,2,3,4.0,1936,5,2.0,10,0.0,4.0,6,182,8.0
201400047248,6,25,5,2,3,4.0,29184,770,17,5,33,7.0,5.0,3,3,1,9.0,1920,2,2.0,-1,0.0,1.0,132,118,3.0
200700033553,11,1,1,1,1,7.0,59431,800,16,22,60,6.0,25.0,5,1,2,9.0,1993,4,2.0,20,1.0,3.0,450,127,1.0
201800010836,8,27,5,2,8,1.0,805,34,13,34,17,4.0,14.0,8,3,3,3.0,1942,4,1.0,9,4.0,3.0,9,260,6.0
200900035001,3,20,5,2,5,5.0,407,710,21,38,43,9.0,16.0,4,3,2,3.0,1937,2,2.0,12,4.0,3.0,67,77,8.0
200900048198,4,24,5,2,4,1.0,83004,100,14,33,50,4.0,4.0,2,3,1,5.0,1986,4,2.0,16,0.0,0.0,140,98,0.0
200900052717,10,13,5,2,6,6.0,29259,480,0,40,15,8.0,2.0,5,3,2,2.0,1936,7,0.0,1,1.0,2.0,58,210,8.0
200500057091,7,11,5,2,2,6.0,129,60,20,41,10,3.0,18.0,3,2,1,1.0,1915,6,2.0,36,1.0,0.0,19,570,4.0
201300029150,3,29,5,2,1,2.0,639,950,16,41,50,2.0,23.0,1,1,3,9.0,1979,1,2.0,4,1.0,2.0,43,167,0.0
201700030216,9,23,5,1,8,4.0,247,480,15,15,2,7.0,26.0,5,1,3,1.0,2005,6,4.0,12,1.0,2.0,146,22,0.0
201600050940,4,22,1,1,9,2.0,501,49,12,0,20,4.0,8.0,9,3,2,4.0,1940,3,4.0,11,3.0,4.0,90,243,4.0
200800046793,4,18,5,1,5,3.0,756,580,15,41,15,8.0,14.0,0,3,3,3.0,1919,2,1.0,8,0.0,3.0,104,67,3.0
201500028651,4,26,5,2,4,6.0,123,670,20,38,14,6.0,9.0,0,2,1,2.0,1957,2,2.0,30,3.0,4.0,46,800,2.0
201400020661,4,12,1,1,5,6.0,75110,250,23,43,30,1.0,15.0,9,3,1,2.0,2017,2,2.0,26,2.0,0.0,280,264,4.0
201200009616,6,15,4,2,6,1.0,54329,130,14,15,35,7.0,3.0,9,2,3,4.0,2014,3,2.0,14,2.0,3.0,294,710,4.0
201700059027,4,14,1,2,0,1.0,6,100,14,24,42,7.0,0.0,4,2,3,5.0,1958,4,2.0,50,3.0,0.0,135,196,3.0
200600040434,3,23,5,1,8,7.0,827,280,22,45,60,6.0,10.0,0,3,3,2.0,1970,1,2.0,1,3.0,4.0,86,157,0.0
201400019974,8,16,5,2,1,7.0,652,75,12,50,33,0.0,2.0,4,2,1,3.0,1972,6,1.0,10,2.0,2.0,84,655,8.0
201500010578,8,13,5,2,4,3.0,394,180,13,10,31,0.0,15.0,0,3,2,9.0,1940,1,2.0,0,4.0,3.0,1,740,1.0
200500019351,1,13,5,1,0,1.0,358,830,15,8,14,5.0,14.0,0,1,3,9.0,2019,4,1.0,26,4.0,0.0,68,515,1.0
201500024682,11,11,5,1,1,1.0,71251,150,12,17,0,9.0,11.0,2,3,3,0.0,1976,3,2.0,12,3.0,0.0,60,218,3.0
200800038475,11,3,5,2,0,2.0,245,210,17,59,5,5.0,7.0,8,1,3,5.0,1932,5,2.0,1,2.0,1.0,900,179,0.0
200500038630,10,28,5,2,4,5.0,6161,976,12,40,21,6.0,19.0,1,3,1,5.0,1936,1,2.0,9,2.0,2.0,27,254,6.0
200600060876,6,22,5,2,5,2.0,765,95,21,36,18,1.0,7.0,8,3,1,3.0,1931,9,2.0,10,1.0,2.0,194,76,5.0
201000027644,2,25,1,1,2,2.0,496,58,18,35,10,0.0,20.0,1,2,2,0.0,1965,9,0.0,14,4.0,1.0,25,17,6.0
200600031641,6,25,1,2,3,6.0,44180,29,19,5,43,7.0,26.0,9,1,1,3.0,1912,9,2.0,14,4.0,1.0,57,290,1.0
201300030992,7,21,5,2,2,1.0,86194,410,22,57,4,2.0,26.0,2,2,3,1.0,2012,2,3.0,5,0.0,0.0,800,300,2.0
200900058537,11,11,4,1,1,7.0,59646,92,13,10,8,6.0,22.0,2,3,2,3.0,1965,2,4.0,2,2.0,3.0,74,420,6.0
200700012399,2,12,1,1,8,6.0,74101,120,13,41,99,0.0,12.0,9,3,1,0.0,1989,4,0.0,2,0.0,1.0,164,74,1.0
201000004858,9,23,1,2,6,4.0,93057,6,18,10,16,7.0,21.0,10,3,3,1.0,1990,1,1.0,12,4.0,4.0,127,272,4.0
201300018745,2,21,5,1,3,2.0,218,57,12,10,18,5.0,23.0,5,3,1,9.0,2016,1,0.0,1,1.0,1.0,4,39,5.0
200600026350,2,17,5,1,6,6.0,666,510,12,15,38,4.0,18.0,10,1,2,4.0,1941,7,4.0,11,0.0,4.0,15,251,2.0
201800013590,2,26,3,2,6,3.0,217,65,21,30,60,6.0,15.0,7,3,2,1.0,1965,7,0.0,40,4.0,4.0,68,7,5.0
200900022371,1,2,5,2,9,7.0,56083,1,11,36,16,8.0,10.0,4,1,2,9.0,1935,4,0.0,30,2.0,2.0,102,384,3.0
200900067262,6,17,5,1,7,6.0,92049,57,11,55,37,2.0,25.0,0,1,1,2.0,1923,3,2.0,20,0.0,0.0,86,62,8.0
200700043614,6,23,5,2,1,2.0,91689,540,14,17,33,5.0,1.0,6,3,1,0.0,1990,7,2.0,4,0.0,4.0,26,760,6.0
200700009427,7,29,3,1,0,2.0,555,971,23,55,37,8.0,26.0,8,2,3,4.0,1922,4,2.0,7,2.0,2.0,57,71,5.0
201000017520,12,6,2,1,6,5.0,69116,93,17,50,38,7.0,17.0,6,2,1,3.0,1941,6,2.0,26,1.0,2.0,52,810,6.0
201000059427,9,21,5,2,8,5.0,284,100,17,22,12,2.0,6.0,4,2,2,3.0,1913,9,2.0,13,3.0,3.0,83,170,3.0
200600008237,12,10,5,1,7,4.0,655,380,16,57,10,6.0,16.0,1,1,2,1.0,1924,2,4.0,5,4.0,3.0,590,228,8.0
200800050595,5,6,4,2,2,6.0,50,60,0,30,14,1.0,19.0,2,1,3,1.0,1983,4,2.0,30,1.0,0.0,134,116,5.0
200600054514,9,10,4,2,8,1.0,77385,90,10,36,12,0.0,5.0,5,1,2,5.0,1929,7,2.0,4,1.0,4.0,69,37,8.0
200600019608,5,1,5,1,6,4.0,678,80,11,11,16,4.0,18.0,2,2,3,5.0,1978,1,2.0,26,4.0,3.0,500,54,8.0
200500037393,9,8,5,2,3,1.0,246,987,0,20,1,0.0,10.0,1,2,3,5.0,1917,7,2.0,26,4.0,0.0,450,187,0.0
200600052537,4,3,3,2,0,6.0,691,60,20,40,50,8.0,26.0,8,3,3,4.0,1952,3,2.0,9,3.0,3.0,364,815,1.0
201200012062,9,4,5,2,1,2.0,163,600,23,43,50,0.0,6.0,9,1,2,0.0,1928,9,2.0,7,0.0,0.0,67,59,4.0
201500039543,6,3,4,1,3,6.0,85234,620,23,11,12,3.0,8.0,2,1,3,5.0,1977,2,2.0,-1,4.0,3.0,54,242,5.0
201200041446,10,9,5,2,2,6.0,38072,870,0,35,18,2.0,20.0,6,2,3,3.0,1925,4,2.0,5,4.0,1.0,79,98,3.0
200500044279,3,30,1,2,4,2.0,52093,110,10,17,39,5.0,12.0,0,1,3,4.0,1959,9,2.0,5,4.0,2.0,22,68,1.0
200700057162,7,23,5,1,0,7.0,37184,80,11,24,35,1.0,26.0,9,3,3,1.0,1948,5,2.0,11,0.0,3.0,6,117,1.0
201000005013,6,20,3,1,1,6.0,470,30,16,5,5,1.0,11.0,7,1,3,3.0,1946,1,1.0,16,1.0,1.0,198,25,8.0
200600035592,6,20,2,2,4,1.0,391,190,14,20,12,8.0,13.0,8,3,2,4.0,2000,2,2.0,6,0.0,0.0,100,590,4.0
201100058458,3,2,5,2,5,5.0,6161,78,13,0,14,8.0,1.0,8,2,2,3.0,1984,9,2.0,-1,0.0,2.0,16,490,8.0
200600069639,3,9,5,2,0,5.0,332,720,16,10,60,2.0,7.0,2,1,3,1.0,1945,9,2.0,11,0.0,1.0,128,-81,3.0
200500050566,9,21,5,2,6,3.0,432,47,23,57,42,7.0,8.0,2,3,3,1.0,2010,1,1.0,2,1.0,1.0,65,179,6.0
201400021182,1,12,5,1,9,1.0,60370,62,14,38,9,7.0,8.0,3,1,3,5.0,1966,2,0.0,9,0.0,3.0,124,67,8.0
201900053920,8,14,5,2,9,6.0,286,690,14,17,33,4.0,2.0,1,1,2,0.0,1934,3,4.0,40,1.0,0.0,105,410,8.0
201500028089,11,9,1,1,9,4.0,78466,43,14,25,19,2.0,13.0,6,3,2,4.0,1988,6,0.0,11,1.0,3.0,26,21,1.0
201200060676,12,28,5,1,0,1.0,22339,201,17,21,18,4.0,3.0,8,2,1,5.0,1981,2,2.0,0,4.0,4.0,21,76,6.0
201100001853,3,3,5,2,2,5.0,895,630,16,40,37,5.0,5.0,0,1,1,9.0,1945,3,0.0,0,2.0,4.0,146,104,5.0
201300053308,8,19,4,2,0,5.0,506,370,11,25,5,5.0,0.0,3,2,2,9.0,1996,7,2.0,6,4.0,3.0,26,108,1.0
200800042755,8,8,5,2,8,7.0,89,27,14,0,37,1.0,21.0,2,2,3,3.0,2006,7,2.0,-1,4.0,2.0,223,384,6.0
200700041831,4,23,5,2,3,1.0,410,6,20,55,4,2.0,11.0,4,1,2,0.0,1910,9,4.0,16,4.0,0.0,590,258,4.0
201500053872,4,29,5,2,0,4.0,449,320,0,22,4,9.0,22.0,2,3,2,3.0,1960,7,1.0,0,2.0,1.0,223,243,0.0
201500054735,7,6,5,2,1,3.0,31555,972,16,15,39,4.0,17.0,4,3,1,1.0,1928,7,2.0,1,2.0,4.0,132,128,8.0
201200012062,10,22,5,2,5,1.0,702,840,14,20,32,3.0,25.0,7,2,3,3.0,1973,4,2.0,6,2.0,2.0,11,312,6.0
201400059389,9,10,5,1,5,5.0,140,971,11,17,15,9.0,17.0,2,1,2,4.0,1920,6,3.0,8,1.0,4.0,114,17,4.0
200800055662,2,16,5,2,7,2.0,63032,510,21,20,5,5.0,3.0,0,2,2,5.0,2012,9,0.0,1,0.0,2.0,71,128,2.0
201200009281,11,5,5,2,2,4.0,171,89,15,34,30,8.0,13.0,0,3,3,9.0,1900,7,2.0,50,0.0,2.0,247,760,0.0
200900065640,3,29,5,2,1,2.0,92049,830,21,59,21,7.0,9.0,9,3,3,2.0,1936,5,4.0,-1,1.0,1.0,300,384,3.0
200700076159,6,30,2,1,5,4.0,377,27,18,43,2,8.0,6.0,5,1,1,2.0,1917,5,2.0,36,2.0,0.0,0,5,6.0
200600022374,2,21,1,1,6,3.0,662,974,19,24,18,9.0,1.0,10,3,3,9.0,1947,7,0.0,10,2.0,0.0,106,162,1.0
201400041609,4,31,5,2,8,6.0,35,860,12,24,60,6.0,3.0,9,1,3,2.0,1985,1,3.0,14,1.0,1.0,100,57,1.0
200600056730,8,9,5,1,3,4.0,38435,180,11,36,21,9.0,26.0,1,3,1,4.0,1912,6,2.0,5,4.0,4.0,280,34,2.0
201000052936,9,4,2,1,6,7.0,98,580,10,22,7,9.0,15.0,3,2,2,1.0,1992,9,2.0,9,1.0,0.0,0,56,8.0
201200053406,7,10,5,1,8,1.0,83107,93,14,59,8,0.0,2.0,5,3,3,9.0,2000,6,3.0,9,2.0,0.0,64,57,2.0
201700011091,3,10,5,1,7,5.0,75120,973,21,36,31,6.0,2.0,8,3,3,3.0,2017,3,2.0,10,4.0,0.0,86,55,6.0
201300027377,9,24,5,2,9,3.0,40009,440,21,21,30,0.0,1.0,2,1,1,3.0,1957,7,2.0,2,3.0,1.0,42,52,3.0
201500038079,11,15,5,2,3,6.0,77152,570,10,21,13,5.0,22.0,8,3,3,0.0,1992,6,4.0,16,0.0,3.0,125,179,2.0
201700017198,3,2,4,2,8,6.0,252,75,10,22,6,7.0,10.0,8,1,1,9.0,1921,6,2.0,50,3.0,3.0,15,214,5.0
201500030534,10,16,5,2,8,7.0,266,260,21,11,50,1.0,25.0,4,1,3,9.0,1917,9,2.0,9,0.0,2.0,130,167,3.0
201100031489,11,3,5,2,6,5.0,357,480,21,36,60,5.0,5.0,3,1,1,5.0,1917,6,2.0,40,4.0,3.0,25,191,8.0
200900064834,4,26,5,2,3,5.0,95582,780,11,8,10,9.0,11.0,8,1,3,4.0,1989,1,2.0,2,2.0,0.0,7,122,3.0
200900058376,2,11,5,1,5,3.0,654,63,22,34,33,4.0,25.0,1,1,2,0.0,1997,2,2.0,13,1.0,3.0,23,282,4.0
201200057867,12,16,5,1,9,2.0,253,290,12,30,43,5.0,1.0,7,3,1,5.0,1988,2,2.0,26,3.0,3.0,54,255,2.0
201500046691,5,17,5,1,1,7.0,14024,870,13,33,8,6.0,1.0,10,1,2,1.0,1945,5,2.0,2,2.0,0.0,170,113,5.0
201700051693,3,10,5,1,4,2.0,229,36,16,0,36,5.0,3.0,8,1,3,0.0,1979,5,3.0,0,3.0,1.0,48,2,3.0
201400039785,1,23,5,1,3,6.0,827,130,23,0,21,8.0,2.0,0,2,3,0.0,2002,6,2.0,26,1.0,2.0,43,430,5.0
200800058146,10,27,2,1,2,6.0,12202,270,20,38,42,6.0,6.0,3,1,1,1.0,2002,6,1.0,8,2.0,4.0,63,192,6.0
200600029122,2,21,5,1,4,6.0,366,360,19,22,3,1.0,13.0,4,2,3,0.0,1994,9,2.0,13,1.0,0.0,279,165,3.0
201700003884,2,26,3,2,6,4.0,85,77,11,33,18,0.0,2.0,8,1,2,4.0,1989,9,1.0,11,2.0,2.0,64,80,3.0
201700005554,9,15,5,2,6,1.0,180,560,15,43,15,0.0,19.0,9,3,3,0.0,1986,2,2.0,6,3.0,2.0,29,255,1.0
200900021546,10,2,5,1,2,2.0,74012,7,16,15,33,7.0,15.0,4,2,1,1.0,1956,1,1.0,7,2.0,4.0,47,915,4.0
200700010039,2,21,2,2,6,7.0,170,720,14,24,34,4.0,8.0,10,3,3,0.0,1990,9,4.0,4,0.0,2.0,26,48,0.0
201600005643,10,9,5,2,1,6.0,36139,976,0,41,36,0.0,7.0,8,2,1,2.0,1948,7,4.0,2,2.0,0.0,98,84,1.0
200900061961,11,26,5,1,0,4.0,67365,590,21,10,5,8.0,10.0,3,3,2,4.0,1967,6,2.0,20,0.0,1.0,20,314,4.0
201500050574,2,22,5,1,8,6.0,801,68,23,38,12,0.0,9.0,9,1,2,4.0,1944,4,4.0,-1,0.0,1.0,106,80,8.0
201200047104,7,26,4,2,9,7.0,674,190,20,8,7,4.0,6.0,5,3,1,3.0,2004,4,2.0,14,4.0,1.0,504,97,5.0
201700023326,10,9,1,2,5,7.0,502,24,0,55,60,9.0,7.0,10,2,2,1.0,1914,2,2.0,0,4.0,0.0,10,172,0.0
201300041863,11,13,5,2,7,7.0,71,640,20,10,20,9.0,19.0,9,1,2,1.0,1973,4,2.0,26,2.0,0.0,20,73,4.0
201300055749,12,11,1,2,6,5.0,69384,3,10,21,37,2.0,8.0,2,2,1,1.0,1927,5,4.0,2,1.0,2.0,80,146,5.0
200600025982,5,6,5,1,7,6.0,659,700,11,59,39,7.0,4.0,0,3,2,9.0,1978,9,2.0,3,0.0,1.0,94,860,6.0
200800038726,4,13,5,1,1,7.0,78310,190,20,43,11,7.0,23.0,6,3,3,5.0,0,3,2.0,0,0.0,3.0,143,77,2.0
200900051331,11,22,5,1,6,3.0,487,74,14,35,5,1.0,11.0,1,1,1,3.0,1911,7,2.0,26,3.0,2.0,390,6,5.0
201100056426,4,11,5,1,6,3.0,266,88,20,55,42,3.0,11.0,6,3,3,0.0,1938,4,2.0,3,1.0,4.0,71,830,5.0
201300006365,2,15,5,2,7,2.0,437,971,19,34,4,4.0,14.0,10,2,3,4.0,1935,5,0.0,10,0.0,4.0,330,183,3.0
200800071420,2,6,5,2,0,7.0,913,25,21,25,17,8.0,18.0,5,1,2,3.0,1940,3,0.0,9,1.0,2.0,88,29,0.0
200700064999,8,19,5,2,6,4.0,78640,81,16,53,99,2.0,6.0,5,2,2,2.0,1922,1,2.0,11,2.0,1.0,16,147,2.0
200800029726,9,22,5,2,0,4.0,419,95,0,8,42,0.0,10.0,5,1,1,5.0,1963,7,2.0,-1,4.0,0.0,75,52,8.0
201200028129,5,10,5,2,1,1.0,396,910,12,55,0,4.0,0.0,10,1,3,9.0,1949,6,0.0,40,1.0,0.0,142,313,6.0
201400038961,8,12,5,1,7,4.0,83086,4,21,41,31,4.0,17.0,9,1,1,5.0,1921,4,2.0,3,1.0,3.0,128,750,6.0
201300024824,11,31,5,1,0,7.0,170,25,23,22,16,9.0,4.0,2,2,1,4.0,1951,2,3.0,50,1.0,2.0,248,180,1.0
201900010002,7,9,1,2,0,7.0,934,150,10,40,39,6.0,17.0,10,1,3,3.0,1950,1,2.0,40,3.0,0.0,650,710,5.0
200600057981,1,9,5,2,0,1.0,197,987,22,20,10,7.0,23.0,5,2,3,3.0,1920,4,2.0,13,2.0,3.0,60,630,1.0
200700044377,12,2,5,2,2,3.0,280,48,16,10,15,3.0,4.0,1,3,1,9.0,1922,1,2.0,4,2.0,2.0,364,384,1.0
201800003437,6,9,5,2,2,1.0,359,600,0,10,99,6.0,14.0,5,3,2,9.0,1993,5,1.0,14,3.0,2.0,143,580,6.0
201800054225,9,30,5,1,3,1.0,541,860,22,36,11,7.0,19.0,0,2,2,1.0,1952,4,2.0,16,0.0,0.0,54,225,8.0
200500086855,3,3,2,2,4,6.0,50165,4,0,33,9,4.0,13.0,9,2,1,2.0,1925,2,2.0,0,0.0,2.0,3,93,3.0
200700022621,11,11,5,2,2,4.0,758,920,18,22,20,5.0,26.0,9,2,2,2.0,1959,9,0.0,9,0.0,3.0,120,176,6.0
200900072096,7,4,5,2,7,6.0,54431,81,0,15,30,6.0,13.0,6,2,2,0.0,1969,5,0.0,14,0.0,4.0,100,99,4.0
201200022840,4,26,3,1,7,2.0,566,33,23,11,8,1.0,7.0,4,3,1,2.0,2000,6,2.0,20,1.0,2.0,13,94,8.0
201700048033,9,2,5,1,6,7.0,503,78,16,43,37,2.0,23.0,7,1,1,1.0,1946,6,2.0,10,4.0,2.0,4,141,4.0
201200012219,5,6,5,2,7,2.0,169,790,23,45,42,7.0,20.0,10,2,3,5.0,1961,4,4.0,6,4.0,3.0,164,58,4.0
200500006672,2,3,5,2,9,5.0,317,57,22,5,10,5.0,6.0,5,1,3,9.0,1930,6,4.0,30,4.0,3.0,48,109,5.0
201700048428,4,28,5,2,1,5.0,83090,33,22,33,15,2.0,4.0,9,3,3,9.0,1977,7,4.0,36,0.0,2.0,200,77,5.0
200900036446,3,22,5,2,1,6.0,622,40,14,57,5,1.0,9.0,1,2,2,4.0,1908,2,3.0,14,2.0,0.0,2,925,2.0
201800037004,9,18,5,1,5,4.0,589,410,14,40,38,9.0,20.0,10,1,3,0.0,1955,5,2.0,8,2.0,3.0,107,271,2.0
200800073843,4,24,4,2,0,7.0,35238,37,14,40,5,9.0,1.0,4,1,1,4.0,1920,5,2.0,9,3.0,4.0,20,430,1.0
201400050124,11,26,5,1,5,3.0,356,85,21,55,36,1.0,23.0,6,1,2,1.0,1931,9,4.0,4,3.0,3.0,78,42,2.0
200800048796,1,15,5,2,6,7.0,476,420,12,55,36,3.0,13.0,2,2,1,2.0,1972,9,2.0,-1,0.0,3.0,280,68,3.0
200600011181,9,14,2,1,3,5.0,76231,63,10,21,12,9.0,25.0,5,2,3,4.0,1952,4,2.0,10,1.0,3.0,215,153,2.0
200500021235,6,5,5,1,2,1.0,59009,58,14,35,10,5.0,24.0,5,1,1,5.0,1962,7,2.0,-1,3.0,3.0,10,277,0.0
200900061961,5,25,5,1,2,4.0,313,20,12,35,15,1.0,14.0,9,2,2,9.0,2016,6,2.0,0,0.0,4.0,207,68,5.0
201700010471,5,9,5,1,2,4.0,132,27,12,38,30,1.0,10.0,2,2,3,0.0,1943,5,2.0,0,1.0,0.0,128,915,1.0
200800019598,11,10,2,1,0,6.0,97418,52,22,57,7,4.0,24.0,8,3,1,2.0,1938,2,2.0,9,0.0,0.0,35,148,1.0
200500007522,7,20,5,1,8,3.0,94018,64,15,59,32,1.0,21.0,2,2,1,4.0,1948,1,2.0,26,0.0,0.0,150,215,8.0
201800017709,4,28,5,1,5,7.0,239,42,13,22,34,5.0,10.0,10,1,3,5.0,2015,6,2.0,50,3.0,1.0,67,305,4.0
200500015473,6,7,1,2,9,1.0,6128,410,13,50,31,4.0,17.0,6,3,3,5.0,2012,9,2.0,5,1.0,2.0,203,153,4.0
200800014486,8,9,5,1,6,4.0,691,55,20,10,15,5.0,20.0,2,1,3,9.0,1973,2,2.0,0,4.0,1.0,107,315,2.0
201500012053,8,18,4,2,0,2.0,13019,10,19,10,40,9.0,6.0,5,2,2,3.0,2001,4,0.0,1,0.0,0.0,106,28,6.0
200500020994,4,12,4,1,0,6.0,692,360,12,40,2,6.0,18.0,6,1,2,5.0,1911,5,2.0,-1,4.0,3.0,135,50,0.0
200800051619,11,19,4,1,5,2.0,233,390,17,55,11,4.0,16.0,9,2,1,5.0,1921,6,4.0,20,2.0,0.0,161,103,8.0
200900071308,9,7,5,1,6,2.0,6029,930,16,36,8,9.0,5.0,0,1,1,3.0,1959,7,4.0,30,4.0,4.0,48,313,1.0
201000002105,6,16,5,1,2,4.0,882,340,11,45,0,3.0,26.0,8,2,1,5.0,1918,5,0.0,12,2.0,0.0,90,265,6.0
201000021271,9,3,5,2,1,6.0,72025,73,0,43,1,9.0,1.0,10,2,1,5.0,1987,6,2.0,8,0.0,0.0,240,25,4.0
201400054771,2,27,4,1,3,4.0,44047,180,12,35,15,9.0,26.0,10,2,1,1.0,2008,7,2.0,50,0.0,4.0,197,15,2.0
201300007163,4,13,5,1,0,2.0,361,1,23,34,43,9.0,3.0,10,1,1,9.0,1919,3,2.0,2,0.0,1.0,110,505,6.0
201500036724,5,8,2,2,2,5.0,2173,84,0,43,5,4.0,23.0,10,1,3,9.0,1913,1,2.0,4,2.0,1.0,212,156,5.0
201000018810,4,3,5,2,1,4.0,631,66,20,8,12,7.0,14.0,1,3,1,1.0,1953,9,2.0,0,2.0,1.0,65,22,5.0
200600026805,11,5,4,1,2,1.0,329,87,15,50,38,3.0,3.0,3,2,2,1.0,1986,3,2.0,40,2.0,0.0,48,111,1.0
200500013785,9,8,5,1,7,5.0,740,57,14,59,50,3.0,7.0,0,1,1,2.0,1921,6,1.0,30,3.0,1.0,104,160,8.0
200500053982,10,8,5,1,1,4.0,788,74,12,59,17,2.0,18.0,10,1,2,5.0,1931,2,2.0,26,2.0,0.0,46,231,6.0
200500022578,2,16,5,2,0,7.0,826,360,20,43,20,7.0,1.0,10,2,2,5.0,1987,6,1.0,7,1.0,1.0,98,400,3.0
201000042469,11,5,5,2,6,6.0,149,35,23,43,21,2.0,26.0,1,2,2,2.0,1942,5,2.0,-1,4.0,2.0,504,409,3.0
201300000170,6,31,5,1,9,5.0,31396,91,19,55,12,8.0,20.0,1,3,1,9.0,1953,1,2.0,10,1.0,2.0,98,265,6.0
201700010998,11,24,3,1,8,7.0,605,500,15,8,2,4.0,22.0,9,2,2,3.0,1908,9,2.0,12,1.0,3.0,127,950,6.0
200500050722,1,27,5,2,3,5.0,29184,4,19,40,33,8.0,9.0,10,3,2,3.0,1909,6,4.0,13,4.0,3.0,51,160,8.0
200800046634,3,26,1,2,6,2.0,94043,38,15,35,32,4.0,1.0,9,1,2,5.0,1919,3,4.0,0,4.0,2.0,122,315,8.0
201000049799,9,4,4,1,1,5.0,418,56,18,36,38,4.0,19.0,9,3,3,3.0,1998,2,2.0,14,4.0,2.0,121,211,0.0
200600083685,4,11,5,2,6,3.0,13201,19,13,35,60,0.0,13.0,10,3,1,0.0,1937,5,2.0,20,1.0,3.0,197,570,3.0
200800077310,7,11,5,2,2,2.0,687,520,11,24,7,0.0,24.0,3,2,3,4.0,2012,4,2.0,7,4.0,3.0,135,657,6.0
200500029907,4,31,5,1,9,4.0,13055,973,12,38,37,8.0,1.0,4,1,2,2.0,1930,7,3.0,8,4.0,4.0,146,222,3.0
200600032107,3,16,5,2,1,4.0,170,43,17,33,80,5.0,9.0,3,1,3,4.0,1937,7,2.0,5,3.0,1.0,36,101,4.0
201100000123,3,28,5,1,8,6.0,85,880,10,15,3,4.0,7.0,4,1,2,0.0,1910,6,2.0,0,3.0,4.0,13,235,3.0
200700056218,12,26,5,2,3,3.0,542,27,23,43,4,4.0,8.0,8,1,2,3.0,1934,7,1.0,-1,4.0,2.0,70,111,5.0
200600016559,8,5,5,1,9,6.0,578,810,14,35,20,5.0,7.0,8,1,1,3.0,1935,1,2.0,36,4.0,4.0,109,300,6.0
201400009214,11,19,4,1,3,4.0,94028,560,22,41,19,1.0,12.0,8,3,1,4.0,1966,4,2.0,4,3.0,0.0,59,950,8.0
201400013569,11,4,5,1,6,3.0,6004,490,22,45,15,8.0,11.0,3,1,3,9.0,1987,7,2.0,5,3.0,3.0,1,2,0.0
200900050073,1,19,5,2,0,3.0,625,890,22,40,5,5.0,8.0,5,1,1,9.0,1922,4,2.0,-1,1.0,4.0,52,126,3.0
200900033320,8,23,5,2,6,2.0,208,48,20,36,12,9.0,23.0,9,2,3,4.0,1987,4,2.0,9,3.0,1.0,4,203,4.0
201900006191,5,17,5,2,3,3.0,12057,51,12,17,16,9.0,25.0,8,2,1,4.0,1923,1,3.0,7,4.0,0.0,41,35,2.0
200700057096,8,22,5,2,1,4.0,48198,780,22,8,15,9.0,5.0,8,3,2,1.0,1979,5,0.0,50,2.0,3.0,270,265,5.0
201400016941,2,1,1,1,8,3.0,72246,760,13,30,38,1.0,15.0,9,1,1,0.0,1961,6,2.0,13,3.0,3.0,50,790,1.0
201600015379,1,13,1,1,1,3.0,776,33,16,35,6,5.0,13.0,5,1,1,1.0,1950,6,2.0,36,1.0,1.0,55,155,6.0
201700042425,10,10,3,2,9,6.0,368,2,19,34,5,1.0,21.0,6,1,3,9.0,1960,7,2.0,9,3.0,4.0,3,195,8.0
201100026947,8,31,3,1,0,5.0,651,61,17,10,32,1.0,4.0,7,1,1,4.0,1981,5,2.0,10,0.0,0.0,99,713,4.0
201600044847,9,2,5,2,7,2.0,83004,820,12,35,40,4.0,11.0,9,1,1,9.0,1955,4,4.0,-1,0.0,0.0,9,790,6.0
201200044122,9,25,5,1,6,6.0,242,710,14,22,5,5.0,20.0,8,3,2,0.0,1955,7,2.0,26,4.0,4.0,28,79,8.0
201800014278,2,25,5,1,1,6.0,319,9,18,24,9,1.0,22.0,1,3,3,0.0,1949,4,1.0,26,2.0,3.0,42,242,6.0
201500030233,7,22,2,2,4,4.0,91691,120,15,57,10,0.0,25.0,8,3,3,9.0,1967,9,2.0,50,2.0,3.0,64,355,8.0
201800015403,2,30,5,2,9,3.0,5176,750,21,11,19,2.0,4.0,9,1,2,1.0,1986,4,2.0,30,4.0,0.0,50,208,4.0