num_acc,mois,jour,lum,agg,int,col,com,dep,hr,mn,catv,choc,manv,place,catu,grav,trajet,an_nais,catr,circ,nbv,prof,plan,lartpc,larrout,situ
200500049867,2,16,5,1,6,6.0,147,340,18,53,37,8.0,25.0,0,2,2,0.0,1969,9,2.0,12,0.0,2.0,142,240,8.0
200800043227,11,16,3,2,3,5.0,21584,230,15,17,18,5.0,5.0,5,2,1,1.0,2018,4,2.0,30,1.0,4.0,900,999,1.0
200700082014,9,11,5,1,1,3.0,277,440,11,50,19,0.0,26.0,0,3,3,0.0,1910,3,2.0,20,1.0,2.0,136,500,0.0
200900040718,1,19,5,1,1,6.0,666,42,22,21,15,8.0,24.0,9,2,1,4.0,1935,5,2.0,3,0.0,2.0,108,126,6.0
201500037548,2,7,5,2,3,5.0,83023,260,15,0,7,9.0,3.0,8,1,1,2.0,1937,5,2.0,36,4.0,3.0,127,10,0.0
201300012333,7,1,5,1,6,1.0,64445,210,19,15,31,2.0,15.0,2,3,3,0.0,1974,1,2.0,30,0.0,0.0,94,221,2.0
201800028374,3,14,5,2,8,2.0,1034,170,20,0,11,2.0,22.0,3,2,2,9.0,1901,1,3.0,36,3.0,2.0,51,820,2.0
200700023017,7,27,4,1,3,6.0,94018,42,21,53,19,1.0,26.0,1,3,2,9.0,1959,5,2.0,5,1.0,2.0,50,208,3.0
200900024473,6,15,2,1,3,6.0,69387,120,19,0,18,0.0,15.0,1,3,2,3.0,1908,3,2.0,14,2.0,0.0,101,141,8.0
200700043115,11,9,5,1,3,2.0,30,460,15,57,31,5.0,23.0,7,3,1,2.0,1911,7,2.0,36,0.0,2.0,65,312,3.0
201500004141,1,23,4,1,8,4.0,454,110,23,25,8,8.0,6.0,3,2,3,9.0,1928,6,1.0,10,2.0,1.0,78,271,5.0
200500064792,10,19,5,1,2,2.0,424,50,20,21,30,4.0,9.0,5,1,2,2.0,1980,9,2.0,5,0.0,4.0,240,186,1.0
200500071537,5,22,2,1,0,3.0,465,430,13,41,19,3.0,17.0,5,2,3,4.0,1973,1,0.0,12,3.0,4.0,406,132,3.0
201700030774,10,15,5,2,1,1.0,809,490,19,15,4,4.0,12.0,4,2,2,4.0,1968,3,2.0,10,1.0,2.0,115,198,3.0
201200060680,2,22,5,1,2,4.0,112,202,15,41,8,3.0,5.0,7,2,1,3.0,1922,6,3.0,20,1.0,0.0,900,4,3.0
200600049166,5,23,5,1,8,4.0,93064,58,22,55,4,7.0,19.0,7,2,1,0.0,1976,6,2.0,2,1.0,4.0,180,100,3.0
200500055110,12,25,5,2,9,1.0,655,4,10,55,14,8.0,17.0,7,3,3,4.0,1964,9,3.0,13,0.0,2.0,340,690,4.0
200700055544,9,28,5,2,4,3.0,558,140,12,45,0,6.0,15.0,8,2,1,4.0,1912,5,4.0,12,0.0,1.0,125,675,0.0
201800027540,11,17,5,1,1,4.0,245,460,21,55,31,9.0,3.0,6,2,3,9.0,1941,7,0.0,30,4.0,3.0,223,216,0.0
201700030774,10,11,5,2,6,6.0,30345,840,23,41,37,9.0,17.0,2,2,2,9.0,1918,1,2.0,20,2.0,4.0,71,134,8.0
201000035665,2,11,5,1,7,7.0,478,70,10,24,3,0.0,3.0,10,2,2,0.0,1994,2,2.0,7,2.0,2.0,147,-81,3.0
200600053609,8,29,5,1,2,1.0,835,2,15,30,8,3.0,21.0,9,1,2,2.0,1948,6,2.0,36,4.0,1.0,97,75,2.0
200500002847,8,24,5,1,0,2.0,68085,580,16,24,35,8.0,16.0,8,1,3,5.0,2012,2,2.0,7,2.0,3.0,310,64,8.0
201400055820,11,15,3,1,6,1.0,91689,890,19,45,37,0.0,14.0,0,2,3,4.0,1909,1,3.0,14,3.0,3.0,960,92,4.0
200700005308,10,15,3,2,0,1.0,905,420,20,55,11,6.0,16.0,10,1,2,9.0,1952,4,2.0,5,4.0,4.0,50,211,4.0
200700038677,9,31,4,1,0,6.0,650,22,18,15,14,9.0,3.0,2,1,2,3.0,1905,3,2.0,2,2.0,3.0,590,147,1.0
201900003217,10,16,5,1,3,2.0,75113,110,20,11,11,7.0,10.0,9,2,3,0.0,1905,7,2.0,14,4.0,4.0,113,186,2.0
201700053613,6,26,3,2,4,2.0,215,94,16,0,43,2.0,4.0,4,1,2,5.0,1963,4,2.0,3,0.0,2.0,130,515,4.0
201100035340,7,23,5,1,9,4.0,77042,29,10,5,37,2.0,20.0,0,3,1,1.0,2007,5,2.0,36,0.0,1.0,3,30,4.0
201000027795,2,13,1,1,2,6.0,92026,48,17,40,50,1.0,2.0,5,1,1,2.0,1948,2,1.0,0,1.0,2.0,63,251,4.0
200700024081,6,11,5,1,9,4.0,97128,59,11,38,30,9.0,25.0,2,1,1,4.0,1991,6,2.0,7,0.0,0.0,0,146,3.0
200900065153,12,22,5,2,1,6.0,67218,201,20,50,40,9.0,18.0,8,2,3,0.0,1991,2,2.0,36,3.0,1.0,96,650,3.0
201100052472,12,1,5,2,5,1.0,75113,13,19,20,3,7.0,15.0,5,1,2,9.0,1911,7,4.0,-1,4.0,0.0,16,182,1.0
200600077309,9,22,5,2,9,4.0,78646,30,19,40,7,6.0,4.0,9,3,3,0.0,2016,6,2.0,50,4.0,0.0,26,192,6.0
200500015967,5,14,1,1,5,6.0,77181,1001,23,17,12,2.0,15.0,4,3,3,3.0,1962,4,4.0,6,3.0,1.0,67,213,0.0
200900058443,2,6,5,1,8,2.0,346,14,20,35,0,3.0,20.0,2,3,2,2.0,2018,6,2.0,50,3.0,0.0,96,277,4.0
200700004766,6,11,1,2,6,2.0,76318,680,16,15,21,4.0,15.0,3,3,1,5.0,1957,7,2.0,36,2.0,2.0,216,660,0.0
201200041775,7,18,5,1,3,5.0,78043,650,10,5,32,3.0,10.0,0,1,2,0.0,1921,2,2.0,11,4.0,1.0,64,85,2.0
200500066264,6,24,5,1,6,3.0,26243,680,21,20,2,6.0,3.0,7,2,2,9.0,2009,2,2.0,9,4.0,0.0,52,415,8.0
201700051775,5,20,5,2,1,5.0,686,61,19,35,99,1.0,8.0,3,1,1,1.0,1944,2,2.0,5,3.0,3.0,77,820,8.0
200800012378,2,23,5,1,0,3.0,436,230,16,24,20,1.0,9.0,8,3,2,0.0,1952,3,3.0,9,2.0,3.0,203,150,4.0
201200032144,8,16,5,2,1,5.0,63052,550,11,41,21,7.0,14.0,6,1,1,1.0,1913,3,2.0,8,3.0,2.0,60,235,4.0
200900061225,12,7,5,1,5,1.0,63453,820,19,8,39,2.0,14.0,7,3,1,0.0,1949,9,3.0,1,3.0,2.0,709,243,4.0
200800053072,12,3,4,1,4,1.0,702,64,0,57,42,1.0,4.0,10,1,2,4.0,0,2,2.0,14,2.0,0.0,99,71,3.0
201700053732,12,31,5,2,4,4.0,6113,360,12,20,16,2.0,9.0,4,3,1,3.0,2000,5,2.0,-1,0.0,1.0,132,234,3.0
201100028263,8,21,5,1,7,4.0,82,39,23,5,36,0.0,14.0,1,3,3,3.0,1993,4,2.0,1,3.0,2.0,960,112,8.0
200500003217,12,23,5,1,8,1.0,73151,8,17,10,14,0.0,21.0,2,3,1,9.0,1939,6,2.0,50,2.0,4.0,12,67,1.0
201000040467,11,9,4,1,9,4.0,77131,90,18,8,38,6.0,13.0,1,3,3,1.0,1924,2,0.0,40,3.0,0.0,600,156,1.0
201800015381,2,2,5,2,9,4.0,424,18,18,38,5,6.0,20.0,6,1,1,4.0,1986,1,4.0,20,3.0,0.0,223,205,3.0
200600011241,4,12,1,2,6,2.0,6,972,20,35,33,8.0,2.0,9,1,2,3.0,1994,1,3.0,11,1.0,4.0,49,690,0.0
201800006822,2,4,3,2,6,1.0,94042,65,18,40,37,4.0,12.0,1,3,1,3.0,2005,3,2.0,1,2.0,3.0,192,58,1.0
201100042598,10,2,5,2,4,7.0,367,971,20,5,14,4.0,6.0,9,2,3,9.0,1959,5,2.0,36,1.0,1.0,75,314,2.0
200500045300,1,18,5,2,4,7.0,829,201,17,43,13,4.0,8.0,2,1,1,3.0,1970,1,2.0,9,3.0,1.0,94,530,0.0
200600025186,10,30,5,2,2,4.0,204,300,10,45,99,2.0,24.0,9,3,2,2.0,1931,1,1.0,7,3.0,0.0,37,87,3.0
200800021536,11,20,5,1,5,5.0,13215,460,23,34,10,6.0,4.0,4,1,2,2.0,1986,4,2.0,12,3.0,3.0,18,700,8.0
201000041236,8,8,5,1,5,6.0,92040,3,14,10,40,4.0,17.0,5,2,1,4.0,1960,6,2.0,20,1.0,0.0,900,85,6.0
201000017122,2,10,5,1,6,2.0,38215,83,14,25,32,9.0,11.0,3,1,3,0.0,1989,5,2.0,26,3.0,4.0,72,153,6.0
201400004761,1,11,5,2,3,7.0,384,620,16,17,43,0.0,11.0,9,1,1,1.0,1982,1,2.0,11,1.0,0.0,22,268,6.0
201200051915,2,11,5,2,5,4.0,76660,480,21,53,21,3.0,1.0,6,2,3,4.0,1938,9,3.0,26,3.0,0.0,128,800,2.0
200900006386,11,11,5,1,8,3.0,827,17,20,10,2,9.0,1.0,5,2,3,5.0,1978,5,4.0,50,1.0,1.0,128,31,3.0
201800030628,7,30,5,1,5,1.0,33487,65,20,24,0,1.0,5.0,7,2,1,3.0,1925,5,4.0,11,3.0,0.0,600,380,6.0
201600001366,12,24,4,1,2,1.0,312,91,20,55,6,7.0,18.0,6,1,3,4.0,1909,9,2.0,6,4.0,1.0,137,93,0.0
200900043373,11,31,4,2,7,2.0,37108,8,0,8,37,2.0,4.0,3,2,1,5.0,1986,7,2.0,50,1.0,0.0,134,830,0.0
200500084361,8,25,5,2,9,1.0,338,973,21,15,50,4.0,15.0,5,1,1,4.0,1917,3,2.0,26,1.0,0.0,108,194,3.0
200500067059,4,25,5,1,8,2.0,24138,340,21,11,36,1.0,1.0,2,3,1,0.0,1919,5,2.0,10,1.0,4.0,80,720,2.0
201200038054,4,20,5,1,5,3.0,600,730,14,25,17,0.0,10.0,3,3,3,1.0,1986,9,1.0,9,3.0,2.0,3,63,1.0
201800045062,12,2,2,1,4,6.0,245,6,22,22,33,2.0,5.0,10,3,1,5.0,1920,6,2.0,10,0.0,1.0,32,221,4.0
201000014820,11,12,5,1,6,7.0,71105,310,16,43,0,8.0,13.0,0,3,1,5.0,1932,4,2.0,50,0.0,0.0,1,208,5.0
200600002564,1,10,5,2,4,4.0,340,81,21,53,37,8.0,21.0,2,2,3,4.0,1937,6,2.0,10,4.0,4.0,600,107,4.0
201000048055,12,15,4,1,6,6.0,152,230,19,40,39,7.0,22.0,5,2,1,3.0,1905,3,2.0,40,1.0,1.0,41,227,0.0
200500021116,12,6,5,2,0,7.0,45286,58,23,22,35,0.0,0.0,2,3,1,4.0,1989,6,1.0,10,3.0,1.0,19,820,8.0
201500034955,4,12,5,1,5,3.0,22152,640,18,41,15,3.0,20.0,3,2,3,4.0,2000,3,2.0,2,0.0,4.0,7,770,1.0
201700000763,6,8,5,1,5,1.0,25387,720,22,43,0,8.0,12.0,6,3,3,0.0,1948,4,1.0,5,1.0,1.0,709,123,8.0
201000002006,1,19,5,1,8,5.0,495,3,19,22,42,3.0,2.0,5,3,1,3.0,2016,1,3.0,9,3.0,2.0,51,124,1.0
201500039620,2,23,5,1,9,5.0,305,75,15,33,30,1.0,15.0,8,3,1,3.0,2003,4,3.0,11,2.0,1.0,87,505,4.0
201100048803,5,4,5,1,6,4.0,755,880,15,33,5,1.0,25.0,4,1,3,5.0,1930,4,4.0,20,1.0,3.0,143,409,5.0
200600041578,12,10,5,2,6,6.0,672,49,21,5,0,7.0,19.0,8,1,3,5.0,1987,6,2.0,3,0.0,0.0,205,37,5.0
201300037196,11,28,5,2,4,7.0,92036,310,12,34,40,2.0,7.0,4,3,2,3.0,1928,6,0.0,26,4.0,3.0,207,92,0.0
200500052494,3,1,5,1,8,3.0,194,2,15,34,35,0.0,20.0,4,2,2,2.0,2014,1,0.0,-1,1.0,0.0,130,67,6.0
201100016328,5,14,4,2,3,6.0,841,810,18,0,7,0.0,0.0,4,2,2,0.0,1979,6,0.0,50,0.0,2.0,400,103,8.0
201500044408,6,31,3,1,9,2.0,494,25,19,40,40,4.0,18.0,1,2,1,0.0,1993,6,2.0,30,2.0,0.0,125,-81,0.0
201000045589,4,29,2,2,7,3.0,464,720,0,40,5,0.0,19.0,9,1,2,0.0,1914,1,2.0,20,1.0,3.0,45,101,8.0
200900007097,5,20,2,1,0,1.0,79168,29,20,33,34,0.0,20.0,0,2,3,3.0,1940,9,2.0,3,3.0,4.0,107,35,6.0
200800059974,4,13,3,1,3,5.0,94068,60,13,11,10,9.0,24.0,7,3,3,1.0,1977,1,2.0,40,2.0,2.0,86,650,1.0
201500006359,9,20,5,1,0,3.0,0,720,23,17,20,0.0,9.0,4,3,2,9.0,1915,1,2.0,50,4.0,4.0,14,590,2.0
200500009745,9,13,5,2,9,1.0,38348,580,19,43,5,9.0,3.0,5,2,2,0.0,1948,1,2.0,9,2.0,4.0,247,409,8.0
201000018035,7,20,4,1,4,5.0,774,230,18,55,0,6.0,17.0,3,2,3,1.0,1947,7,1.0,11,4.0,1.0,37,80,3.0
200600035441,10,2,5,2,1,6.0,78043,6,13,57,40,4.0,13.0,0,3,2,1.0,1901,5,1.0,13,2.0,3.0,87,21,1.0
201200037964,11,2,5,1,7,1.0,29259,77,16,22,6,3.0,12.0,0,1,1,0.0,1962,7,2.0,2,4.0,3.0,115,670,8.0
201400043762,2,6,4,1,2,3.0,423,56,18,59,10,6.0,16.0,2,1,1,3.0,1946,5,2.0,10,3.0,3.0,132,540,0.0
200500021273,5,10,1,2,6,3.0,68085,510,21,25,38,3.0,2.0,1,1,2,5.0,1918,4,2.0,26,2.0,1.0,48,54,4.0
201600050781,3,3,5,2,7,6.0,7331,390,19,50,39,4.0,0.0,10,2,3,2.0,1938,1,2.0,12,2.0,0.0,150,265,0.0
200900009597,7,26,4,2,9,2.0,673,976,13,17,2,8.0,26.0,10,1,3,5.0,1985,4,2.0,11,2.0,0.0,62,660,2.0
200700059987,7,24,5,2,9,6.0,77115,360,16,34,19,2.0,12.0,2,3,3,4.0,2003,7,3.0,5,3.0,2.0,406,84,4.0
201300053195,12,8,5,1,7,6.0,227,12,15,34,9,0.0,17.0,9,3,3,0.0,1919,6,0.0,50,4.0,2.0,215,147,2.0
201200002629,3,8,5,1,9,5.0,280,55,0,33,13,1.0,16.0,2,3,1,4.0,1975,7,2.0,36,3.0,3.0,310,620,6.0
201200052695,5,23,5,2,3,7.0,529,480,20,22,50,4.0,23.0,0,1,3,1.0,1961,3,2.0,9,1.0,1.0,280,178,0.0
200500037947,11,4,5,1,9,3.0,13208,83,23,33,18,6.0,9.0,6,3,1,0.0,1905,7,2.0,50,3.0,2.0,0,228,4.0
200700005630,8,26,5,1,0,6.0,364,89,18,21,19,3.0,19.0,9,2,1,3.0,1925,9,4.0,-1,4.0,1.0,400,205,4.0
201700043486,12,18,2,2,1,6.0,412,988,21,34,0,4.0,0.0,8,1,2,5.0,1913,4,2.0,13,2.0,2.0,16,30,2.0
200900038377,6,16,2,2,1,6.0,60370,46,17,8,3,5.0,15.0,8,1,1,0.0,1926,6,2.0,26,1.0,3.0,106,185,6.0
200700040384,6,27,5,1,5,7.0,377,890,23,43,5,6.0,18.0,5,3,1,4.0,1974,5,2.0,8,3.0,1.0,247,7,0.0
201600015279,11,31,5,2,0,1.0,97118,48,18,41,0,7.0,6.0,4,3,1,4.0,1905,7,2.0,13,4.0,2.0,203,46,5.0
201500008850,3,6,5,2,9,5.0,79168,130,22,24,2,5.0,24.0,0,1,3,2.0,1926,7,2.0,13,0.0,0.0,124,282,8.0
201600043252,12,15,5,1,0,7.0,62718,87,22,8,35,1.0,16.0,10,3,2,1.0,1941,6,1.0,10,1.0,0.0,225,208,2.0
201600023672,2,1,5,1,0,3.0,92,15,22,8,12,6.0,1.0,8,2,1,9.0,1940,2,2.0,36,3.0,3.0,84,1,2.0
200500072352,12,29,4,1,5,4.0,707,460,12,57,42,5.0,18.0,3,1,1,1.0,1931,1,1.0,20,3.0,3.0,510,200,3.0
201500006916,6,4,5,2,3,5.0,472,38,14,8,40,8.0,10.0,0,3,1,5.0,1939,1,2.0,26,1.0,4.0,10,149,5.0
200500046727,8,2,5,2,3,5.0,551,560,12,55,60,2.0,10.0,4,2,3,9.0,1915,6,2.0,-1,4.0,3.0,450,204,5.0
201800048207,10,31,1,2,9,3.0,75120,45,18,36,15,2.0,13.0,4,3,3,2.0,2011,2,2.0,1,3.0,0.0,73,310,3.0
201000014101,7,24,5,2,6,4.0,499,79,13,0,60,4.0,25.0,7,3,2,1.0,1960,5,2.0,10,0.0,2.0,165,520,1.0
201900056612,10,8,5,1,5,3.0,114,890,13,30,38,0.0,13.0,6,3,2,2.0,1909,9,4.0,1,0.0,2.0,59,540,3.0
201200043511,9,8,5,1,2,1.0,22081,330,19,20,80,2.0,1.0,0,1,2,5.0,1900,5,2.0,10,2.0,1.0,105,350,2.0
200700074912,6,25,2,1,8,2.0,765,6,15,25,60,7.0,22.0,4,3,2,3.0,1910,3,2.0,8,2.0,0.0,98,13,0.0
200700068073,11,2,2,2,5,2.0,712,950,14,45,30,6.0,11.0,7,2,3,0.0,2007,5,2.0,5,1.0,1.0,86,43,5.0
201800006602,6,11,5,2,4,5.0,475,390,16,17,13,6.0,21.0,0,3,3,3.0,1935,3,2.0,0,3.0,3.0,88,455,5.0
201700042577,3,30,5,1,8,7.0,91479,73,14,36,9,1.0,25.0,9,2,1,2.0,1972,5,4.0,16,2.0,4.0,200,172,3.0
200900023331,4,5,5,2,8,7.0,399,84,15,53,30,0.0,9.0,6,1,2,0.0,1927,1,2.0,13,3.0,3.0,43,7,3.0
200700028670,7,21,5,1,2,7.0,758,420,14,0,4,2.0,18.0,3,1,3,5.0,1991,1,2.0,8,0.0,4.0,63,900,0.0
201400056230,7,27,5,2,0,2.0,69081,202,0,5,12,4.0,20.0,6,3,1,9.0,1900,1,2.0,26,3.0,0.0,57,710,6.0
200900064223,6,1,5,2,4,5.0,95428,8,14,33,80,4.0,2.0,10,1,1,9.0,1956,4,2.0,12,2.0,1.0,55,48,4.0
201700046083,4,3,3,1,3,3.0,617,39,18,10,99,4.0,3.0,7,3,1,1.0,1990,6,4.0,30,3.0,4.0,136,158,2.0
201000067295,1,14,5,1,8,7.0,805,35,22,59,18,1.0,22.0,4,3,1,1.0,1999,6,3.0,9,3.0,3.0,19,65,2.0
200900074560,1,19,5,2,9,3.0,1267,6,20,30,1,2.0,23.0,5,1,3,9.0,1944,9,2.0,16,4.0,0.0,43,186,4.0
201800025763,1,5,5,2,1,1.0,868,790,12,25,1,7.0,21.0,2,3,2,4.0,1946,7,3.0,16,2.0,1.0,44,36,1.0
200600035269,5,5,5,1,1,1.0,68155,690,14,11,4,4.0,16.0,7,3,3,2.0,1978,2,0.0,0,3.0,3.0,110,36,3.0
201700049538,2,21,5,1,9,1.0,44003,77,23,20,13,3.0,5.0,9,1,3,1.0,1910,1,2.0,30,0.0,1.0,72,43,5.0
200800013572,9,12,5,1,8,2.0,275,870,18,36,11,8.0,20.0,6,2,1,9.0,1931,1,2.0,11,1.0,1.0,85,915,6.0
200500051295,12,14,2,2,2,1.0,45191,24,14,22,21,2.0,11.0,8,3,3,5.0,1975,4,2.0,9,4.0,3.0,960,215,6.0
201600037242,10,16,5,1,3,6.0,4123,1000,10,15,17,0.0,0.0,0,3,1,2.0,2005,6,3.0,6,4.0,3.0,800,151,2.0
201200037371,6,22,2,2,5,7.0,72,73,12,45,36,6.0,13.0,0,3,1,4.0,1972,3,2.0,40,2.0,0.0,130,212,3.0
201100012511,5,9,5,2,6,6.0,379,27,21,25,39,2.0,2.0,1,2,1,2.0,1998,6,2.0,40,2.0,1.0,94,605,6.0
201000062063,4,15,5,2,5,7.0,581,14,18,36,19,5.0,11.0,1,3,2,3.0,1915,9,4.0,20,2.0,3.0,37,30,6.0
201400017026,9,21,5,2,6,7.0,445,490,18,22,32,7.0,15.0,3,1,1,2.0,2001,6,2.0,0,1.0,1.0,390,221,8.0
200500042479,12,18,3,2,6,4.0,255,49,11,15,5,8.0,6.0,2,3,1,0.0,1915,1,2.0,7,0.0,2.0,98,13,0.0
201800000958,5,12,1,2,4,5.0,467,74,11,33,21,2.0,14.0,5,1,1,2.0,1914,9,0.0,6,4.0,0.0,160,58,6.0
200600044098,12,28,5,2,2,4.0,42,15,17,53,36,5.0,14.0,9,2,2,9.0,1945,5,1.0,20,0.0,4.0,19,360,3.0
201800043192,8,23,3,1,1,5.0,152,11,16,17,16,9.0,25.0,1,1,3,2.0,1947,6,1.0,1,0.0,0.0,42,580,4.0
201000034046,10,3,1,1,1,2.0,666,91,15,15,11,1.0,24.0,8,1,3,2.0,1933,7,2.0,50,4.0,4.0,116,31,6.0
201400022318,9,20,5,2,9,4.0,31344,14,19,20,1,0.0,4.0,7,2,3,9.0,2009,9,3.0,36,3.0,2.0,54,94,3.0
200900034437,10,25,5,1,2,7.0,351,400,22,5,18,6.0,12.0,3,2,1,1.0,1953,3,2.0,8,2.0,4.0,95,11,6.0
201200058449,10,8,5,1,3,3.0,186,150,10,59,38,9.0,18.0,5,1,2,2.0,2013,4,2.0,11,2.0,4.0,240,53,5.0
201800020966,2,4,5,2,9,3.0,721,910,11,53,60,2.0,4.0,3,3,2,9.0,1983,6,2.0,20,0.0,3.0,30,136,1.0
200800076690,5,1,2,2,3,6.0,56121,10,19,53,18,7.0,18.0,10,2,2,3.0,1946,2,2.0,9,2.0,4.0,350,180,3.0
201200016648,9,6,4,1,0,3.0,13215,25,14,50,33,0.0,13.0,0,1,3,1.0,1977,7,2.0,50,2.0,1.0,34,49,1.0
200900069451,6,26,5,2,4,2.0,427,91,14,36,6,6.0,5.0,5,1,1,4.0,1980,1,3.0,30,4.0,3.0,85,900,1.0
201700008215,12,26,2,1,1,1.0,319,33,17,24,40,5.0,14.0,0,1,2,4.0,1900,7,2.0,30,0.0,3.0,19,251,3.0
201500033289,12,9,5,1,4,4.0,630,76,12,25,39,0.0,12.0,4,3,2,0.0,1961,5,2.0,26,1.0,3.0,300,272,2.0
200800046024,9,3,2,1,4,4.0,44072,46,20,21,16,4.0,17.0,5,2,3,3.0,2018,2,2.0,5,1.0,1.0,28,272,8.0
201600038262,10,10,5,2,9,7.0,62812,290,16,22,37,6.0,5.0,1,3,3,4.0,2008,6,2.0,40,1.0,0.0,73,159,5.0
200700022142,1,19,5,1,6,4.0,29,1000,11,25,33,3.0,12.0,1,1,3,2.0,1909,6,2.0,12,1.0,1.0,247,312,3.0
201000020587,1,2,5,1,5,5.0,41161,580,11,57,18,6.0,6.0,3,1,2,0.0,1985,9,2.0,2,2.0,1.0,340,620,0.0
201300027036,9,6,4,2,4,1.0,817,330,11,33,1,2.0,20.0,4,3,2,0.0,1952,1,4.0,7,2.0,4.0,29,23,8.0
201700044288,5,22,5,1,2,3.0,94043,70,12,36,33,9.0,1.0,1,2,3,5.0,1921,7,2.0,-1,4.0,0.0,38,272,8.0
200600083291,1,10,5,2,7,7.0,30156,680,17,43,32,7.0,10.0,6,1,1,1.0,1920,4,2.0,9,2.0,4.0,170,247,5.0
201300050151,8,29,2,1,9,6.0,763,44,10,43,34,8.0,16.0,7,2,2,0.0,1926,2,2.0,36,2.0,3.0,75,184,3.0
200800057889,4,16,2,1,9,4.0,846,790,12,10,80,9.0,18.0,2,1,1,0.0,1974,4,2.0,36,4.0,0.0,65,42,2.0
200900002516,6,11,5,1,3,6.0,78466,971,10,15,21,0.0,12.0,7,3,3,1.0,1996,2,4.0,4,2.0,4.0,192,14,1.0
201900052013,7,25,5,1,8,7.0,11,360,21,10,50,4.0,18.0,4,2,3,9.0,1947,2,1.0,7,4.0,0.0,106,205,1.0
200600050530,11,22,5,1,5,1.0,793,2,21,59,9,1.0,17.0,9,2,2,2.0,1933,6,2.0,7,3.0,1.0,6,80,6.0
200800043857,6,31,4,1,0,5.0,691,77,0,41,36,2.0,26.0,1,1,2,5.0,1911,1,2.0,12,2.0,2.0,14,230,8.0
201800003716,8,2,5,2,7,1.0,33321,73,0,17,6,5.0,14.0,5,2,2,4.0,1942,4,2.0,13,2.0,4.0,143,815,5.0
200700022699,6,21,5,1,6,6.0,5061,89,23,41,33,5.0,12.0,2,3,2,5.0,1919,1,2.0,14,4.0,2.0,26,26,4.0
200900051709,8,31,5,2,2,1.0,870,26,22,50,20,6.0,7.0,8,1,3,9.0,1948,1,2.0,1,4.0,4.0,18,314,5.0
201300002635,8,13,5,1,9,3.0,38239,22,13,43,99,7.0,10.0,4,2,3,0.0,1910,4,1.0,3,1.0,0.0,49,37,3.0
200800035285,6,18,5,1,2,7.0,38317,39,18,15,5,7.0,3.0,3,1,3,5.0,1946,6,2.0,26,2.0,4.0,100,940,8.0
200500030978,1,22,5,1,2,7.0,627,47,11,5,34,0.0,19.0,10,1,3,3.0,1930,1,2.0,2,1.0,2.0,590,895,3.0
200800063383,6,19,4,1,7,7.0,8037,71,0,24,34,3.0,17.0,1,3,2,9.0,1919,3,0.0,26,1.0,2.0,160,203,2.0
201800049121,3,3,1,2,3,5.0,685,830,19,33,16,1.0,9.0,2,3,1,4.0,1942,1,2.0,30,0.0,4.0,590,57,2.0
201500052971,10,17,5,1,1,3.0,24,45,21,22,8,0.0,8.0,4,1,1,5.0,1928,3,2.0,50,3.0,1.0,364,113,1.0
201300056861,9,3,5,2,5,4.0,68085,51,21,11,11,6.0,1.0,0,3,1,9.0,1933,2,2.0,36,4.0,2.0,59,228,1.0
201800032430,12,7,5,2,9,7.0,44128,470,16,15,99,4.0,3.0,1,3,1,1.0,1901,1,2.0,14,2.0,1.0,33,215,4.0
201400013083,5,21,5,2,1,2.0,81,95,22,17,1,0.0,17.0,3,1,1,2.0,1999,2,3.0,11,2.0,3.0,89,56,4.0
201000064794,8,14,3,1,0,5.0,221,79,12,53,43,2.0,12.0,8,3,1,4.0,1932,5,2.0,12,2.0,0.0,210,68,8.0
201800021319,6,1,5,2,6,5.0,69259,540,13,55,30,4.0,14.0,8,3,1,9.0,1911,3,2.0,12,0.0,2.0,35,8,1.0
200700067424,9,1,5,2,0,3.0,512,530,10,17,18,7.0,24.0,0,2,1,9.0,1980,3,4.0,14,4.0,2.0,128,213,8.0
201600032741,3,8,5,2,1,4.0,351,420,20,41,43,2.0,10.0,5,1,1,4.0,2015,7,2.0,7,1.0,3.0,66,830,1.0
201100032415,2,27,5,2,6,2.0,93046,130,18,33,42,3.0,11.0,1,3,2,9.0,1962,2,0.0,30,4.0,4.0,87,74,2.0
200900012139,9,17,5,2,5,6.0,126,330,0,20,30,9.0,20.0,0,1,3,0.0,1948,5,1.0,10,3.0,2.0,65,63,5.0
200700065724,11,16,5,2,1,3.0,837,78,20,45,21,4.0,21.0,4,1,2,1.0,1975,7,4.0,0,1.0,1.0,143,270,0.0
200600065796,12,15,2,1,8,7.0,4,7,16,33,30,3.0,26.0,6,2,2,1.0,1995,6,3.0,36,3.0,1.0,84,117,0.0
200700082363,1,17,5,2,3,1.0,12,640,21,50,43,7.0,21.0,1,2,3,0.0,1961,7,2.0,-1,1.0,1.0,74,129,6.0
201000037233,9,6,5,2,8,7.0,52116,86,22,8,34,5.0,2.0,7,1,2,4.0,2016,2,2.0,10,1.0,1.0,364,750,4.0
201200051887,2,5,5,1,6,7.0,31396,73,14,55,13,6.0,26.0,6,3,3,3.0,2019,1,4.0,7,1.0,1.0,29,82,6.0
201800008049,6,17,2,1,6,5.0,794,400,12,36,40,0.0,20.0,3,2,3,4.0,1963,3,2.0,50,3.0,2.0,182,235,3.0