num_acc,mois,jour,lum,agg,int,col,com,dep,hr,mn,catv,choc,manv,place,catu,grav,trajet,an_nais,catr,circ,nbv,prof,plan,lartpc,larrout,situ
201600018524,9,28,5,2,1,3.0,77438,66,21,22,38,6.0,23.0,6,1,3,9.0,1966,4,2.0,16,4.0,1.0,1,264,0.0
201500037215,7,28,2,2,8,2.0,71155,65,11,45,1,9.0,20.0,2,3,1,3.0,1993,4,2.0,5,4.0,0.0,40,505,8.0
201800045961,8,16,1,2,5,5.0,443,220,16,34,20,5.0,18.0,4,2,2,1.0,1961,3,2.0,30,4.0,1.0,53,204,6.0
201300054576,4,25,5,1,9,6.0,93074,890,20,53,8,5.0,24.0,10,2,2,3.0,1972,5,2.0,1,3.0,0.0,153,208,4.0
201400031343,2,6,5,1,0,1.0,308,170,23,33,37,7.0,16.0,4,1,2,4.0,1929,2,1.0,3,1.0,3.0,34,108,5.0
201300006081,10,16,5,2,2,4.0,502,590,10,41,19,9.0,18.0,0,3,2,1.0,1938,2,2.0,36,0.0,2.0,248,208,6.0
200600047817,7,29,5,1,1,1.0,13084,47,18,57,43,1.0,2.0,10,3,2,2.0,2001,3,2.0,14,0.0,4.0,124,230,0.0
201600038544,5,2,5,2,6,1.0,4,46,15,5,16,2.0,4.0,7,3,1,0.0,2018,1,3.0,5,3.0,3.0,153,141,2.0
201800013009,2,11,5,1,4,1.0,464,1001,16,55,3,5.0,0.0,10,1,1,2.0,1975,3,2.0,40,3.0,4.0,33,277,3.0
201100008506,2,8,1,2,4,2.0,566,760,13,15,38,4.0,19.0,5,1,1,0.0,2013,4,2.0,14,0.0,2.0,200,114,3.0
201500010805,1,13,2,1,2,1.0,641,976,21,43,8,1.0,26.0,9,2,3,3.0,1913,1,0.0,3,4.0,1.0,190,180,6.0
200600073823,6,31,5,1,1,5.0,45147,86,11,34,18,3.0,6.0,5,1,3,3.0,1995,3,2.0,14,0.0,2.0,56,159,1.0
201300039034,6,26,5,1,1,7.0,679,86,0,5,37,0.0,1.0,0,3,3,0.0,2004,5,4.0,13,4.0,4.0,340,28,6.0
200600041023,2,6,5,2,8,1.0,93005,420,12,53,3,0.0,10.0,9,2,3,2.0,1937,6,2.0,8,2.0,0.0,5,165,1.0
200900067540,12,7,5,1,4,1.0,34141,70,19,41,9,8.0,5.0,4,2,3,4.0,1926,4,2.0,13,4.0,2.0,134,12,4.0
201500058473,9,16,5,1,0,6.0,275,10,10,15,37,2.0,6.0,5,2,1,1.0,1920,1,2.0,40,3.0,0.0,22,152,5.0
200800037802,2,23,5,2,6,3.0,246,35,22,15,42,0.0,19.0,8,3,1,4.0,1992,1,2.0,20,4.0,4.0,98,93,4.0
200800058494,3,19,3,2,3,5.0,590,10,13,55,35,5.0,20.0,9,2,3,9.0,1914,7,2.0,4,2.0,1.0,800,365,4.0
201800057189,1,30,5,2,0,2.0,671,310,17,43,7,2.0,1.0,1,3,3,9.0,1912,9,3.0,13,0.0,0.0,194,224,8.0
201300038432,5,18,5,2,4,2.0,17236,77,15,40,31,7.0,13.0,6,2,2,4.0,1913,7,2.0,5,1.0,3.0,43,420,1.0
201800010332,9,10,2,1,8,7.0,140,72,22,21,1,7.0,15.0,7,1,1,0.0,1970,3,2.0,40,0.0,3.0,161,365,3.0
200500063051,4,29,5,1,6,3.0,158,68,11,43,4,0.0,10.0,0,3,3,9.0,1985,5,4.0,30,1.0,2.0,22,17,8.0
200500048245,8,7,4,1,2,7.0,49301,160,10,38,14,0.0,23.0,10,3,2,3.0,2014,7,2.0,0,1.0,3.0,390,61,6.0
200700067329,1,11,4,1,8,3.0,58121,570,10,57,50,3.0,10.0,10,1,3,3.0,1944,7,2.0,3,2.0,1.0,11,750,5.0
200600042654,4,3,5,1,8,5.0,806,510,17,55,20,0.0,21.0,4,3,3,5.0,1983,5,2.0,13,3.0,1.0,146,410,3.0
200700038965,3,9,5,1,9,7.0,11172,600,10,24,35,5.0,2.0,10,3,3,4.0,1987,1,3.0,7,3.0,4.0,52,34,6.0
201100040134,2,1,4,1,1,4.0,280,84,11,25,21,8.0,5.0,9,3,3,3.0,1948,2,2.0,16,3.0,4.0,10,133,2.0
201600054408,10,19,5,2,1,5.0,347,310,15,0,14,9.0,0.0,8,2,1,1.0,1908,1,2.0,2,4.0,0.0,220,167,4.0
201400002225,9,26,5,1,8,7.0,82121,46,20,57,32,8.0,18.0,9,2,2,3.0,1912,2,0.0,40,0.0,3.0,513,380,1.0
201200001268,8,29,5,2,4,3.0,43,100,18,55,43,4.0,0.0,7,3,1,9.0,1949,6,2.0,5,3.0,3.0,173,148,0.0
201700025967,11,20,4,1,4,4.0,76351,580,21,30,8,5.0,6.0,10,3,1,9.0,1990,7,2.0,2,1.0,4.0,90,950,0.0
201000047624,8,9,5,1,9,1.0,97103,16,10,55,17,8.0,9.0,0,3,3,3.0,1970,9,2.0,50,3.0,4.0,3,675,1.0
200600066669,7,7,4,2,2,4.0,743,290,13,8,6,1.0,18.0,6,3,3,0.0,1950,3,2.0,13,1.0,3.0,121,100,3.0
200700008284,9,15,5,2,6,2.0,495,730,15,15,10,5.0,0.0,5,3,2,0.0,1997,9,0.0,9,1.0,2.0,9,208,4.0
200500024329,3,20,5,1,9,1.0,817,12,16,33,20,4.0,15.0,4,2,2,4.0,1939,1,2.0,-1,3.0,0.0,275,65,5.0
200500070457,8,28,5,1,4,6.0,127,30,14,24,9,7.0,3.0,2,2,2,9.0,1974,5,2.0,5,4.0,3.0,600,260,8.0
200600009690,2,29,5,2,4,2.0,534,61,11,43,99,6.0,4.0,3,1,2,0.0,1971,7,0.0,12,1.0,0.0,275,600,8.0
201300017832,12,22,5,2,7,6.0,315,87,21,36,99,9.0,19.0,2,2,2,0.0,1933,3,2.0,2,0.0,2.0,251,90,8.0
201500021562,5,20,1,2,1,7.0,21567,390,20,36,43,0.0,25.0,3,2,3,3.0,1938,3,2.0,14,3.0,0.0,330,231,5.0
201600019638,9,10,1,2,9,5.0,94069,67,15,59,30,2.0,14.0,2,2,3,2.0,1972,1,2.0,7,4.0,1.0,85,33,8.0
200700068513,3,14,5,2,6,6.0,69116,310,12,34,39,9.0,6.0,7,3,3,2.0,1963,4,2.0,40,4.0,3.0,280,66,4.0
200800042282,7,7,3,1,4,6.0,49109,310,10,11,38,7.0,15.0,7,1,3,1.0,1942,7,2.0,36,4.0,0.0,200,28,1.0
200700050456,8,1,1,1,2,4.0,40,4,10,41,36,5.0,7.0,5,1,3,0.0,1945,3,2.0,10,3.0,0.0,50,44,1.0
200500055698,5,9,5,2,7,3.0,737,630,23,25,9,1.0,26.0,3,2,2,5.0,1921,5,2.0,40,2.0,3.0,160,275,2.0
200600039900,1,5,5,1,2,5.0,30011,77,17,53,11,6.0,9.0,6,1,2,1.0,1946,6,2.0,3,0.0,0.0,504,39,6.0
200600054465,4,27,5,2,3,5.0,699,201,16,33,21,8.0,5.0,8,2,1,4.0,1974,7,4.0,16,2.0,1.0,150,167,8.0
200600067775,6,29,2,1,3,5.0,42187,69,12,57,34,3.0,17.0,4,2,1,4.0,1900,9,1.0,8,0.0,0.0,130,72,1.0
201200039649,1,5,5,1,9,6.0,75115,610,14,45,40,9.0,20.0,3,1,1,2.0,1961,5,2.0,6,3.0,4.0,16,54,1.0
201300050113,7,21,5,2,2,3.0,281,370,12,24,0,9.0,13.0,3,3,1,4.0,1953,9,4.0,5,1.0,0.0,709,57,3.0
201600037291,12,12,3,2,1,1.0,444,150,23,20,32,7.0,19.0,3,2,2,9.0,1946,5,2.0,13,4.0,4.0,45,113,6.0
200900016425,8,1,5,1,8,7.0,29298,68,19,43,13,1.0,11.0,7,3,3,3.0,2001,7,2.0,9,2.0,1.0,45,217,8.0
200600015812,2,16,3,2,3,1.0,598,1001,18,8,11,5.0,23.0,6,3,1,9.0,1979,6,2.0,4,4.0,1.0,197,228,1.0
201000013798,10,8,5,1,8,7.0,38509,160,17,45,3,5.0,14.0,7,1,2,3.0,1927,4,2.0,1,3.0,3.0,210,132,4.0
200600035021,3,31,5,1,8,7.0,131,930,11,0,40,7.0,24.0,10,2,3,4.0,1932,3,4.0,14,0.0,3.0,103,210,3.0
201800011917,7,10,1,1,0,5.0,21567,3,19,33,11,1.0,1.0,9,1,3,1.0,1944,2,0.0,8,4.0,2.0,110,640,1.0
201100064746,10,18,4,2,4,4.0,5023,92,13,57,33,4.0,26.0,5,3,1,4.0,1985,1,2.0,7,2.0,4.0,120,76,3.0
201600042059,11,28,5,1,6,2.0,582,44,12,25,39,9.0,5.0,8,3,2,2.0,1947,7,2.0,3,4.0,4.0,600,781,6.0
200500012667,2,31,1,1,5,6.0,653,690,20,11,15,9.0,16.0,7,2,3,9.0,1932,7,1.0,-1,0.0,2.0,49,199,2.0
201300048068,12,8,5,2,1,4.0,321,47,0,8,36,4.0,18.0,9,3,2,2.0,1991,6,2.0,40,4.0,2.0,390,690,5.0
201900007102,4,13,5,1,2,1.0,6149,37,15,55,7,8.0,19.0,7,2,1,9.0,1947,3,4.0,10,3.0,0.0,143,156,6.0
201000002332,7,30,5,1,1,5.0,264,250,15,20,16,3.0,20.0,5,1,3,5.0,1990,6,2.0,20,4.0,3.0,19,208,1.0
201800034878,1,6,5,1,0,3.0,83073,93,21,59,11,8.0,10.0,4,2,3,3.0,1941,6,2.0,7,1.0,0.0,150,258,4.0
200800049363,11,1,5,2,6,3.0,382,47,23,41,17,1.0,6.0,1,3,2,4.0,1905,2,2.0,40,3.0,3.0,65,275,0.0
201200041142,10,27,5,2,2,6.0,264,460,12,45,21,6.0,22.0,0,3,1,9.0,1987,1,0.0,2,0.0,2.0,32,133,1.0
201600044100,9,14,5,2,1,5.0,13214,84,17,20,17,7.0,4.0,5,2,1,4.0,1922,3,2.0,3,4.0,1.0,4,96,1.0
200800058488,7,13,5,1,4,6.0,36005,440,23,21,5,6.0,11.0,10,2,1,9.0,1946,9,2.0,36,4.0,4.0,247,282,1.0
201400010868,12,11,5,1,1,1.0,47001,71,16,55,32,3.0,21.0,4,1,2,4.0,1930,4,2.0,3,1.0,3.0,49,350,1.0
201300003075,12,10,5,2,7,7.0,77181,510,20,40,3,5.0,10.0,5,2,1,9.0,1926,1,2.0,9,2.0,0.0,210,290,0.0
200700083950,7,11,5,2,7,4.0,285,310,0,20,8,7.0,16.0,4,2,2,0.0,1955,3,4.0,7,2.0,3.0,31,255,2.0
200500065411,9,21,5,1,0,7.0,91521,290,13,17,20,4.0,3.0,8,3,1,9.0,2009,2,0.0,16,3.0,1.0,83,235,8.0
201500051542,4,15,1,1,6,4.0,101,6,11,8,9,7.0,25.0,9,2,3,2.0,1911,2,2.0,14,0.0,3.0,240,211,2.0
201600023808,12,2,5,1,2,7.0,94041,202,10,0,35,4.0,22.0,7,3,2,1.0,1974,7,1.0,40,2.0,0.0,78,73,3.0
201900008380,8,12,5,1,4,5.0,232,360,23,33,11,1.0,10.0,7,2,2,3.0,1918,7,2.0,26,0.0,1.0,173,41,5.0
200800001207,10,11,5,1,3,5.0,17236,95,18,24,10,0.0,6.0,0,1,1,1.0,1986,1,2.0,36,2.0,3.0,280,149,6.0
201400049582,3,25,1,1,4,6.0,94038,260,18,25,8,3.0,11.0,4,2,2,3.0,1981,6,2.0,13,3.0,2.0,122,320,0.0
200600046603,7,21,5,2,2,1.0,625,52,15,53,7,6.0,23.0,1,1,3,2.0,1972,6,4.0,6,2.0,1.0,39,273,5.0
201800001210,11,4,3,2,3,4.0,88379,14,11,38,1,8.0,7.0,8,3,2,0.0,1915,9,2.0,0,2.0,1.0,84,147,8.0
200600001972,2,24,5,2,5,2.0,753,570,19,8,21,7.0,3.0,7,1,3,0.0,1957,1,2.0,-1,2.0,3.0,22,34,3.0
200700049419,8,7,3,1,4,7.0,587,620,12,55,21,7.0,9.0,1,1,2,1.0,1915,4,2.0,4,3.0,3.0,18,191,2.0
200600039880,4,6,5,2,0,7.0,498,170,19,43,37,1.0,11.0,5,3,2,5.0,2014,1,4.0,40,0.0,2.0,56,300,5.0
200900034919,5,29,5,1,0,1.0,130,9,12,33,20,3.0,2.0,8,2,3,1.0,1996,6,1.0,20,3.0,3.0,86,135,4.0
201400009638,2,15,5,1,0,1.0,59352,91,10,55,15,6.0,21.0,8,2,1,9.0,1980,9,2.0,6,0.0,0.0,120,58,0.0
200600022609,9,11,5,1,3,1.0,863,8,21,20,50,0.0,0.0,0,3,2,5.0,1990,2,2.0,26,0.0,4.0,99,224,5.0
200600022555,3,2,3,1,7,4.0,26178,86,22,53,0,7.0,24.0,10,3,1,0.0,1946,9,2.0,2,3.0,1.0,9,915,6.0
201300007247,4,15,5,1,1,6.0,518,590,16,24,35,3.0,0.0,3,2,2,5.0,1968,1,2.0,7,4.0,4.0,109,25,1.0
201100036324,10,10,5,1,2,6.0,18205,340,22,40,7,0.0,14.0,6,2,2,9.0,1995,5,0.0,26,4.0,3.0,504,167,0.0
200800061134,9,11,5,1,7,1.0,91521,87,21,41,36,7.0,8.0,9,1,2,3.0,1955,6,2.0,4,4.0,3.0,118,0,0.0
201600020306,1,26,5,1,2,3.0,432,81,19,59,40,1.0,14.0,2,1,3,2.0,1908,2,2.0,11,4.0,1.0,34,910,5.0
201100011064,3,8,5,2,3,2.0,22152,950,11,0,1,3.0,12.0,10,2,3,3.0,1916,2,2.0,50,1.0,4.0,14,53,2.0
201600022309,9,1,1,1,6,1.0,93057,92,11,43,20,3.0,23.0,10,1,3,9.0,1913,5,2.0,12,4.0,3.0,134,249,1.0
201800004738,10,24,5,1,8,1.0,91136,210,13,34,32,2.0,9.0,8,2,2,4.0,2002,3,0.0,14,3.0,4.0,26,164,1.0
201600048592,2,3,5,2,6,2.0,83090,800,13,20,6,3.0,26.0,7,1,3,3.0,1958,4,2.0,4,3.0,1.0,14,54,2.0
200500079919,11,30,5,1,6,5.0,59111,43,19,35,0,0.0,11.0,3,2,2,0.0,1931,3,2.0,9,1.0,1.0,260,247,1.0
200800031447,1,31,2,2,4,1.0,55029,81,12,10,38,2.0,2.0,3,2,3,1.0,1918,4,2.0,12,3.0,1.0,115,122,3.0
201700029972,12,7,5,2,5,4.0,577,360,14,20,40,6.0,21.0,8,2,2,1.0,2014,3,4.0,9,3.0,0.0,182,655,8.0
200600071877,9,5,4,1,7,1.0,692,201,16,17,8,9.0,20.0,3,2,2,1.0,2017,3,2.0,-1,1.0,4.0,247,750,6.0
200900048996,8,31,5,1,9,3.0,248,18,10,40,8,5.0,9.0,10,1,1,3.0,2010,6,2.0,40,4.0,0.0,194,615,8.0
201100027505,8,17,5,1,0,7.0,95680,3,13,17,35,7.0,6.0,2,1,1,9.0,1967,7,2.0,10,0.0,2.0,12,79,1.0
201800020228,10,19,4,2,1,6.0,55029,29,17,11,18,8.0,16.0,1,1,2,5.0,2005,5,2.0,-1,3.0,0.0,98,191,8.0
201800033271,1,26,5,2,5,7.0,77468,28,17,35,3,5.0,6.0,2,1,2,2.0,1944,9,2.0,20,1.0,3.0,590,580,0.0
201000027063,8,22,5,1,3,1.0,313,32,19,40,2,7.0,24.0,1,3,1,0.0,1930,3,2.0,1,0.0,1.0,106,480,0.0
200500059044,12,4,5,2,4,2.0,391,110,21,57,43,3.0,13.0,10,1,1,9.0,2014,9,2.0,0,2.0,1.0,207,113,0.0
201600039808,10,13,5,2,7,7.0,478,22,21,53,8,8.0,13.0,5,1,1,1.0,0,1,0.0,-1,0.0,3.0,89,76,5.0
200900012428,3,16,5,2,8,3.0,38435,15,17,34,12,3.0,4.0,3,3,2,4.0,1967,1,2.0,11,2.0,0.0,330,90,5.0
200900059040,1,9,5,2,2,5.0,58,43,23,5,4,5.0,19.0,9,2,1,9.0,1981,4,2.0,40,4.0,2.0,84,320,4.0
200900033871,12,22,5,1,1,7.0,289,5,17,55,34,7.0,12.0,4,1,2,2.0,1941,4,0.0,20,2.0,0.0,50,196,2.0
201400018897,7,15,5,2,6,2.0,51428,150,23,30,8,0.0,5.0,5,2,2,4.0,1934,1,2.0,7,1.0,0.0,80,146,1.0
200800069839,4,20,5,2,8,7.0,97209,22,11,11,9,1.0,9.0,4,3,2,0.0,1926,3,2.0,10,4.0,0.0,103,310,5.0
201000004541,12,24,1,1,5,4.0,34172,54,0,10,7,0.0,11.0,9,2,1,2.0,1996,6,4.0,4,3.0,1.0,170,61,3.0
200700065709,8,2,5,1,6,3.0,351,46,22,53,32,2.0,17.0,1,1,3,3.0,1930,1,2.0,1,2.0,0.0,150,360,2.0
200600027370,7,18,5,1,7,3.0,71,810,16,38,34,5.0,20.0,10,1,3,1.0,1997,3,2.0,-1,4.0,1.0,97,815,8.0
200800028374,12,16,5,1,6,1.0,58121,202,17,34,40,2.0,22.0,9,3,2,1.0,2018,3,2.0,40,4.0,2.0,99,222,6.0
201000008056,4,30,5,1,8,1.0,33143,920,19,57,21,1.0,5.0,7,3,2,4.0,1954,1,4.0,5,0.0,0.0,21,15,5.0
201700014077,6,30,5,1,8,5.0,41173,47,23,38,40,3.0,14.0,7,3,3,3.0,1924,7,2.0,26,2.0,0.0,26,113,4.0
201300038582,10,21,5,1,8,2.0,317,53,18,53,21,8.0,26.0,10,3,3,9.0,1944,4,2.0,26,1.0,2.0,34,6,1.0
200800032233,2,18,5,2,7,5.0,893,530,16,24,21,0.0,5.0,5,2,1,4.0,1990,2,2.0,40,2.0,0.0,35,248,0.0
201300052958,10,26,5,1,0,5.0,575,330,20,22,21,6.0,2.0,1,2,3,9.0,1942,1,3.0,9,3.0,1.0,17,290,1.0
200700054498,7,25,5,1,5,3.0,62516,380,12,41,50,4.0,16.0,4,3,3,5.0,1995,4,2.0,12,4.0,2.0,13,2,0.0
200600053952,11,23,3,2,6,7.0,62718,280,0,11,1,8.0,0.0,8,3,1,2.0,2007,4,2.0,36,0.0,4.0,270,32,8.0
201700007568,11,20,5,2,1,5.0,6088,89,20,45,4,7.0,9.0,7,3,1,2.0,1909,7,4.0,8,3.0,4.0,190,312,5.0
201600054407,12,26,2,2,9,1.0,91479,140,23,34,39,7.0,7.0,7,2,2,5.0,1927,2,3.0,30,1.0,1.0,103,38,5.0
201000068597,2,23,5,1,5,6.0,755,810,22,33,31,3.0,12.0,5,1,2,4.0,2006,2,2.0,-1,0.0,3.0,94,98,5.0
200800025432,10,13,5,1,8,2.0,582,94,22,53,20,2.0,14.0,4,2,1,1.0,2019,9,2.0,16,3.0,4.0,3,47,5.0
201400048488,9,26,5,2,5,6.0,762,170,10,45,80,1.0,20.0,4,3,2,1.0,1951,1,2.0,12,2.0,0.0,41,800,8.0
201700003833,12,8,5,2,4,5.0,237,950,17,34,33,3.0,26.0,3,2,1,3.0,2003,9,2.0,40,1.0,3.0,35,20,4.0
201500038769,11,16,2,1,3,7.0,94041,59,13,43,10,6.0,3.0,4,1,2,2.0,1987,6,2.0,40,3.0,0.0,14,7,0.0
201600020030,12,9,5,2,4,2.0,143,33,18,59,38,6.0,2.0,9,2,1,4.0,1912,7,2.0,13,2.0,0.0,52,42,8.0
200700081691,5,14,5,1,7,7.0,310,270,15,33,80,1.0,23.0,6,1,2,2.0,1925,4,2.0,36,3.0,4.0,75,138,0.0
201700048771,1,30,5,2,4,5.0,45191,13,11,11,0,6.0,10.0,2,3,3,9.0,1925,4,2.0,2,1.0,1.0,66,114,5.0
201700045777,9,11,5,2,4,7.0,430,760,0,21,34,3.0,0.0,5,1,2,5.0,1945,5,3.0,12,1.0,3.0,80,155,2.0
200700026847,5,9,5,1,1,3.0,93001,80,0,17,7,8.0,5.0,1,3,1,2.0,1959,4,2.0,1,0.0,1.0,59,620,1.0
201200061337,5,12,5,1,3,3.0,562,920,12,33,20,4.0,5.0,3,2,1,5.0,1985,9,4.0,4,0.0,2.0,40,48,1.0
201400018519,1,15,5,2,3,2.0,96,600,16,5,35,7.0,16.0,0,1,3,3.0,1909,7,2.0,6,3.0,0.0,16,273,2.0
200500051186,6,15,5,2,5,2.0,33,690,22,15,50,5.0,12.0,3,1,1,5.0,1990,9,2.0,7,2.0,3.0,207,202,5.0
200800071703,11,21,4,2,4,2.0,31395,48,23,34,6,3.0,5.0,10,2,2,9.0,2001,4,2.0,14,0.0,3.0,143,218,1.0
201600047401,9,11,5,1,2,4.0,399,73,11,59,42,5.0,14.0,0,3,2,9.0,1900,7,0.0,8,0.0,0.0,14,72,0.0
201900050526,5,7,5,1,4,2.0,13202,150,22,21,20,1.0,10.0,3,2,1,5.0,1937,9,2.0,26,1.0,0.0,125,384,5.0
200600036540,10,6,5,1,9,1.0,41173,73,14,20,50,5.0,11.0,6,2,3,1.0,2009,7,4.0,8,0.0,1.0,182,720,6.0
200800071159,8,26,5,2,0,1.0,94080,240,17,0,13,1.0,8.0,7,3,3,1.0,1990,2,2.0,6,4.0,4.0,141,12,3.0
200600016427,4,8,5,2,3,6.0,303,94,19,36,14,6.0,15.0,1,2,2,3.0,1924,4,2.0,7,2.0,4.0,247,340,2.0
201800017313,6,21,5,2,1,1.0,278,930,10,40,39,0.0,20.0,9,3,3,4.0,1937,3,2.0,6,4.0,2.0,113,158,5.0
201700037319,8,19,5,2,6,6.0,50129,3,18,21,42,5.0,6.0,5,3,2,3.0,1930,9,2.0,26,0.0,0.0,960,25,4.0
200500040298,1,22,5,2,7,3.0,71040,15,10,34,5,9.0,6.0,3,1,2,9.0,1947,7,2.0,5,4.0,2.0,100,11,4.0
201500047286,6,25,5,2,4,3.0,903,890,23,15,2,5.0,24.0,8,1,3,4.0,1912,2,2.0,8,0.0,0.0,140,700,6.0
201900001290,5,31,5,1,2,3.0,44111,41,22,21,43,5.0,24.0,0,1,3,2.0,2018,3,2.0,16,4.0,0.0,18,340,2.0
201500031285,4,30,2,2,9,3.0,7010,15,16,11,40,6.0,10.0,0,3,1,1.0,2017,2,0.0,30,0.0,3.0,86,214,2.0
201400038860,9,11,5,2,6,4.0,38435,30,16,15,33,0.0,22.0,4,2,2,1.0,1956,4,2.0,1,0.0,3.0,104,30,5.0
200700078169,7,10,5,1,9,4.0,33281,24,17,15,36,8.0,17.0,7,2,3,0.0,1985,1,2.0,26,1.0,2.0,42,915,1.0
200600006202,1,26,5,2,5,3.0,97611,60,10,59,16,7.0,17.0,5,3,3,3.0,1922,1,4.0,36,4.0,1.0,76,136,6.0
200600012698,2,27,3,2,4,3.0,223,61,18,34,3,0.0,26.0,3,2,2,3.0,1973,1,2.0,8,0.0,0.0,73,45,8.0
201100007276,12,30,5,2,4,6.0,146,230,18,36,18,0.0,0.0,3,1,1,0.0,1912,7,2.0,2,2.0,0.0,110,155,0.0
200600074068,10,8,1,1,8,2.0,416,69,18,40,30,2.0,5.0,8,3,1,3.0,1942,4,2.0,11,4.0,0.0,7,605,0.0
201500019771,7,26,2,1,3,6.0,546,330,18,53,21,5.0,14.0,3,2,1,0.0,1915,2,3.0,2,2.0,3.0,135,208,1.0
200900003458,1,3,5,1,0,3.0,64,27,15,34,1,9.0,0.0,10,2,3,2.0,1937,1,2.0,1,0.0,1.0,23,87,4.0
201600018075,6,18,5,1,6,3.0,315,620,11,41,11,1.0,22.0,4,1,1,4.0,1943,6,2.0,50,2.0,1.0,210,312,0.0
201500019212,10,20,5,1,9,5.0,635,110,14,36,8,8.0,15.0,1,2,1,2.0,1950,3,2.0,8,2.0,2.0,99,1,5.0
201600023826,9,8,5,2,5,7.0,354,21,13,17,34,8.0,23.0,2,1,1,4.0,1998,2,2.0,11,3.0,2.0,24,216,3.0
200500015186,2,7,3,2,4,6.0,557,880,12,38,38,7.0,17.0,7,1,1,9.0,2001,2,0.0,12,2.0,4.0,250,280,2.0
201500044049,7,8,1,2,2,1.0,86066,972,20,55,15,7.0,23.0,1,1,3,1.0,1930,7,2.0,5,0.0,0.0,103,173,0.0
200500020274,12,15,5,1,2,3.0,602,78,11,53,15,1.0,17.0,10,2,1,0.0,1963,9,2.0,26,4.0,2.0,510,144,3.0
200700084475,7,3,3,2,3,7.0,441,13,10,5,40,9.0,17.0,7,1,3,0.0,1974,4,2.0,20,4.0,1.0,80,313,8.0
201500000613,7,30,5,1,1,5.0,13055,180,0,57,31,6.0,14.0,2,1,1,0.0,0,9,2.0,36,0.0,3.0,106,174,0.0
201500002576,2,4,5,2,9,2.0,328,500,20,55,43,5.0,25.0,7,1,2,4.0,1978,4,0.0,11,2.0,1.0,100,228,3.0
200600031735,10,28,5,1,6,7.0,5061,10,14,21,60,5.0,11.0,9,1,2,1.0,1993,4,2.0,3,1.0,2.0,22,140,1.0
201500036816,1,14,5,2,3,6.0,684,57,15,45,37,6.0,14.0,0,3,1,4.0,1957,6,0.0,7,2.0,0.0,215,17,0.0
201700018173,5,2,5,2,4,5.0,81,987,19,43,6,9.0,8.0,5,3,1,5.0,1962,2,4.0,13,0.0,2.0,16,245,3.0
201400026299,9,15,5,1,0,5.0,22346,130,20,43,19,2.0,9.0,9,3,1,3.0,2011,7,2.0,13,3.0,0.0,450,110,5.0
201200054012,7,24,2,2,0,5.0,781,470,18,33,31,4.0,4.0,0,3,1,5.0,1973,3,4.0,30,3.0,2.0,6,183,4.0
201500009409,2,11,5,2,4,7.0,58278,52,10,20,60,6.0,22.0,5,1,1,0.0,1911,5,2.0,10,2.0,3.0,26,132,0.0
200600024808,12,21,4,1,1,4.0,53240,4,18,22,50,6.0,15.0,6,3,1,1.0,1941,1,2.0,2,4.0,2.0,300,179,1.0
200800038872,3,4,3,2,2,1.0,218,86,0,8,40,4.0,11.0,4,2,1,0.0,1937,7,2.0,0,3.0,1.0,18,53,6.0
201600043329,6,4,5,2,2,3.0,327,3,21,17,35,2.0,15.0,10,1,2,0.0,1941,9,2.0,14,2.0,1.0,18,655,2.0
200900006446,7,10,5,1,1,7.0,65184,79,20,45,31,0.0,14.0,5,2,1,4.0,1973,2,2.0,3,1.0,2.0,220,290,0.0
200500016159,4,17,2,2,3,2.0,93001,540,22,38,11,5.0,25.0,8,2,3,1.0,2003,9,2.0,4,2.0,1.0,406,222,4.0
201100040148,3,9,5,1,2,2.0,153,2,0,50,43,3.0,7.0,6,3,3,1.0,1977,1,4.0,40,2.0,1.0,192,95,2.0
200800064371,12,5,2,2,9,7.0,94038,790,10,8,60,2.0,24.0,4,3,3,5.0,1997,4,2.0,14,0.0,4.0,89,254,2.0
201700009908,8,18,4,2,7,4.0,52093,110,10,21,30,9.0,17.0,6,1,1,5.0,1919,1,4.0,7,0.0,3.0,71,84,1.0
201600046801,3,13,5,1,7,5.0,138,988,10,59,42,3.0,14.0,7,1,1,0.0,1963,9,2.0,16,2.0,3.0,64,384,6.0
200900069521,3,13,2,2,6,5.0,59352,510,15,45,3,4.0,5.0,7,2,2,3.0,2011,5,2.0,9,1.0,0.0,590,162,8.0
200500038173,12,17,5,1,5,1.0,693,1000,23,25,40,2.0,10.0,7,2,2,3.0,1921,4,1.0,7,4.0,4.0,85,320,6.0
201300051196,9,7,5,1,7,4.0,282,51,10,45,8,7.0,8.0,2,3,3,1.0,2014,7,1.0,3,2.0,2.0,69,750,0.0
201700053871,4,30,5,2,3,7.0,182,180,22,17,15,3.0,12.0,7,3,2,3.0,1940,3,3.0,13,2.0,1.0,7,89,8.0
201300018808,8,21,4,2,7,5.0,479,67,16,20,7,9.0,13.0,7,1,3,1.0,2015,2,2.0,16,0.0,4.0,38,505,5.0
200500064532,2,22,2,2,1,6.0,75104,310,10,59,60,1.0,23.0,9,1,2,3.0,2012,5,4.0,4,4.0,1.0,450,218,5.0
201800047004,2,28,5,1,9,7.0,28177,19,11,40,36,2.0,5.0,6,1,1,3.0,1962,5,2.0,16,0.0,2.0,71,640,8.0
201700033077,8,7,1,2,8,3.0,436,55,10,20,36,2.0,20.0,9,1,1,1.0,1927,6,2.0,8,0.0,2.0,5,212,1.0