num_acc,mois,jour,lum,agg,int,col,com,dep,hr,mn,catv,choc,manv,place,catu,grav,trajet,an_nais,catr,circ,nbv,prof,plan,lartpc,larrout,situ
201700016149,8,11,5,1,1,6.0,226,710,23,34,40,3.0,9.0,1,1,2,5.0,1918,5,2.0,2,1.0,4.0,223,41,0.0
201500044440,7,20,5,2,7,6.0,37208,450,12,17,4,9.0,0.0,7,1,2,9.0,2017,2,1.0,-1,2.0,0.0,55,720,0.0
201500029438,10,12,4,1,0,2.0,328,440,17,33,39,8.0,10.0,1,3,2,0.0,1971,6,2.0,2,1.0,1.0,198,409,2.0
201600023553,3,14,5,2,7,5.0,69259,520,11,15,39,0.0,1.0,4,2,1,2.0,1943,2,2.0,9,4.0,4.0,3,56,5.0
201000058347,6,16,5,2,8,4.0,75112,1000,23,21,17,5.0,22.0,0,3,1,4.0,1992,5,2.0,8,4.0,2.0,150,140,0.0
200900010442,11,1,3,2,3,3.0,6029,40,23,35,19,2.0,5.0,4,3,1,2.0,1956,3,2.0,2,2.0,4.0,164,60,6.0
201300043833,12,2,5,2,1,2.0,31344,77,17,34,20,6.0,21.0,9,2,3,1.0,1920,1,2.0,14,1.0,3.0,52,119,4.0
201400010868,6,16,5,2,3,4.0,369,13,13,33,37,5.0,8.0,7,3,3,1.0,1971,3,2.0,36,4.0,1.0,80,142,6.0
200700049423,3,20,5,1,6,1.0,744,75,16,41,14,1.0,20.0,10,3,3,4.0,1999,9,2.0,36,0.0,3.0,46,287,3.0
200500081045,6,20,5,1,2,2.0,59352,88,13,20,37,4.0,15.0,1,3,1,0.0,1947,3,2.0,1,1.0,2.0,85,41,5.0
200500065740,10,4,4,2,1,4.0,45315,180,18,20,5,3.0,1.0,8,1,2,9.0,1923,3,0.0,6,2.0,3.0,19,720,2.0
201900053299,3,20,4,2,1,2.0,274,370,19,33,37,0.0,14.0,6,2,3,0.0,1965,4,3.0,14,3.0,1.0,130,136,5.0
201100020745,4,18,1,1,5,5.0,85008,67,13,59,13,0.0,24.0,4,3,3,3.0,1911,6,2.0,9,2.0,4.0,390,61,6.0
201800004428,5,10,3,2,4,5.0,529,260,11,20,13,5.0,21.0,2,3,1,3.0,1973,6,2.0,8,1.0,0.0,72,510,5.0
200900011281,10,16,5,2,8,4.0,59568,45,20,21,8,6.0,22.0,9,2,2,0.0,1978,5,2.0,0,4.0,4.0,75,213,3.0
200700069580,12,15,5,1,0,3.0,211,987,23,24,13,2.0,25.0,8,2,3,5.0,2003,1,2.0,12,4.0,4.0,330,164,2.0
201100043061,12,23,5,1,6,2.0,92022,270,0,45,38,5.0,7.0,5,2,3,3.0,1927,5,1.0,36,3.0,3.0,17,532,8.0
201000026468,4,7,1,2,8,1.0,758,76,20,30,3,5.0,20.0,7,2,3,5.0,2003,9,2.0,1,0.0,1.0,207,231,3.0
201200031074,4,16,5,2,4,6.0,471,45,16,36,50,0.0,9.0,0,2,3,0.0,1984,7,0.0,11,3.0,0.0,72,243,4.0
201000059558,9,30,1,2,1,6.0,6027,360,15,21,39,6.0,25.0,7,2,2,1.0,2011,1,3.0,6,3.0,3.0,83,455,3.0
200800072642,8,8,5,2,9,3.0,50502,460,22,10,38,7.0,22.0,8,1,2,4.0,1909,9,2.0,12,3.0,4.0,115,47,4.0
201000028931,11,20,5,1,2,2.0,3118,130,0,36,13,2.0,5.0,0,2,1,1.0,1910,9,2.0,50,1.0,4.0,120,135,6.0
200800039015,7,26,4,1,3,2.0,375,5,11,55,16,1.0,14.0,5,2,3,4.0,1974,2,2.0,2,4.0,3.0,70,600,1.0
201500055769,9,17,5,1,6,1.0,64024,520,10,21,13,6.0,13.0,4,1,2,9.0,1965,4,0.0,2,0.0,1.0,44,117,3.0
200900065398,5,19,1,1,6,2.0,281,83,18,8,99,9.0,14.0,8,2,2,1.0,1919,7,2.0,40,0.0,0.0,30,268,0.0
201300046712,8,2,4,2,4,2.0,69387,900,0,11,5,6.0,4.0,2,1,3,3.0,2017,9,2.0,3,4.0,3.0,150,20,6.0
200700062864,11,16,5,2,2,7.0,639,30,17,5,30,4.0,17.0,0,3,2,2.0,1917,2,2.0,26,4.0,4.0,31,58,3.0
200700005439,4,14,5,1,6,7.0,177,770,16,41,3,7.0,5.0,10,3,3,4.0,1914,4,2.0,11,3.0,0.0,450,240,2.0
201200056838,10,11,5,1,7,3.0,798,420,13,53,32,9.0,19.0,3,2,3,1.0,1961,9,4.0,0,3.0,2.0,58,143,2.0
200800048828,1,12,3,1,9,7.0,594,120,0,45,11,3.0,8.0,1,1,1,4.0,2009,9,2.0,16,4.0,4.0,275,188,4.0
200500051295,3,9,5,1,1,7.0,69385,987,23,17,20,9.0,15.0,3,2,1,4.0,1973,3,4.0,11,2.0,1.0,41,615,6.0
200800008831,12,16,3,1,8,3.0,31396,590,21,21,16,1.0,12.0,6,3,3,2.0,1963,3,2.0,2,0.0,0.0,197,620,5.0
201800040404,4,3,5,2,1,4.0,478,570,10,55,43,9.0,18.0,9,1,2,9.0,1965,2,3.0,40,1.0,3.0,350,830,0.0
201500047879,1,31,5,1,1,2.0,484,10,13,20,19,7.0,10.0,3,3,1,5.0,1927,5,2.0,20,3.0,0.0,182,224,6.0
201100010196,5,10,1,1,0,3.0,63,610,18,35,40,8.0,5.0,9,2,1,3.0,1990,4,1.0,40,0.0,3.0,170,38,1.0
201000053827,4,30,5,1,9,7.0,94003,92,13,5,36,5.0,2.0,7,1,1,3.0,1946,4,2.0,26,0.0,0.0,210,152,4.0
201200015910,1,6,5,1,5,5.0,389,43,20,40,37,7.0,9.0,8,3,1,3.0,1908,5,2.0,14,4.0,1.0,103,400,6.0
200900058516,3,12,5,2,0,4.0,378,280,10,20,10,7.0,13.0,6,1,1,3.0,2017,4,2.0,4,0.0,0.0,197,258,0.0
200700045087,12,18,4,2,1,6.0,97,440,19,53,43,9.0,17.0,6,2,3,0.0,1974,5,2.0,1,0.0,0.0,99,895,8.0
200500018622,9,24,5,1,4,2.0,685,49,17,24,43,9.0,20.0,0,1,2,0.0,2006,5,2.0,13,3.0,0.0,247,176,5.0
201200021845,4,23,5,2,5,7.0,203,37,0,59,31,3.0,12.0,2,2,1,4.0,1941,7,2.0,6,1.0,4.0,17,145,4.0
201100035689,11,3,5,2,4,3.0,40,93,13,33,4,9.0,7.0,0,1,2,0.0,1959,6,1.0,3,2.0,2.0,275,143,3.0
200600074900,4,26,3,1,5,1.0,4123,72,19,36,3,3.0,0.0,5,3,1,5.0,1901,4,2.0,4,0.0,3.0,109,214,3.0
201100063448,11,28,5,2,8,7.0,78283,5,11,41,31,3.0,5.0,8,3,3,3.0,1990,2,2.0,20,0.0,4.0,406,420,1.0
200500080303,8,14,5,1,3,3.0,85008,110,19,59,42,9.0,20.0,2,2,1,3.0,2011,4,2.0,10,1.0,0.0,35,268,2.0
201400010398,2,3,5,2,0,3.0,93031,560,10,10,5,2.0,24.0,9,3,3,3.0,1953,6,2.0,50,0.0,2.0,600,71,8.0
201000056141,12,31,5,1,0,7.0,164,64,0,43,99,6.0,25.0,4,3,2,1.0,1979,9,2.0,5,4.0,2.0,153,56,3.0
201000032095,4,9,3,2,1,4.0,115,480,12,43,80,9.0,24.0,5,3,1,9.0,1967,5,0.0,2,0.0,0.0,192,720,5.0
200500052639,7,16,4,1,5,4.0,448,28,15,11,8,1.0,15.0,5,1,3,2.0,2018,1,2.0,4,2.0,3.0,18,129,5.0
201000050820,2,22,5,2,2,2.0,415,710,15,8,1,3.0,11.0,5,2,3,1.0,1981,4,2.0,16,2.0,3.0,33,148,0.0
201500011904,12,2,1,2,0,2.0,94017,890,18,36,60,3.0,8.0,8,3,2,4.0,1983,9,2.0,9,1.0,1.0,39,121,1.0
201600050230,2,25,5,2,6,3.0,51428,340,15,55,40,4.0,7.0,9,3,2,5.0,1947,4,2.0,50,2.0,4.0,48,455,4.0
200700060199,1,10,1,2,1,7.0,28267,69,10,38,9,9.0,16.0,10,1,3,1.0,1984,1,4.0,7,4.0,0.0,52,216,2.0
200600051983,3,23,1,2,1,6.0,38185,55,18,22,50,2.0,8.0,9,2,2,2.0,2016,2,2.0,4,1.0,1.0,6,85,8.0
201000066504,6,2,5,2,6,2.0,902,950,12,43,0,8.0,26.0,2,1,1,9.0,1935,6,2.0,20,1.0,0.0,50,57,2.0
200700077071,10,27,5,2,8,6.0,63,1001,21,30,7,6.0,13.0,6,2,2,2.0,1914,3,4.0,10,3.0,3.0,29,400,6.0
201300041630,7,10,5,2,6,2.0,279,52,16,30,20,9.0,19.0,6,3,1,5.0,2015,1,2.0,6,2.0,3.0,35,144,5.0
201800012209,1,15,5,1,0,7.0,240,988,16,50,20,7.0,13.0,0,2,3,2.0,1973,2,2.0,50,1.0,1.0,120,164,8.0
201600053375,5,8,3,2,6,2.0,97411,972,13,22,34,5.0,7.0,3,2,2,1.0,1913,4,2.0,-1,4.0,0.0,101,162,3.0
201300053344,9,24,5,2,1,7.0,62812,971,10,55,30,2.0,14.0,10,1,1,4.0,1908,3,1.0,13,3.0,1.0,143,119,1.0
201000001088,5,22,5,1,6,7.0,326,21,13,53,20,5.0,10.0,6,3,2,0.0,1916,3,2.0,8,0.0,1.0,212,151,1.0
201000038740,4,11,5,1,7,4.0,91521,640,10,10,9,6.0,26.0,4,2,3,0.0,1929,4,2.0,-1,3.0,4.0,800,950,0.0
201500021399,4,3,5,2,4,7.0,54235,48,19,11,16,4.0,8.0,8,1,3,1.0,1966,3,2.0,36,1.0,2.0,294,257,3.0
201100041101,12,31,5,2,4,5.0,146,670,0,36,8,6.0,18.0,7,1,2,9.0,1970,3,2.0,10,2.0,1.0,450,505,1.0
201400048188,2,25,5,2,6,4.0,93072,750,22,30,60,4.0,6.0,7,3,1,0.0,2016,2,2.0,-1,2.0,0.0,122,131,4.0
200900022705,6,29,2,1,1,2.0,58057,730,14,10,1,5.0,20.0,8,1,3,1.0,1971,3,2.0,3,2.0,1.0,140,143,0.0
201600005834,11,21,1,1,8,4.0,493,64,18,33,38,8.0,24.0,5,3,3,0.0,1959,4,2.0,5,4.0,0.0,79,655,1.0
201400030164,7,21,5,2,5,6.0,5176,850,13,22,30,8.0,11.0,7,2,1,9.0,1916,2,2.0,5,0.0,2.0,77,255,8.0
201800050571,11,12,5,1,9,4.0,629,120,12,38,38,8.0,26.0,2,2,3,1.0,1946,3,2.0,30,3.0,3.0,39,255,3.0
201300050559,3,3,2,1,9,5.0,69388,600,13,36,39,9.0,18.0,6,3,3,3.0,1985,2,2.0,8,2.0,2.0,69,222,5.0
201500027072,4,31,1,1,1,6.0,692,880,16,50,43,0.0,7.0,5,1,3,9.0,1957,1,2.0,0,4.0,4.0,190,620,5.0
201500027246,3,29,5,2,7,7.0,39197,290,19,11,2,9.0,12.0,3,1,1,1.0,1924,6,2.0,-1,2.0,2.0,119,117,4.0
201000055042,6,28,5,2,8,4.0,22278,974,15,5,19,0.0,1.0,1,2,2,2.0,2000,9,4.0,36,3.0,1.0,109,800,3.0
200800046561,2,3,5,1,6,7.0,700,800,0,24,19,9.0,7.0,5,2,3,1.0,1953,2,2.0,20,3.0,2.0,57,154,6.0
201200051421,11,30,5,1,0,1.0,58,280,10,41,60,8.0,1.0,6,3,3,2.0,1961,2,2.0,3,4.0,0.0,251,54,0.0
201200043289,3,7,2,1,0,1.0,44109,220,20,45,12,3.0,15.0,1,1,3,9.0,1991,5,1.0,9,3.0,2.0,30,37,8.0
200700034324,6,31,5,1,0,6.0,57644,84,11,50,17,6.0,10.0,10,1,3,3.0,1961,4,2.0,7,4.0,3.0,137,166,6.0
201500044417,3,21,5,1,1,7.0,424,600,20,50,38,4.0,15.0,1,3,1,5.0,1915,2,3.0,9,1.0,0.0,44,615,1.0
201200039211,4,28,5,2,4,1.0,634,780,16,0,17,1.0,19.0,4,3,2,1.0,1973,1,1.0,50,2.0,3.0,80,365,2.0
200500013520,6,11,4,1,8,1.0,190,110,15,15,37,8.0,21.0,1,3,1,5.0,2010,3,3.0,-1,0.0,4.0,103,384,4.0
201700020420,7,1,4,2,2,4.0,88,41,10,45,7,0.0,8.0,6,3,2,9.0,1909,2,2.0,-1,4.0,1.0,113,355,8.0
201700030339,8,23,1,2,6,3.0,77383,680,23,34,18,9.0,8.0,3,2,3,1.0,1901,5,2.0,50,2.0,4.0,109,153,4.0
201900055393,5,30,5,1,4,7.0,528,4,23,22,34,7.0,15.0,1,3,3,4.0,1959,2,2.0,14,4.0,3.0,12,122,6.0
201300057839,1,1,5,1,2,6.0,482,55,10,43,39,6.0,7.0,7,2,2,0.0,1964,5,2.0,7,4.0,4.0,225,330,3.0
200800037886,7,21,5,2,0,3.0,3190,840,23,20,40,6.0,25.0,0,1,3,5.0,1992,9,2.0,50,4.0,4.0,7,141,4.0
201400057815,10,22,5,1,4,6.0,14024,60,15,0,99,1.0,21.0,8,2,1,2.0,1976,2,4.0,8,4.0,0.0,3,151,5.0
200800018523,12,3,2,1,9,7.0,16154,340,0,10,60,3.0,9.0,5,1,1,2.0,1949,1,3.0,12,0.0,0.0,14,45,8.0
201300043215,1,21,5,1,5,5.0,94015,87,22,36,19,3.0,25.0,3,2,3,9.0,1995,1,0.0,30,0.0,1.0,101,240,2.0
200700019230,8,11,5,1,6,4.0,95585,39,13,5,39,4.0,6.0,0,2,3,1.0,1925,2,2.0,20,4.0,1.0,47,37,8.0
200700035529,8,16,3,2,2,6.0,71540,150,11,21,4,1.0,20.0,9,1,2,3.0,1919,4,2.0,5,4.0,4.0,250,152,1.0
201400030740,1,29,5,1,1,2.0,124,88,21,21,43,2.0,0.0,6,1,3,1.0,1983,7,3.0,10,1.0,2.0,37,98,4.0
200600045289,6,25,5,1,9,1.0,1034,42,19,35,99,7.0,22.0,9,3,2,1.0,1970,2,3.0,40,0.0,3.0,270,110,3.0
201300014433,7,29,4,2,7,6.0,74256,79,23,0,18,7.0,25.0,2,1,3,4.0,1931,7,4.0,0,4.0,0.0,34,67,6.0
201600036854,4,19,5,2,9,1.0,670,570,12,36,0,9.0,16.0,9,2,1,3.0,1921,9,2.0,7,3.0,1.0,165,139,4.0
201400031245,10,28,5,2,6,6.0,143,930,11,21,7,8.0,23.0,7,3,1,9.0,0,5,3.0,14,0.0,0.0,114,490,8.0
201000068265,12,26,1,2,4,6.0,28134,620,0,20,32,6.0,14.0,10,3,2,0.0,1918,9,2.0,2,4.0,3.0,32,211,3.0
201600017419,6,3,5,1,8,7.0,66136,720,10,21,34,5.0,17.0,3,1,2,2.0,1960,3,4.0,16,3.0,3.0,42,101,8.0
200600063423,10,25,5,2,0,3.0,56121,85,12,30,10,7.0,5.0,2,3,2,4.0,2001,7,2.0,40,3.0,1.0,161,169,8.0
201400013234,3,11,5,1,3,2.0,95127,420,21,10,36,7.0,7.0,2,1,1,3.0,2015,9,2.0,3,4.0,4.0,89,161,1.0
201500019775,8,13,5,2,0,1.0,250,800,19,15,60,2.0,14.0,2,3,2,3.0,1981,5,2.0,50,0.0,0.0,26,257,2.0
201100039561,7,24,1,2,1,6.0,456,73,23,11,17,1.0,23.0,6,1,2,3.0,1936,6,2.0,26,1.0,2.0,9,750,2.0
201000002660,5,23,5,2,1,1.0,709,810,11,43,12,2.0,12.0,8,1,1,4.0,2015,6,2.0,26,2.0,3.0,190,820,2.0
201000044043,3,19,5,1,0,2.0,846,590,20,45,60,0.0,25.0,10,3,2,2.0,1900,4,2.0,36,2.0,0.0,52,150,5.0
201700003677,5,10,3,2,2,7.0,13,470,18,8,40,6.0,2.0,1,2,3,4.0,1949,3,2.0,4,0.0,4.0,22,194,3.0
201400045453,4,23,1,2,6,6.0,130,93,0,10,14,7.0,5.0,10,3,3,5.0,2010,5,2.0,3,2.0,2.0,98,915,0.0
201700002174,9,12,5,1,4,2.0,11,21,13,38,99,1.0,23.0,2,2,2,5.0,1928,1,1.0,-1,1.0,4.0,80,101,8.0
200800067128,12,27,5,2,7,3.0,59352,550,21,5,36,2.0,13.0,7,1,1,3.0,2005,9,2.0,6,2.0,0.0,52,810,1.0
200600024858,2,26,3,1,3,3.0,59431,420,17,53,7,0.0,14.0,10,1,1,5.0,1982,5,2.0,14,4.0,0.0,60,153,4.0
200500050725,11,26,5,2,8,3.0,340,540,23,24,8,6.0,15.0,5,2,1,1.0,1947,1,2.0,16,2.0,2.0,77,87,3.0
201100002315,1,20,5,2,1,6.0,354,210,18,10,31,1.0,13.0,3,3,3,5.0,1958,2,2.0,30,1.0,2.0,127,23,1.0
200800042153,9,4,5,2,1,4.0,15,830,10,36,37,1.0,3.0,1,1,2,4.0,1932,1,2.0,36,1.0,0.0,64,105,4.0
201700016993,2,7,5,1,4,4.0,54235,83,17,38,35,5.0,22.0,1,1,2,5.0,1934,9,2.0,8,2.0,3.0,50,107,1.0
201100014960,11,3,5,1,2,6.0,50,17,10,30,38,7.0,15.0,2,1,1,9.0,1998,7,4.0,30,1.0,3.0,390,29,8.0
201700055517,3,25,5,2,6,6.0,434,83,14,24,60,7.0,9.0,10,3,1,3.0,1916,2,0.0,50,0.0,2.0,79,110,5.0
201700060590,2,6,5,2,2,5.0,36005,620,14,59,4,2.0,0.0,6,2,3,3.0,1901,7,4.0,30,1.0,4.0,23,172,6.0
200500084088,6,11,5,2,8,4.0,75113,988,16,15,20,8.0,10.0,10,3,2,3.0,2018,9,3.0,10,2.0,1.0,203,196,2.0
200600016167,3,11,3,1,2,4.0,56098,370,22,22,14,8.0,26.0,3,2,2,2.0,1973,1,1.0,14,3.0,0.0,24,700,8.0
200800049690,2,3,5,1,7,1.0,69259,67,14,38,9,3.0,23.0,7,3,1,3.0,1958,2,3.0,30,0.0,3.0,960,670,1.0
200600069186,6,18,5,2,9,2.0,68155,48,22,15,11,6.0,7.0,3,2,3,5.0,1964,7,2.0,8,1.0,4.0,89,173,2.0
201700022273,10,18,5,2,2,6.0,39197,120,17,59,31,4.0,15.0,6,3,3,9.0,1974,9,2.0,1,0.0,4.0,26,192,1.0
200500071829,5,8,5,2,5,2.0,83107,140,11,43,60,0.0,18.0,10,1,2,3.0,1953,3,3.0,3,4.0,4.0,55,920,6.0
201700028075,11,22,5,1,2,3.0,121,85,10,57,7,0.0,19.0,3,2,2,5.0,1913,3,2.0,1,0.0,0.0,52,26,6.0
201200038883,9,31,5,1,9,6.0,544,29,12,45,42,8.0,10.0,10,1,1,0.0,1913,9,4.0,14,3.0,1.0,47,69,6.0
201600056281,11,21,2,2,0,1.0,288,3,17,40,10,7.0,11.0,0,1,2,3.0,1917,6,2.0,4,4.0,2.0,58,157,0.0
200800059345,5,11,3,1,3,4.0,343,750,17,53,15,6.0,20.0,6,3,3,2.0,1911,3,3.0,26,1.0,2.0,35,224,5.0
200500004064,3,11,5,1,7,2.0,37261,12,14,11,5,1.0,5.0,0,3,1,5.0,1978,2,2.0,40,1.0,3.0,75,93,2.0
201500026226,6,15,2,2,4,5.0,19234,590,11,30,32,8.0,4.0,0,1,3,9.0,1932,4,2.0,12,2.0,0.0,46,178,3.0
200500013013,9,31,4,1,2,2.0,69081,500,18,36,10,6.0,25.0,10,1,3,3.0,1981,9,2.0,50,4.0,2.0,32,73,3.0
201700023572,4,10,5,2,0,7.0,6128,30,22,17,3,3.0,3.0,1,3,2,1.0,1999,6,0.0,10,1.0,3.0,50,181,8.0
201700010471,9,31,5,2,4,3.0,91215,73,16,15,40,0.0,25.0,5,3,3,4.0,1990,4,2.0,14,4.0,0.0,294,310,6.0
201100032277,11,18,5,2,7,5.0,752,33,18,30,11,5.0,10.0,4,3,2,9.0,0,6,4.0,2,3.0,0.0,95,186,1.0
200600004163,12,22,3,1,7,5.0,97105,210,10,15,33,4.0,14.0,0,3,1,4.0,2000,6,4.0,11,2.0,2.0,106,38,8.0
200700072873,4,11,2,2,1,7.0,10076,650,16,21,80,8.0,23.0,7,1,3,2.0,2017,5,4.0,2,2.0,2.0,115,152,8.0
200900039815,11,18,5,2,3,4.0,6085,650,19,41,35,9.0,0.0,9,1,3,5.0,1945,6,2.0,20,2.0,4.0,0,790,1.0
200700050541,8,2,5,2,3,6.0,97418,870,15,34,9,3.0,2.0,7,2,2,3.0,1960,5,2.0,13,4.0,4.0,137,100,4.0
200700013522,8,24,4,2,5,6.0,260,780,19,11,6,2.0,3.0,0,3,3,4.0,1901,6,2.0,1,1.0,0.0,275,610,6.0
201700033848,8,3,5,1,5,7.0,122,290,23,33,16,0.0,9.0,5,3,1,4.0,1926,4,3.0,30,0.0,3.0,68,760,0.0
201900056563,11,28,5,2,1,1.0,411,28,20,30,10,6.0,19.0,4,3,1,5.0,1967,5,4.0,12,1.0,3.0,125,248,1.0
201600039174,4,4,5,1,9,5.0,81145,420,16,57,0,8.0,20.0,6,2,1,3.0,1925,4,2.0,12,0.0,1.0,109,83,5.0
201100006113,6,17,5,2,8,2.0,243,93,0,22,18,8.0,15.0,0,1,1,2.0,1988,1,2.0,14,3.0,1.0,28,99,5.0
201800056769,9,12,5,2,4,2.0,75119,460,0,5,32,1.0,3.0,0,2,1,2.0,2006,4,3.0,16,4.0,0.0,106,127,6.0
200600007274,1,13,5,1,6,5.0,364,440,14,5,32,0.0,16.0,7,1,3,5.0,1971,9,2.0,7,0.0,1.0,240,22,8.0
201300037341,11,21,5,2,3,2.0,110,3,14,24,20,8.0,6.0,9,3,3,2.0,1981,6,2.0,5,4.0,4.0,21,660,1.0
201800027813,3,3,5,1,4,4.0,4152,220,14,11,35,8.0,1.0,2,3,3,1.0,1908,6,1.0,14,3.0,2.0,510,91,8.0
201500004529,11,8,3,2,1,5.0,92,500,20,34,80,8.0,11.0,7,3,3,1.0,1945,2,2.0,20,4.0,2.0,120,211,1.0
200600037837,3,13,3,1,1,5.0,31587,720,10,50,42,7.0,16.0,6,1,2,0.0,1900,3,0.0,14,2.0,2.0,14,169,2.0
200500017122,5,6,5,1,5,3.0,62869,8,18,25,33,6.0,26.0,9,3,2,2.0,1994,3,2.0,13,4.0,0.0,56,111,8.0
200900013204,5,4,5,2,0,2.0,415,220,12,33,3,9.0,17.0,2,3,1,2.0,1963,6,2.0,11,0.0,1.0,83,12,5.0
201000000179,11,9,5,2,2,3.0,13047,570,11,21,12,5.0,15.0,1,2,1,9.0,2009,4,3.0,14,0.0,4.0,132,199,1.0
200600025353,9,29,5,2,7,4.0,903,65,10,24,5,9.0,24.0,10,3,1,1.0,1990,2,4.0,1,0.0,2.0,73,-81,1.0
200700028212,11,18,4,1,6,1.0,474,470,16,36,33,9.0,23.0,6,3,1,1.0,1976,3,2.0,20,4.0,4.0,22,760,1.0
201600053544,10,19,5,2,9,7.0,22081,350,12,21,3,4.0,12.0,5,3,3,4.0,1981,9,2.0,8,0.0,2.0,500,70,1.0
200800047677,12,25,5,2,7,3.0,430,780,11,55,30,3.0,20.0,3,2,3,1.0,2009,6,2.0,-1,0.0,3.0,88,144,6.0
200700033310,8,24,5,2,7,5.0,868,50,14,5,33,7.0,14.0,4,3,2,9.0,1923,9,2.0,20,3.0,4.0,590,143,5.0
200600000795,1,15,5,2,6,3.0,83,91,17,15,11,8.0,9.0,5,1,1,0.0,1963,4,2.0,9,0.0,1.0,400,590,0.0
200600050417,12,24,5,1,1,6.0,37208,1,18,38,2,6.0,12.0,0,1,1,1.0,1949,3,2.0,0,2.0,4.0,56,815,4.0
201600020712,5,4,5,1,6,5.0,75,987,21,36,8,7.0,13.0,1,3,1,3.0,1949,9,2.0,8,3.0,2.0,275,66,1.0
200600075245,7,16,2,1,0,1.0,77284,45,21,53,0,5.0,2.0,10,3,1,0.0,1985,9,2.0,50,4.0,1.0,23,191,3.0
201500035597,12,23,5,1,2,7.0,66124,94,16,20,1,2.0,18.0,8,2,2,0.0,1947,4,1.0,3,0.0,3.0,84,250,6.0
201800034283,12,7,1,1,5,3.0,110,140,21,10,32,8.0,11.0,3,1,3,5.0,2016,6,2.0,-1,0.0,0.0,225,27,0.0
201800034666,10,24,5,2,8,3.0,97303,430,10,20,39,3.0,15.0,0,2,2,3.0,1913,7,2.0,3,0.0,2.0,36,28,8.0
200900049785,2,17,5,2,0,5.0,593,77,11,35,21,4.0,17.0,1,3,3,0.0,1960,1,3.0,9,4.0,0.0,127,50,5.0
201100065074,12,1,5,2,0,3.0,97421,20,23,5,33,9.0,3.0,2,1,2,5.0,1981,4,2.0,26,3.0,4.0,90,97,4.0
200800002203,3,2,1,1,5,4.0,620,770,19,38,10,0.0,16.0,1,2,2,4.0,1939,7,4.0,5,4.0,4.0,52,115,1.0
201100035621,11,24,5,2,3,4.0,756,290,22,34,12,3.0,15.0,10,2,3,3.0,2016,5,2.0,9,1.0,3.0,43,151,1.0
200600065075,9,1,1,1,7,5.0,62846,83,11,33,6,1.0,17.0,3,1,3,4.0,1925,2,4.0,7,2.0,3.0,77,365,0.0
200800066807,9,13,5,1,6,1.0,62321,18,20,33,15,9.0,8.0,0,1,3,3.0,1996,4,4.0,12,0.0,1.0,57,17,2.0
200500002195,12,15,5,1,4,2.0,79213,330,13,25,60,8.0,13.0,8,1,3,1.0,1908,9,2.0,14,3.0,2.0,70,83,0.0
201400020415,8,17,5,1,7,5.0,40046,92,19,55,3,6.0,15.0,3,3,1,1.0,1942,4,2.0,7,3.0,0.0,76,540,8.0
201200006333,2,17,1,2,0,1.0,266,4,20,22,31,1.0,0.0,9,3,1,5.0,1919,2,3.0,4,2.0,1.0,72,257,3.0
201200009243,4,10,5,1,2,4.0,273,89,0,33,80,9.0,7.0,8,2,1,3.0,1929,4,1.0,-1,0.0,0.0,30,34,3.0
201600009323,6,28,3,2,4,2.0,6018,91,16,8,20,6.0,4.0,10,3,1,3.0,1967,5,0.0,40,1.0,3.0,260,71,2.0
201400045812,11,2,5,2,1,3.0,236,40,19,10,34,5.0,12.0,4,1,2,3.0,1943,3,2.0,11,4.0,3.0,22,208,6.0
201100054714,5,26,1,2,4,4.0,91534,41,0,34,40,9.0,2.0,5,2,1,1.0,1916,7,2.0,3,4.0,0.0,120,530,6.0
200800060802,1,9,5,2,9,7.0,47,1,19,38,21,7.0,3.0,3,2,1,1.0,1953,2,2.0,14,3.0,2.0,60,314,5.0
201500052168,11,2,5,2,5,2.0,519,32,11,24,33,1.0,0.0,6,2,3,3.0,1960,9,2.0,1,2.0,0.0,53,532,0.0
201300051268,2,14,5,2,7,7.0,130,250,21,22,50,7.0,0.0,3,1,1,0.0,1986,5,2.0,10,4.0,2.0,61,220,1.0
201500045267,5,26,3,2,6,6.0,450,34,16,8,43,5.0,19.0,1,3,2,0.0,1922,2,2.0,10,0.0,3.0,130,165,3.0
201100034056,7,24,3,1,4,2.0,126,31,14,36,0,0.0,26.0,5,2,2,2.0,1975,9,4.0,36,1.0,3.0,260,77,8.0
200500059703,10,9,5,1,2,1.0,26226,86,16,38,5,7.0,22.0,5,2,2,1.0,2012,4,2.0,5,4.0,1.0,48,830,8.0
201400048506,8,15,5,2,1,5.0,720,11,14,36,42,0.0,5.0,3,3,1,5.0,1922,6,2.0,6,2.0,0.0,67,249,2.0
201400028102,8,17,1,2,7,6.0,39197,73,18,20,16,9.0,23.0,10,2,1,1.0,1947,5,2.0,-1,3.0,0.0,116,46,4.0
201800022039,10,25,5,2,2,3.0,794,610,11,0,80,4.0,16.0,5,1,3,1.0,1924,9,4.0,12,0.0,2.0,114,41,3.0
201500042565,3,16,1,2,3,5.0,255,600,10,43,16,5.0,4.0,1,3,3,4.0,1953,5,3.0,11,0.0,0.0,33,72,6.0