num_acc,mois,jour,lum,agg,int,col,com,dep,hr,mn,catv,choc,manv,place,catu,grav,trajet,an_nais,catr,circ,nbv,prof,plan,lartpc,larrout,situ
201000042402,11,29,5,1,2,1.0,54329,890,21,30,19,6.0,5.0,7,3,1,9.0,1920,5,4.0,2,2.0,1.0,10,171,5.0
201400045778,2,18,2,1,9,3.0,576,91,12,38,37,1.0,23.0,10,3,3,9.0,1948,4,2.0,8,4.0,4.0,11,258,1.0
200600019349,8,16,5,2,3,7.0,91136,82,17,11,33,0.0,10.0,8,1,2,3.0,1987,3,2.0,6,0.0,3.0,251,273,5.0
200700032380,10,12,5,1,0,7.0,83065,680,22,57,32,2.0,23.0,9,2,2,0.0,1919,2,2.0,8,2.0,0.0,8,59,5.0
201200001631,3,11,4,2,3,6.0,49246,71,18,17,6,4.0,13.0,4,1,2,4.0,1929,9,4.0,30,2.0,1.0,310,282,1.0
200600029357,12,17,5,1,2,6.0,78238,56,23,5,12,3.0,19.0,0,2,2,1.0,1950,6,2.0,30,4.0,1.0,11,600,5.0
201900056367,3,20,4,2,5,7.0,52,92,15,30,42,3.0,7.0,3,3,2,2.0,2011,4,2.0,40,1.0,0.0,140,815,5.0
201800043226,8,23,5,2,0,3.0,78640,440,15,59,20,2.0,24.0,10,2,3,0.0,1969,2,2.0,40,4.0,3.0,52,65,2.0
201900055374,10,22,5,2,5,5.0,31149,930,11,0,99,8.0,0.0,7,2,2,0.0,1954,6,4.0,36,2.0,3.0,99,204,6.0
200800023518,8,11,5,1,3,1.0,77468,210,14,33,99,0.0,8.0,8,3,1,3.0,1917,2,2.0,5,2.0,1.0,86,355,0.0
201700007605,4,5,5,1,0,5.0,14118,330,15,43,15,3.0,24.0,2,2,3,3.0,1965,7,2.0,50,0.0,0.0,124,150,2.0
201500058278,6,25,5,1,5,3.0,62869,22,18,21,8,5.0,23.0,0,2,3,4.0,1990,9,0.0,26,1.0,0.0,2,126,2.0
200500012872,5,13,5,1,5,1.0,841,89,0,36,37,8.0,16.0,1,2,3,2.0,1911,2,2.0,20,2.0,4.0,650,202,5.0
200700017450,3,14,5,2,0,6.0,117,95,16,57,99,6.0,23.0,1,1,2,3.0,1938,5,2.0,6,2.0,4.0,46,197,0.0
201300050058,12,2,3,1,4,2.0,335,7,18,55,5,0.0,14.0,5,1,2,0.0,1973,9,2.0,12,0.0,0.0,800,255,5.0
201700004789,2,5,4,1,2,3.0,5176,33,13,8,40,2.0,20.0,2,1,1,0.0,1987,7,2.0,4,2.0,3.0,57,96,5.0
201500051380,7,5,3,2,8,2.0,37054,340,23,36,36,7.0,1.0,10,2,1,9.0,1985,9,2.0,10,4.0,3.0,500,28,3.0
201600045712,3,1,5,1,5,5.0,76231,150,23,5,39,1.0,26.0,9,3,3,5.0,1950,1,0.0,36,3.0,2.0,124,168,1.0
201500013987,5,11,4,2,7,2.0,695,987,0,57,21,1.0,10.0,3,3,2,3.0,1984,3,2.0,14,2.0,3.0,98,143,3.0
201300057293,9,7,5,1,8,4.0,91345,680,15,43,37,7.0,17.0,7,1,1,2.0,1982,2,2.0,9,0.0,1.0,13,27,4.0
201100031288,10,23,3,1,1,2.0,488,670,13,30,9,4.0,12.0,5,1,1,9.0,0,1,2.0,26,2.0,1.0,15,20,0.0
201900054020,4,25,5,2,4,6.0,34033,25,0,25,60,6.0,25.0,10,2,2,4.0,1916,1,2.0,50,0.0,2.0,32,12,0.0
200600028945,9,16,3,1,3,7.0,846,46,16,30,37,9.0,18.0,0,2,1,2.0,1923,9,2.0,12,4.0,0.0,114,240,3.0
200800021536,9,22,5,2,5,2.0,302,26,16,0,8,4.0,20.0,8,2,3,2.0,2007,9,2.0,3,2.0,2.0,48,5,2.0
201700055677,8,15,2,1,2,4.0,83073,19,20,40,17,5.0,2.0,10,2,1,3.0,1977,1,2.0,10,3.0,4.0,270,134,0.0
201600019130,7,21,5,1,2,6.0,902,660,0,34,21,5.0,18.0,5,1,2,0.0,2002,4,2.0,12,3.0,4.0,260,175,6.0
200600081567,4,15,5,1,8,4.0,315,80,23,36,80,6.0,7.0,7,3,3,9.0,1962,2,1.0,0,0.0,3.0,165,234,5.0
201800033295,1,22,3,2,3,4.0,2,240,18,30,12,9.0,20.0,2,2,3,5.0,1977,3,2.0,26,2.0,4.0,12,53,1.0
201800053612,2,3,5,2,6,1.0,852,36,16,20,7,5.0,25.0,5,1,2,9.0,1994,2,0.0,40,3.0,2.0,62,153,6.0
201600040997,7,16,5,2,6,2.0,72181,68,17,15,13,1.0,21.0,2,2,2,5.0,1961,6,2.0,26,1.0,0.0,203,107,6.0
200600012723,5,26,4,2,1,5.0,693,51,10,36,19,6.0,2.0,10,1,1,1.0,1901,9,2.0,-1,4.0,0.0,26,173,1.0
201600020873,7,3,5,2,9,2.0,664,63,12,38,0,1.0,23.0,9,2,3,1.0,1965,9,2.0,40,3.0,1.0,600,86,4.0
201600056505,9,19,2,1,7,7.0,315,201,0,33,30,3.0,13.0,10,3,1,5.0,1954,3,2.0,12,2.0,1.0,87,63,6.0
201000058708,6,15,2,1,6,1.0,67030,770,13,43,33,3.0,5.0,0,2,3,3.0,1992,9,0.0,50,2.0,2.0,80,217,6.0
201000017819,4,20,5,1,1,3.0,467,710,17,43,31,4.0,7.0,8,2,2,1.0,1963,4,2.0,8,2.0,3.0,190,53,8.0
200700003608,4,27,5,2,3,5.0,327,42,15,35,2,2.0,25.0,0,1,3,1.0,1948,1,2.0,5,2.0,2.0,130,420,8.0
201400011259,8,9,5,2,1,4.0,62869,160,0,40,60,4.0,5.0,9,1,3,9.0,1972,4,2.0,4,2.0,4.0,96,88,5.0
201900006754,8,18,5,1,7,5.0,15,84,19,24,38,3.0,7.0,4,2,3,2.0,2019,1,2.0,8,4.0,0.0,3,135,2.0
200500069734,2,18,3,2,4,5.0,91136,100,12,40,6,7.0,1.0,0,1,2,1.0,1943,1,3.0,6,0.0,4.0,39,95,6.0
201000028199,11,24,3,1,0,4.0,49015,12,23,15,38,1.0,15.0,6,2,3,4.0,1933,6,2.0,8,4.0,1.0,216,166,0.0
201000050625,6,10,1,1,9,2.0,26,630,12,34,16,2.0,21.0,8,3,1,9.0,1999,3,2.0,6,3.0,2.0,106,940,4.0
201100046645,11,23,5,1,8,1.0,14719,87,0,24,2,7.0,4.0,5,1,1,9.0,2002,7,4.0,9,4.0,4.0,122,193,6.0
201100044764,11,27,5,2,5,4.0,17236,36,16,15,2,2.0,11.0,4,1,3,0.0,2007,1,2.0,8,0.0,3.0,279,94,5.0
201600001553,3,8,5,2,7,5.0,94003,15,18,11,5,8.0,10.0,9,1,1,2.0,2000,9,2.0,0,2.0,3.0,119,655,6.0
200500025094,9,4,2,1,8,1.0,2738,77,12,20,13,9.0,20.0,1,3,1,9.0,1946,3,1.0,12,4.0,3.0,220,114,2.0
200600055235,4,31,5,1,9,1.0,710,820,13,11,31,8.0,24.0,4,2,2,9.0,1931,3,2.0,8,0.0,4.0,121,830,1.0
200500016447,1,16,5,1,3,1.0,524,55,20,33,60,7.0,3.0,1,1,1,3.0,2004,1,0.0,2,1.0,1.0,5,84,3.0
200500087682,12,26,5,1,1,7.0,44044,720,13,40,40,6.0,8.0,7,3,3,2.0,1991,1,1.0,36,1.0,4.0,125,275,3.0
201600040265,6,6,4,1,9,1.0,55029,570,20,8,34,2.0,6.0,5,2,3,9.0,1918,5,2.0,8,1.0,0.0,146,915,3.0
200900039373,9,31,2,1,8,3.0,83023,410,11,59,10,6.0,4.0,9,2,3,9.0,1964,2,0.0,5,3.0,2.0,390,213,2.0
200700031021,2,24,4,1,2,6.0,282,140,18,11,17,0.0,8.0,5,3,2,0.0,1924,5,2.0,7,0.0,2.0,275,57,8.0
201100040167,10,24,5,1,5,3.0,793,65,11,43,13,7.0,24.0,10,1,1,3.0,2002,2,2.0,1,3.0,1.0,10,88,4.0
201200017282,5,31,4,2,8,3.0,423,20,19,0,17,7.0,15.0,4,2,3,3.0,2018,2,2.0,13,2.0,2.0,504,480,5.0
201000013908,10,11,5,2,8,3.0,58,63,21,35,4,1.0,8.0,1,2,1,2.0,1944,4,3.0,-1,0.0,2.0,84,410,3.0
200600038879,12,13,4,1,4,4.0,59599,21,19,15,32,7.0,25.0,1,1,2,0.0,1923,2,2.0,3,3.0,3.0,113,143,8.0
201600017883,4,3,4,2,4,5.0,233,510,0,35,38,4.0,10.0,1,1,3,3.0,1917,5,2.0,6,0.0,2.0,105,3,3.0
200600073699,12,12,5,1,6,7.0,13055,170,23,43,18,2.0,5.0,6,3,3,9.0,1976,5,2.0,11,4.0,4.0,31,7,6.0
200800000173,4,19,5,2,6,5.0,62480,92,13,53,1,5.0,11.0,1,3,3,1.0,1955,2,2.0,5,3.0,3.0,20,166,8.0
200800055381,4,10,5,1,4,4.0,8,140,19,41,39,8.0,12.0,6,1,2,9.0,1959,6,2.0,3,0.0,0.0,194,118,8.0
201300005324,8,31,5,1,8,5.0,102,87,19,35,21,6.0,6.0,3,1,2,3.0,1991,9,2.0,2,1.0,1.0,101,113,6.0
200800030287,4,14,5,1,6,1.0,348,976,18,0,4,5.0,20.0,4,3,1,9.0,1997,2,2.0,14,0.0,4.0,220,45,0.0
201300050228,2,25,5,1,5,4.0,12057,202,22,24,40,3.0,2.0,5,2,1,5.0,1959,4,2.0,26,0.0,1.0,65,690,0.0
201800002195,8,10,5,2,9,4.0,296,810,21,53,37,6.0,14.0,3,2,3,3.0,1971,2,2.0,1,1.0,2.0,406,191,2.0
201400025942,2,9,5,2,8,4.0,72268,410,23,35,36,9.0,4.0,5,2,2,3.0,1927,3,2.0,3,4.0,3.0,61,119,5.0
201300025621,4,12,4,1,5,6.0,60631,70,0,36,43,4.0,16.0,9,2,2,3.0,1947,6,2.0,10,0.0,1.0,48,140,1.0
201200045270,3,14,5,1,2,6.0,40192,250,10,17,16,3.0,26.0,4,1,2,2.0,1964,3,2.0,9,2.0,2.0,100,118,6.0
200800004346,4,28,2,1,0,5.0,135,290,16,38,38,1.0,8.0,9,1,1,4.0,1950,7,2.0,5,3.0,3.0,510,204,8.0
200800030045,3,12,2,2,2,6.0,55029,13,14,15,17,1.0,22.0,8,2,1,4.0,1920,4,3.0,30,3.0,0.0,64,770,8.0
200900048888,4,23,5,2,7,1.0,97209,24,21,53,60,3.0,1.0,9,2,1,1.0,1994,9,2.0,7,2.0,1.0,247,91,3.0
200900014279,3,2,4,2,4,4.0,60105,10,15,21,12,7.0,3.0,8,3,1,5.0,1934,4,3.0,30,0.0,2.0,75,109,6.0
200500084229,5,12,5,2,5,7.0,85191,53,11,0,13,9.0,12.0,7,2,2,5.0,2004,3,2.0,12,0.0,4.0,220,88,1.0
201600017580,10,1,4,2,5,6.0,22346,56,22,22,35,9.0,26.0,9,3,3,5.0,1993,6,2.0,5,2.0,1.0,42,35,6.0
201600058687,6,2,5,2,2,2.0,424,230,15,20,6,1.0,15.0,4,2,2,5.0,1976,6,2.0,30,4.0,4.0,89,169,3.0
201300040550,11,30,5,2,9,5.0,59431,260,15,59,30,3.0,22.0,8,2,3,9.0,1987,1,2.0,13,0.0,3.0,45,360,1.0
201100027515,12,26,3,1,1,5.0,75120,11,14,53,33,6.0,22.0,4,3,2,4.0,2001,7,0.0,-1,1.0,0.0,58,21,8.0
201600028710,11,27,5,1,4,4.0,30151,22,11,17,60,5.0,11.0,1,1,2,5.0,1973,9,2.0,26,4.0,4.0,140,46,2.0
201500031191,9,26,5,1,7,4.0,38239,20,13,20,10,2.0,3.0,7,2,1,3.0,2015,6,2.0,9,4.0,1.0,85,605,2.0
201400022318,10,18,5,1,1,5.0,335,220,13,17,9,5.0,1.0,4,1,2,9.0,1990,1,2.0,30,0.0,2.0,23,178,8.0
201300031009,1,10,1,2,1,2.0,25050,37,19,35,40,2.0,5.0,7,3,1,3.0,1926,5,2.0,1,1.0,1.0,22,38,4.0
201500023025,7,13,5,1,9,3.0,50173,860,21,57,5,1.0,8.0,3,1,1,3.0,2005,1,2.0,7,1.0,4.0,74,271,5.0
201100047135,2,17,2,2,1,5.0,12,950,22,33,80,1.0,14.0,2,3,1,0.0,1994,7,2.0,20,0.0,4.0,21,159,1.0
201800022614,6,10,3,1,6,2.0,75113,78,16,10,2,8.0,10.0,7,2,1,9.0,1974,4,2.0,14,4.0,4.0,109,350,8.0
200800044318,7,3,4,1,0,6.0,97118,46,13,5,5,1.0,0.0,3,3,2,1.0,1941,2,1.0,6,1.0,1.0,104,500,2.0
200600081691,12,1,5,1,9,5.0,315,57,20,15,32,2.0,15.0,7,1,3,1.0,1913,1,4.0,10,4.0,1.0,3,77,1.0
201600037454,10,18,2,2,4,6.0,216,53,22,53,50,4.0,15.0,5,2,3,3.0,1935,2,2.0,10,4.0,0.0,250,39,3.0
201300045172,10,24,5,2,9,3.0,627,79,13,21,43,8.0,9.0,6,3,1,9.0,1976,5,2.0,11,4.0,0.0,98,131,8.0
200700067763,12,9,5,2,4,5.0,76,340,20,36,19,6.0,9.0,6,3,2,5.0,1942,4,1.0,36,2.0,0.0,115,111,1.0
200600064566,9,12,5,1,1,5.0,324,14,13,59,10,2.0,16.0,10,2,3,0.0,1957,9,2.0,12,0.0,1.0,82,234,4.0
200500020832,6,9,3,2,1,6.0,34020,60,16,41,39,2.0,21.0,8,1,2,5.0,1932,2,2.0,30,4.0,1.0,650,46,3.0
201800027831,12,9,5,2,6,1.0,253,1000,12,0,43,4.0,14.0,2,3,2,4.0,2000,6,2.0,3,2.0,4.0,165,28,3.0
201800017648,8,19,4,1,6,6.0,513,41,16,59,5,4.0,5.0,6,3,1,2.0,1947,7,2.0,36,1.0,0.0,65,196,1.0
200800031542,5,24,5,1,8,6.0,496,6,15,15,9,7.0,16.0,10,1,1,5.0,0,3,4.0,30,2.0,0.0,46,515,2.0
200700072569,5,25,5,2,1,4.0,7010,93,21,40,13,1.0,19.0,2,2,1,9.0,1972,1,3.0,2,0.0,1.0,79,180,5.0
201000030011,4,13,5,1,8,2.0,13201,61,22,50,11,6.0,12.0,8,1,2,3.0,1918,9,3.0,40,4.0,0.0,86,6,1.0
200800073124,3,1,1,1,3,4.0,31,490,22,15,12,9.0,18.0,2,1,2,1.0,1920,5,4.0,2,3.0,0.0,51,740,3.0
200700009774,10,2,2,2,7,5.0,94081,47,20,10,9,8.0,10.0,1,1,3,9.0,1978,6,2.0,6,1.0,2.0,22,243,4.0
201000000492,10,12,2,2,7,1.0,6004,95,11,36,6,4.0,13.0,9,1,2,3.0,1949,4,2.0,16,3.0,1.0,364,560,2.0
201100053719,12,7,3,1,4,2.0,6161,91,21,10,50,8.0,18.0,8,3,2,2.0,1961,4,2.0,50,2.0,2.0,60,690,2.0
201100047430,4,22,5,1,0,5.0,61006,95,15,57,32,8.0,19.0,3,2,3,5.0,1957,9,1.0,1,4.0,4.0,72,365,4.0
201200046758,2,1,5,2,7,4.0,56222,340,15,8,10,6.0,7.0,10,1,3,4.0,1932,3,2.0,5,3.0,1.0,99,108,3.0
200800026845,10,1,5,1,3,3.0,71251,320,21,8,35,6.0,4.0,10,1,1,3.0,1915,4,3.0,12,4.0,2.0,194,94,3.0
201500051029,8,21,5,1,8,1.0,93072,59,23,53,13,7.0,9.0,0,3,2,3.0,1908,6,2.0,5,0.0,3.0,198,313,8.0
200900019171,9,20,5,1,8,3.0,75113,85,14,24,19,9.0,7.0,3,1,3,0.0,1925,4,2.0,50,0.0,3.0,10,740,3.0
200600048621,11,25,5,1,3,4.0,42184,690,18,8,17,2.0,12.0,1,2,2,5.0,1901,9,3.0,20,1.0,0.0,0,100,0.0
201100053714,2,15,5,2,0,5.0,14341,20,12,59,60,0.0,3.0,1,3,2,0.0,1999,2,2.0,-1,4.0,0.0,2,740,8.0
200600010024,6,5,5,1,3,1.0,129,290,11,40,34,9.0,0.0,2,1,1,1.0,1929,5,3.0,40,2.0,0.0,198,505,0.0
200800054000,10,18,5,1,3,4.0,43,71,15,57,5,0.0,5.0,8,3,3,0.0,1993,7,2.0,-1,0.0,4.0,104,660,0.0
200900055027,6,29,5,1,9,6.0,407,540,10,36,36,9.0,3.0,2,2,3,0.0,2007,2,2.0,26,2.0,4.0,9,77,8.0
201800040881,9,12,5,1,3,4.0,159,670,14,55,43,2.0,7.0,2,3,2,0.0,1962,3,2.0,40,2.0,4.0,79,730,6.0
201700014033,7,29,5,2,9,6.0,281,830,13,41,12,1.0,8.0,0,3,3,9.0,2007,6,2.0,6,0.0,1.0,79,350,5.0
200500061232,7,26,4,2,3,4.0,25056,86,19,36,99,4.0,17.0,10,1,2,0.0,1940,1,2.0,5,0.0,4.0,190,85,1.0
200500030343,1,12,5,2,5,4.0,6,78,12,55,38,6.0,13.0,2,2,3,9.0,1914,4,2.0,7,4.0,2.0,16,208,0.0
200600021988,6,26,5,2,8,3.0,91136,170,19,40,12,8.0,12.0,6,2,2,2.0,1912,5,2.0,6,0.0,4.0,128,157,1.0
201400002630,1,23,5,2,3,2.0,345,81,13,5,39,8.0,2.0,0,1,2,9.0,1905,7,3.0,-1,0.0,1.0,210,610,0.0
200500015473,1,23,5,2,3,1.0,41173,77,11,21,1,1.0,22.0,9,1,3,9.0,1949,6,0.0,2,3.0,1.0,34,20,2.0
201400052559,11,15,5,1,8,3.0,518,41,12,40,99,2.0,18.0,10,1,1,1.0,2005,9,2.0,8,4.0,3.0,13,810,3.0
201000064697,7,4,4,1,7,7.0,179,78,19,0,12,9.0,25.0,7,3,3,3.0,1999,9,0.0,2,0.0,0.0,207,640,5.0
201000065185,4,11,5,2,4,2.0,690,120,23,38,21,1.0,8.0,9,3,3,2.0,1956,5,3.0,13,4.0,3.0,8,43,1.0
200900053928,3,9,5,2,8,5.0,225,640,0,40,10,9.0,4.0,4,2,1,3.0,1971,5,2.0,12,0.0,2.0,72,76,1.0
201200009416,5,24,5,1,0,3.0,478,202,15,24,6,0.0,18.0,1,1,3,2.0,1931,1,2.0,8,0.0,1.0,14,245,5.0
200800069598,8,16,5,2,0,1.0,74034,56,20,10,14,0.0,5.0,3,2,3,3.0,1945,3,3.0,30,0.0,3.0,51,88,0.0
201500037491,12,6,5,2,8,6.0,621,720,15,24,19,5.0,9.0,0,3,2,9.0,1945,4,2.0,2,2.0,0.0,42,139,0.0
200800034486,1,9,5,1,6,6.0,15,150,16,53,2,2.0,7.0,3,1,3,1.0,2009,3,4.0,6,0.0,1.0,42,0,8.0
200500063710,11,13,5,2,7,4.0,671,78,18,40,21,0.0,17.0,9,1,2,9.0,2017,9,2.0,3,0.0,4.0,2,260,3.0
201500031000,11,27,5,1,3,2.0,13117,71,22,10,20,0.0,14.0,5,1,3,2.0,1959,7,2.0,6,3.0,4.0,79,94,1.0
201300014220,10,21,5,2,2,5.0,75109,130,15,55,40,6.0,1.0,9,3,3,5.0,1928,7,2.0,40,3.0,0.0,200,160,8.0
200600073093,6,20,4,2,6,6.0,259,21,12,55,10,1.0,16.0,8,3,2,2.0,2015,1,2.0,16,2.0,4.0,150,580,5.0
201400059139,8,24,5,1,1,1.0,670,12,15,45,19,6.0,10.0,1,2,3,3.0,1913,1,4.0,8,2.0,3.0,52,193,3.0
200800039644,2,22,3,1,7,2.0,67212,84,18,5,42,5.0,11.0,9,2,3,2.0,2016,9,2.0,36,2.0,0.0,83,210,6.0
201800040008,3,16,5,1,2,5.0,174,31,20,41,37,2.0,12.0,4,3,2,2.0,2002,1,4.0,3,2.0,3.0,142,713,3.0
201600054788,9,6,5,2,1,7.0,895,29,13,33,30,7.0,10.0,2,1,1,0.0,1997,5,2.0,40,1.0,3.0,38,154,0.0
200700030862,12,11,5,2,6,1.0,586,800,16,20,43,9.0,12.0,5,2,1,4.0,1951,1,2.0,8,0.0,1.0,250,999,2.0
201800005296,6,16,5,2,0,5.0,219,1001,18,41,35,7.0,25.0,4,2,2,4.0,2017,1,2.0,2,0.0,0.0,71,85,0.0
201600026868,1,27,5,2,4,1.0,443,201,14,45,4,9.0,9.0,8,3,1,4.0,1962,6,0.0,7,3.0,4.0,134,231,0.0
200700024582,9,8,4,2,1,1.0,79,320,12,20,13,5.0,18.0,6,2,3,1.0,1934,3,4.0,9,2.0,3.0,80,217,8.0
201200023909,8,10,5,1,3,5.0,526,57,18,43,99,3.0,3.0,7,1,3,2.0,1974,9,2.0,1,3.0,1.0,40,196,3.0
200600007095,2,19,4,2,9,6.0,525,988,21,15,60,4.0,3.0,10,1,2,5.0,1938,7,2.0,50,0.0,1.0,170,147,6.0
200800076546,9,9,1,1,6,5.0,529,83,13,11,6,5.0,22.0,8,1,1,5.0,2013,5,1.0,30,0.0,1.0,1,63,6.0
200900003272,6,27,2,1,1,2.0,543,890,22,41,11,7.0,10.0,4,3,1,5.0,1960,5,2.0,7,4.0,1.0,279,58,2.0
201700045718,9,28,5,2,5,1.0,78123,420,20,53,37,1.0,4.0,4,2,2,9.0,1955,5,2.0,3,3.0,3.0,67,781,0.0
201000004809,3,22,2,1,9,1.0,70550,730,15,45,10,8.0,12.0,1,1,2,9.0,1938,5,2.0,8,0.0,0.0,364,590,2.0
201000008242,4,25,4,2,2,2.0,81033,80,15,53,3,0.0,25.0,5,2,1,2.0,1941,3,4.0,40,1.0,2.0,108,90,5.0
201600017558,3,7,5,2,7,3.0,49267,80,12,10,1,2.0,12.0,0,3,1,0.0,1996,6,3.0,6,4.0,4.0,70,41,3.0
201300027383,7,14,3,2,4,7.0,177,400,14,36,40,8.0,0.0,2,1,3,9.0,1996,9,2.0,-1,3.0,1.0,79,197,5.0
200800049485,11,12,1,2,9,4.0,4,8,15,57,21,0.0,0.0,4,3,2,1.0,2005,5,0.0,7,3.0,2.0,132,193,6.0
201600012341,9,6,5,2,6,1.0,14118,330,20,15,14,8.0,4.0,6,1,2,2.0,1971,1,2.0,8,1.0,2.0,83,680,5.0
200600004131,12,20,5,1,1,4.0,168,810,18,57,4,7.0,13.0,6,1,1,4.0,1922,7,2.0,4,0.0,0.0,51,670,5.0
200600018255,9,24,2,1,9,7.0,17236,39,15,10,10,8.0,0.0,0,1,3,0.0,1980,6,0.0,-1,1.0,0.0,147,89,8.0
201300058162,4,30,5,2,9,1.0,406,94,18,40,4,6.0,11.0,9,3,1,9.0,1914,7,2.0,4,2.0,4.0,42,52,1.0
200800044923,9,12,2,1,9,3.0,52,290,14,53,13,3.0,24.0,3,2,1,5.0,1964,6,2.0,20,0.0,3.0,4,206,1.0
200700039153,12,26,5,1,7,3.0,462,490,18,43,34,1.0,25.0,7,1,2,5.0,1916,2,2.0,14,1.0,2.0,147,99,0.0
201800029814,3,15,5,2,2,2.0,12057,530,13,38,30,0.0,5.0,10,1,3,0.0,1955,4,2.0,-1,2.0,0.0,153,176,2.0
201200006360,11,19,5,1,5,4.0,78123,42,19,53,15,7.0,21.0,6,3,2,5.0,1979,6,2.0,7,4.0,3.0,16,130,1.0
200900051108,11,22,4,2,2,3.0,695,800,15,25,1,6.0,3.0,6,3,1,5.0,1936,5,2.0,2,0.0,2.0,55,93,5.0
200600047201,4,17,5,1,9,3.0,360,100,19,36,3,1.0,9.0,7,2,1,5.0,1970,5,2.0,8,1.0,3.0,10,77,4.0
201300020175,8,5,3,1,1,3.0,170,90,17,45,21,4.0,22.0,3,2,2,2.0,1909,4,2.0,9,1.0,2.0,124,258,0.0
200800001723,7,30,2,1,9,3.0,431,790,19,35,32,6.0,16.0,2,2,3,5.0,2019,2,2.0,36,0.0,0.0,12,53,3.0
201000063991,4,7,5,2,9,3.0,183,36,18,11,36,8.0,21.0,7,2,3,3.0,1998,3,2.0,14,3.0,2.0,78,166,1.0
200900028839,11,28,5,1,5,3.0,38215,120,19,15,35,7.0,14.0,3,3,1,4.0,1939,2,2.0,16,1.0,1.0,260,116,3.0
201800016263,5,5,5,1,0,4.0,27,11,0,24,38,9.0,13.0,6,2,2,4.0,1971,4,2.0,14,3.0,2.0,216,830,2.0
201900057502,9,9,5,2,6,2.0,304,37,12,57,33,2.0,7.0,2,1,2,3.0,1961,1,1.0,20,3.0,3.0,32,205,0.0
200700019521,5,7,5,2,9,2.0,529,29,10,36,5,1.0,4.0,3,2,1,5.0,1922,4,2.0,6,4.0,2.0,108,7,4.0
200900054905,9,26,5,1,9,3.0,5061,971,18,57,36,6.0,26.0,3,2,1,2.0,1988,1,2.0,13,4.0,1.0,198,97,6.0
201900005604,3,10,5,1,8,5.0,95116,390,12,15,38,1.0,6.0,1,1,1,9.0,1925,4,4.0,40,2.0,3.0,20,109,8.0
201700018496,6,2,3,1,5,2.0,519,920,15,40,16,6.0,15.0,8,3,2,2.0,1920,4,1.0,6,4.0,4.0,279,270,2.0
201100006897,8,18,5,2,9,1.0,721,12,17,41,17,1.0,2.0,0,3,2,1.0,1989,3,2.0,9,1.0,3.0,23,360,4.0
201000032534,7,6,5,1,3,3.0,282,920,15,8,16,9.0,12.0,8,1,3,4.0,1908,7,2.0,10,0.0,4.0,270,940,4.0
201500002415,3,6,2,2,2,3.0,709,780,16,59,21,2.0,11.0,9,2,1,3.0,2008,5,4.0,9,4.0,1.0,330,151,6.0
201100009141,12,22,5,2,2,3.0,69290,29,20,45,32,4.0,4.0,10,3,2,3.0,1966,7,1.0,1,0.0,3.0,513,68,4.0
200600032960,5,22,2,2,7,6.0,68226,46,23,5,33,5.0,8.0,10,2,2,5.0,1952,3,2.0,20,4.0,2.0,21,925,8.0
201800036523,3,6,5,2,6,4.0,670,510,13,30,60,8.0,17.0,6,1,2,0.0,1964,9,2.0,12,1.0,1.0,35,56,2.0
201500058422,9,29,3,2,5,5.0,63453,9,22,59,0,6.0,8.0,10,2,2,3.0,1987,5,2.0,11,0.0,1.0,90,76,4.0
201400010837,6,19,5,2,3,7.0,775,210,21,40,35,5.0,13.0,7,1,1,5.0,2002,5,1.0,11,3.0,0.0,450,158,3.0
201300008205,11,23,5,1,0,2.0,502,780,22,8,39,1.0,4.0,6,2,3,5.0,2008,2,1.0,4,4.0,2.0,88,150,8.0
201500024126,11,17,3,1,5,5.0,349,81,13,43,35,0.0,15.0,5,1,3,1.0,1945,4,2.0,7,4.0,0.0,125,199,1.0
201100042883,11,6,5,1,2,3.0,322,94,23,20,18,2.0,0.0,9,3,1,5.0,1913,6,3.0,36,0.0,4.0,180,183,5.0
200500007911,8,18,5,1,5,5.0,95424,220,10,35,30,4.0,18.0,6,1,1,1.0,1992,7,3.0,8,1.0,3.0,510,168,1.0
200700023183,4,24,5,2,2,1.0,40192,700,15,40,17,2.0,3.0,9,3,2,3.0,1963,3,2.0,20,1.0,4.0,240,580,8.0
200600040434,5,26,5,2,2,1.0,107,46,15,45,99,4.0,21.0,8,1,2,0.0,1915,4,2.0,16,1.0,3.0,197,920,1.0
200700067424,2,16,5,1,1,3.0,226,2,16,33,99,9.0,1.0,10,2,1,5.0,1930,5,2.0,11,2.0,2.0,134,82,3.0
201000042199,5,22,3,1,3,3.0,17028,280,16,59,13,4.0,8.0,5,1,1,0.0,1945,1,2.0,7,2.0,3.0,190,188,2.0
201200026033,1,11,5,1,4,2.0,118,53,20,40,5,7.0,19.0,8,1,1,2.0,2015,4,4.0,3,4.0,2.0,260,165,2.0
201100058348,5,3,5,1,2,4.0,40267,790,11,17,34,4.0,15.0,0,2,3,3.0,1910,1,2.0,40,1.0,4.0,120,532,6.0
200900036013,9,20,5,1,2,5.0,92025,48,18,21,50,0.0,13.0,7,2,1,4.0,2014,6,2.0,40,2.0,2.0,97,781,4.0
201500013456,1,14,3,2,6,2.0,448,32,15,41,33,3.0,19.0,0,3,2,5.0,1940,4,2.0,8,3.0,3.0,28,315,2.0
201700009491,1,1,5,1,6,1.0,300,410,15,17,32,6.0,4.0,1,2,1,4.0,2012,2,2.0,6,2.0,1.0,9,247,4.0