num_acc,mois,jour,lum,agg,int,col,com,dep,hr,mn,catv,choc,manv,place,catu,grav,trajet,an_nais,catr,circ,nbv,prof,plan,lartpc,larrout,situ
201000012125,2,23,5,2,5,2.0,15,480,17,35,2,3.0,1.0,9,1,1,1.0,2011,4,0.0,4,4.0,4.0,3,196,3.0
200500043092,2,24,5,1,1,7.0,91201,28,17,15,10,1.0,5.0,3,1,1,5.0,2002,3,2.0,4,0.0,2.0,137,185,1.0
201600011829,8,25,5,1,1,7.0,492,34,16,40,43,0.0,16.0,10,2,2,1.0,1940,5,2.0,12,2.0,4.0,14,180,8.0
201800055305,6,27,2,2,7,2.0,81120,270,20,35,12,2.0,3.0,5,2,1,4.0,2011,1,2.0,9,1.0,2.0,153,81,4.0
201500011689,5,2,4,1,2,5.0,749,570,23,36,10,3.0,12.0,1,3,3,4.0,1922,6,2.0,7,4.0,1.0,49,11,8.0
200900058957,1,11,1,1,2,7.0,689,27,22,50,35,8.0,23.0,6,2,3,9.0,1931,9,1.0,-1,2.0,0.0,45,192,6.0
201300020136,11,21,5,1,7,2.0,254,55,22,25,30,9.0,12.0,10,3,2,2.0,1941,1,1.0,8,2.0,1.0,300,1,0.0
201800028994,2,2,3,2,7,1.0,714,19,19,24,38,7.0,26.0,1,2,1,0.0,1964,7,2.0,6,2.0,1.0,153,150,4.0
201800020190,8,18,5,2,0,4.0,93074,950,17,41,80,2.0,22.0,9,1,3,3.0,1917,7,2.0,3,1.0,0.0,280,27,6.0
201000030633,9,22,4,2,0,4.0,38509,75,19,36,80,2.0,19.0,5,3,3,4.0,1994,2,3.0,40,3.0,1.0,960,46,5.0
201200030161,3,10,5,2,0,3.0,633,87,10,11,20,2.0,0.0,3,3,3,1.0,1923,2,2.0,40,3.0,1.0,63,264,0.0
200900009597,3,8,1,2,5,5.0,350,8,20,25,11,6.0,20.0,9,2,2,9.0,2002,7,2.0,14,1.0,2.0,69,67,4.0
201300021766,3,17,3,2,2,5.0,80001,560,20,22,38,7.0,3.0,9,3,2,3.0,1960,4,2.0,-1,3.0,0.0,26,91,0.0
200700043602,5,23,5,2,5,2.0,34332,24,19,22,42,9.0,25.0,4,1,1,0.0,1979,5,2.0,26,1.0,4.0,103,7,2.0
200600004874,12,15,5,1,1,2.0,444,33,0,30,2,6.0,22.0,10,3,3,9.0,1973,5,2.0,0,2.0,1.0,146,10,8.0
201800001360,5,9,5,1,5,7.0,218,14,23,33,40,8.0,15.0,9,1,3,1.0,1933,2,2.0,1,4.0,1.0,32,175,2.0
201300001424,10,12,2,1,9,6.0,289,30,13,0,50,3.0,13.0,0,1,2,3.0,1930,5,2.0,16,3.0,1.0,89,690,0.0
201200013544,8,24,1,2,1,3.0,68155,40,21,45,5,3.0,23.0,0,2,2,5.0,1932,5,3.0,-1,3.0,2.0,18,68,2.0
201500057491,10,11,1,1,9,6.0,640,2,22,24,43,0.0,15.0,1,2,2,1.0,2001,9,2.0,1,2.0,2.0,60,940,3.0
200500053102,8,8,5,1,8,4.0,594,860,19,10,60,2.0,17.0,6,3,2,4.0,1925,6,2.0,10,4.0,0.0,279,140,6.0
201400005624,2,24,5,2,7,5.0,34123,120,16,11,2,4.0,21.0,8,2,1,2.0,1929,7,2.0,12,0.0,2.0,170,60,8.0
200900065799,1,16,2,2,3,6.0,45300,57,20,50,16,6.0,19.0,3,3,2,0.0,1941,3,2.0,-1,0.0,0.0,106,660,4.0
200600024380,8,6,5,2,4,1.0,91687,972,16,0,14,5.0,9.0,5,2,1,5.0,2006,5,3.0,10,0.0,0.0,205,36,6.0
201500028983,1,19,5,2,7,6.0,622,270,10,36,20,1.0,2.0,9,3,1,2.0,1971,4,3.0,9,3.0,4.0,39,670,4.0
201500045399,9,18,5,2,7,4.0,379,150,20,41,10,7.0,22.0,4,2,3,2.0,1921,2,3.0,40,4.0,0.0,77,710,6.0
200800041377,12,19,1,1,5,4.0,387,26,23,11,50,7.0,3.0,2,1,3,1.0,1935,4,2.0,10,2.0,2.0,130,14,8.0
201400007949,8,20,5,1,0,1.0,29298,410,12,21,12,3.0,1.0,5,2,1,2.0,2001,4,2.0,2,0.0,2.0,136,186,0.0
201300007163,7,27,3,1,0,3.0,740,87,13,5,2,4.0,24.0,8,1,1,5.0,1957,3,1.0,8,4.0,0.0,590,139,6.0
201700044381,3,27,3,2,5,2.0,192,90,12,35,38,3.0,3.0,10,3,1,1.0,2018,4,2.0,4,1.0,3.0,19,218,1.0
200500005371,8,18,5,2,5,5.0,398,84,12,22,6,6.0,19.0,10,3,2,1.0,1912,2,0.0,11,1.0,4.0,132,38,8.0
200600004697,1,12,4,2,9,1.0,93073,25,11,25,37,9.0,7.0,4,2,1,4.0,0,1,4.0,30,2.0,4.0,28,49,0.0
200500050585,7,29,5,2,2,6.0,78,220,20,33,20,8.0,3.0,6,3,2,1.0,1925,4,2.0,13,4.0,3.0,116,126,4.0
200800031664,5,22,5,2,4,2.0,178,42,11,41,99,5.0,6.0,0,3,1,5.0,1931,1,2.0,20,3.0,1.0,39,91,8.0
201400000649,4,15,5,1,8,1.0,763,470,11,30,19,5.0,8.0,8,2,3,1.0,1970,9,2.0,4,3.0,4.0,146,102,6.0
201100047780,6,8,4,1,6,4.0,91689,32,18,0,42,3.0,21.0,9,1,1,4.0,1983,6,1.0,3,1.0,1.0,6,251,3.0
200500022348,6,19,5,1,8,5.0,234,93,12,53,36,5.0,24.0,7,3,2,4.0,1987,5,2.0,2,0.0,0.0,28,151,2.0
201500038721,5,7,5,1,9,5.0,70,330,13,17,14,5.0,23.0,2,1,2,5.0,1908,1,2.0,2,1.0,4.0,27,675,8.0
200800063631,3,22,5,2,5,5.0,647,19,12,50,34,2.0,22.0,4,1,2,3.0,1930,1,1.0,1,1.0,3.0,220,136,8.0
201500015706,12,21,1,2,3,3.0,62528,730,12,30,42,6.0,6.0,6,2,1,2.0,1908,9,2.0,16,0.0,0.0,66,14,0.0
200700077085,8,17,5,2,9,4.0,612,380,23,30,14,8.0,14.0,8,3,1,1.0,1936,9,4.0,3,0.0,1.0,310,245,4.0
201500004868,2,6,4,2,5,5.0,147,140,11,20,7,0.0,6.0,5,1,3,3.0,1966,3,2.0,26,0.0,1.0,197,400,6.0
201800006123,4,30,3,2,7,2.0,298,700,15,5,40,3.0,1.0,3,1,3,4.0,0,6,2.0,16,0.0,1.0,65,215,8.0
200900031083,10,18,5,1,6,2.0,127,950,22,38,39,4.0,15.0,7,2,2,9.0,1942,9,0.0,14,2.0,2.0,49,657,0.0
200800047731,8,28,5,1,8,5.0,24037,15,10,0,43,2.0,21.0,5,3,3,5.0,1987,3,2.0,4,4.0,1.0,10,217,4.0
201500038661,4,30,3,2,7,4.0,212,220,19,36,1,4.0,11.0,10,3,1,1.0,1932,6,2.0,7,4.0,3.0,960,197,5.0
200900035032,3,10,5,1,8,5.0,92024,72,19,30,7,4.0,24.0,7,2,2,2.0,2014,7,2.0,20,4.0,2.0,182,178,2.0
201000027021,6,1,5,2,4,7.0,428,630,21,5,5,4.0,20.0,0,2,3,1.0,1973,6,2.0,1,3.0,2.0,37,100,0.0
201600009400,5,18,5,2,0,3.0,540,940,13,38,16,9.0,18.0,1,2,3,2.0,1993,7,2.0,4,3.0,1.0,46,255,3.0
201100051923,1,31,2,1,0,4.0,301,45,21,34,9,2.0,16.0,0,2,3,5.0,1955,5,2.0,50,2.0,4.0,300,14,8.0
200800077348,5,29,3,2,2,4.0,38072,920,21,45,13,2.0,23.0,8,1,3,0.0,1920,9,2.0,0,2.0,4.0,250,615,5.0
200700026087,1,8,5,1,3,2.0,92022,27,14,21,11,3.0,20.0,4,2,1,3.0,0,5,1.0,13,3.0,4.0,142,8,5.0
201200011601,6,23,5,2,8,4.0,33075,940,17,35,30,5.0,11.0,5,2,3,1.0,1992,6,2.0,10,1.0,3.0,350,310,8.0
201200042882,7,11,5,2,4,4.0,188,160,12,55,60,1.0,11.0,6,3,1,5.0,1942,7,2.0,36,1.0,0.0,270,550,2.0
201400033441,6,23,5,2,1,7.0,73024,550,11,59,33,9.0,8.0,1,2,3,2.0,2014,2,2.0,4,4.0,0.0,48,100,2.0
201400036931,4,20,5,1,2,4.0,349,8,15,5,12,9.0,20.0,1,3,3,4.0,1962,6,4.0,6,1.0,1.0,63,24,0.0
200900019372,1,20,4,1,8,4.0,829,170,14,17,40,8.0,14.0,2,2,2,3.0,1909,2,0.0,-1,4.0,4.0,63,173,1.0
201800003954,1,15,5,1,2,6.0,552,12,18,30,30,0.0,22.0,10,2,1,5.0,1982,7,2.0,14,2.0,4.0,76,195,3.0
200800049773,1,31,5,2,9,1.0,602,59,14,24,11,4.0,4.0,0,2,1,0.0,2000,4,2.0,6,0.0,4.0,198,118,6.0
201400004514,11,22,5,1,2,5.0,458,550,12,30,8,2.0,14.0,4,2,3,1.0,1940,5,2.0,1,2.0,0.0,86,91,6.0
200800009568,6,8,5,1,2,6.0,488,500,12,41,31,5.0,9.0,10,3,2,4.0,1993,4,2.0,20,0.0,2.0,15,190,6.0
201600020589,10,12,3,1,6,7.0,76231,26,14,8,1,6.0,14.0,9,3,2,9.0,1939,5,3.0,50,1.0,2.0,200,325,3.0
200500039281,11,22,5,2,6,7.0,444,300,0,43,30,9.0,6.0,0,2,3,1.0,1938,7,2.0,1,4.0,0.0,513,781,8.0
201400007721,9,3,5,1,9,3.0,716,86,11,34,50,5.0,7.0,8,1,1,5.0,1953,3,2.0,3,1.0,3.0,25,157,2.0
201800012484,2,6,5,1,4,6.0,94043,590,15,20,36,8.0,25.0,7,3,1,2.0,1929,6,4.0,13,2.0,3.0,118,925,2.0
200800007839,5,7,5,1,2,4.0,30,890,13,57,35,3.0,2.0,9,3,3,3.0,1961,4,2.0,0,0.0,2.0,33,60,4.0
201700012594,5,27,1,1,9,4.0,623,14,19,11,33,0.0,24.0,9,3,1,3.0,2001,7,2.0,4,1.0,0.0,390,305,0.0
201100062476,8,9,5,2,2,6.0,13005,39,10,43,11,1.0,17.0,1,3,1,9.0,2016,7,2.0,7,3.0,2.0,504,455,5.0
200600019584,11,18,4,1,6,4.0,270,18,23,17,4,2.0,4.0,7,2,2,5.0,1977,7,2.0,40,3.0,3.0,21,166,6.0
200700027546,7,28,5,1,9,5.0,54115,660,22,11,80,5.0,5.0,4,1,1,0.0,1972,2,2.0,16,0.0,3.0,247,300,6.0
201500000199,1,19,3,2,4,1.0,138,86,18,36,15,0.0,15.0,2,1,1,4.0,1924,5,3.0,30,3.0,3.0,203,164,4.0
200800064322,11,22,2,2,0,2.0,50173,290,20,59,50,7.0,23.0,9,2,2,9.0,1983,3,1.0,0,2.0,1.0,74,365,6.0
201900002001,9,27,5,1,9,1.0,569,62,12,57,7,2.0,12.0,4,1,2,4.0,1969,3,2.0,2,0.0,1.0,90,127,4.0
200500027955,9,26,5,2,9,2.0,109,33,22,50,42,7.0,10.0,6,3,2,2.0,1996,1,1.0,1,3.0,4.0,198,187,2.0
200500018359,12,9,5,1,8,3.0,94043,740,15,53,39,3.0,9.0,8,3,2,1.0,1991,9,0.0,9,1.0,0.0,28,264,1.0
200500055507,8,9,5,2,7,6.0,27397,370,20,53,32,9.0,22.0,6,2,3,0.0,2013,5,2.0,30,4.0,1.0,14,750,6.0
201000003756,4,27,5,2,7,6.0,719,34,18,17,3,8.0,18.0,4,3,2,0.0,1959,7,2.0,1,2.0,4.0,67,181,6.0
200600013041,7,14,3,2,8,1.0,239,250,11,53,9,8.0,25.0,1,2,2,0.0,2018,3,2.0,0,4.0,0.0,25,615,5.0
200900071915,2,7,4,1,3,2.0,1290,11,20,55,31,0.0,10.0,10,2,2,9.0,2017,2,2.0,11,4.0,1.0,27,540,5.0
200700013000,4,16,2,2,6,7.0,612,300,15,38,14,2.0,13.0,4,2,2,5.0,2019,3,3.0,12,1.0,4.0,121,180,6.0
201600007492,8,1,1,1,6,4.0,143,700,19,25,21,2.0,22.0,4,1,2,9.0,1997,9,0.0,20,4.0,0.0,108,324,3.0
201100029953,5,8,5,1,7,4.0,141,55,12,24,20,9.0,22.0,9,1,3,0.0,1939,7,2.0,0,2.0,0.0,38,170,3.0
201200025661,2,8,4,1,5,3.0,901,35,15,55,31,4.0,10.0,0,2,1,2.0,2018,3,0.0,5,1.0,1.0,122,20,6.0
201600000077,4,27,2,2,6,4.0,75110,81,18,45,32,2.0,9.0,7,3,3,4.0,1949,2,2.0,40,0.0,2.0,120,600,2.0
201200028089,9,10,4,1,6,2.0,770,74,18,59,1,3.0,6.0,3,3,1,9.0,1985,1,2.0,30,1.0,1.0,55,255,2.0
201900056722,6,23,5,2,6,7.0,415,42,18,10,1,8.0,3.0,6,1,2,9.0,1981,2,2.0,4,1.0,2.0,35,107,5.0
200900003181,7,14,5,2,9,3.0,22346,91,0,0,12,4.0,10.0,4,3,2,0.0,1923,3,2.0,2,1.0,1.0,27,37,1.0
200800000488,9,12,3,1,2,4.0,291,74,21,21,37,3.0,21.0,0,2,1,9.0,1926,7,1.0,40,4.0,4.0,87,114,2.0
200900005017,1,28,3,2,1,2.0,45315,880,16,43,99,6.0,3.0,3,1,1,3.0,2014,6,3.0,4,2.0,1.0,114,640,2.0
200600016866,9,11,5,1,7,4.0,240,140,23,10,13,9.0,0.0,10,2,3,4.0,1971,6,2.0,7,3.0,4.0,119,360,8.0
201000021006,5,31,5,1,5,5.0,97416,5,0,33,80,4.0,15.0,6,2,3,9.0,1933,7,2.0,4,2.0,0.0,67,140,0.0
201000025731,10,13,5,2,1,4.0,62812,350,21,50,32,4.0,24.0,7,3,3,0.0,1972,1,2.0,50,2.0,4.0,114,225,3.0
200600020002,3,12,5,2,9,1.0,36005,340,13,15,31,6.0,25.0,10,3,1,5.0,1914,9,1.0,50,2.0,0.0,124,415,8.0
201100002282,1,6,5,2,6,2.0,460,48,15,22,7,0.0,22.0,5,2,2,5.0,1910,6,2.0,11,0.0,2.0,161,312,2.0
201500053229,2,25,5,1,9,5.0,91200,360,0,17,21,8.0,20.0,1,2,3,3.0,1990,6,2.0,16,4.0,2.0,8,63,4.0
200600069639,11,29,2,1,9,4.0,604,31,17,20,39,1.0,23.0,8,2,1,9.0,1951,7,2.0,40,2.0,2.0,310,221,6.0
201800053198,2,29,5,1,5,6.0,719,63,16,38,12,1.0,10.0,10,2,1,3.0,2000,5,2.0,16,0.0,2.0,294,67,2.0
201200043880,9,31,3,2,0,2.0,223,12,23,38,40,4.0,5.0,2,2,2,5.0,2002,6,2.0,13,3.0,1.0,84,264,2.0
200600032336,2,19,5,1,8,7.0,59599,31,14,25,10,5.0,24.0,2,3,2,5.0,2000,1,2.0,7,2.0,3.0,510,181,4.0
201200054687,12,7,5,1,0,2.0,643,76,10,5,18,6.0,25.0,1,2,3,0.0,1993,3,2.0,6,2.0,3.0,69,14,4.0
200700030295,8,29,5,1,6,6.0,591,79,18,25,37,9.0,20.0,2,3,2,1.0,2007,9,2.0,20,1.0,3.0,114,22,3.0
201700025342,9,5,5,2,6,3.0,91479,5,21,24,9,3.0,5.0,1,1,2,2.0,1936,6,1.0,16,1.0,2.0,153,199,4.0
200900002177,7,3,5,2,5,1.0,69027,973,15,24,31,2.0,25.0,4,1,2,4.0,1935,2,3.0,2,1.0,0.0,102,157,4.0
201000014518,6,22,5,1,2,2.0,485,202,16,21,14,6.0,13.0,0,1,1,1.0,1993,7,2.0,4,3.0,4.0,140,37,6.0
201500056929,6,21,5,2,3,7.0,78133,590,16,8,50,2.0,5.0,2,3,2,5.0,1963,4,2.0,50,0.0,0.0,88,750,5.0
200800015832,6,31,5,1,9,6.0,717,560,11,53,33,0.0,7.0,0,2,2,2.0,1941,9,2.0,20,0.0,0.0,200,252,3.0
201800053972,3,17,5,1,9,4.0,37261,11,10,20,16,9.0,18.0,5,2,1,5.0,1953,1,2.0,2,1.0,0.0,330,15,3.0
201900050862,1,4,5,2,1,3.0,49246,25,13,8,14,9.0,16.0,0,1,2,5.0,1934,7,2.0,16,3.0,3.0,190,770,8.0
201100037075,11,20,5,1,3,1.0,297,520,10,30,18,6.0,21.0,4,2,3,1.0,1959,1,3.0,5,2.0,1.0,1,85,8.0
200600065081,10,23,5,2,4,5.0,189,1001,23,55,19,2.0,8.0,9,2,2,5.0,1984,4,2.0,14,1.0,4.0,510,144,5.0
200500058724,11,20,5,2,4,2.0,732,750,10,45,0,4.0,14.0,4,2,2,2.0,1905,7,3.0,2,3.0,3.0,134,312,0.0
201100031343,6,31,1,1,6,2.0,98818,972,18,35,50,3.0,25.0,9,1,2,9.0,1948,9,2.0,30,4.0,0.0,31,217,5.0
201000032699,1,10,5,2,9,5.0,36005,460,20,36,11,7.0,24.0,3,3,3,4.0,1975,5,2.0,10,1.0,0.0,800,271,8.0
200600051983,5,3,5,2,0,1.0,73,48,21,24,19,1.0,13.0,7,2,1,3.0,1950,4,1.0,10,3.0,4.0,223,730,3.0
201800032324,10,28,5,2,4,7.0,78050,120,0,59,21,1.0,15.0,9,2,1,3.0,1937,3,2.0,9,4.0,2.0,97,54,8.0
200600012458,5,4,5,1,7,2.0,190,90,0,41,5,6.0,9.0,7,3,2,1.0,1944,9,1.0,36,1.0,2.0,17,400,2.0
201200001874,10,8,5,2,4,7.0,60090,820,14,40,6,9.0,9.0,10,2,1,1.0,1951,3,1.0,26,1.0,1.0,47,58,5.0
201100013449,4,17,5,2,8,7.0,135,3,11,22,34,2.0,18.0,7,1,3,3.0,2012,7,2.0,8,3.0,2.0,47,254,4.0
200600035296,9,25,5,1,8,2.0,94015,650,17,33,33,9.0,6.0,6,1,1,9.0,1919,2,1.0,2,0.0,4.0,86,13,5.0
201400033556,1,28,5,2,5,7.0,518,720,15,41,12,2.0,3.0,9,3,1,3.0,1988,7,3.0,4,0.0,3.0,122,96,8.0
201100045758,4,17,5,1,7,1.0,461,92,15,10,80,7.0,26.0,7,1,2,1.0,2010,2,4.0,11,2.0,0.0,2,713,6.0
201600035047,5,18,5,2,1,3.0,42145,82,14,24,4,4.0,24.0,9,2,2,5.0,1999,6,2.0,36,1.0,0.0,137,155,5.0
201800047726,1,9,5,2,9,6.0,20,40,12,53,2,6.0,8.0,2,1,2,4.0,1965,7,2.0,8,3.0,4.0,125,790,5.0
200600009127,1,12,5,1,6,4.0,934,890,0,38,80,8.0,24.0,4,2,1,4.0,1920,5,4.0,16,1.0,2.0,119,780,6.0
200500080942,6,12,4,1,3,2.0,152,33,21,11,36,9.0,24.0,3,3,1,3.0,1943,6,2.0,11,1.0,3.0,340,56,1.0
200900063699,6,2,5,1,9,4.0,168,976,17,25,99,4.0,17.0,3,1,2,0.0,1969,6,2.0,0,4.0,1.0,275,510,4.0
201400044111,9,20,5,1,8,2.0,195,46,11,5,36,3.0,2.0,0,1,1,5.0,1937,2,2.0,50,3.0,0.0,108,610,3.0
200500018359,1,22,2,2,9,6.0,49246,160,11,59,37,4.0,10.0,1,1,1,4.0,1985,3,2.0,5,1.0,3.0,650,141,1.0
200500077593,1,28,5,1,3,3.0,690,450,17,38,0,1.0,14.0,8,1,1,5.0,1965,2,2.0,13,2.0,2.0,120,100,8.0
201100031920,9,16,5,2,2,2.0,183,72,17,11,5,7.0,6.0,10,3,1,2.0,1991,6,2.0,11,1.0,3.0,121,152,3.0
201900004563,5,24,5,2,5,7.0,31555,740,17,20,80,9.0,18.0,10,3,3,9.0,1971,6,2.0,50,0.0,0.0,89,42,6.0
200900016194,7,16,5,2,3,3.0,647,400,13,0,38,2.0,10.0,1,1,1,5.0,1931,4,2.0,0,3.0,4.0,16,74,4.0
200600006966,6,3,5,2,6,7.0,92019,987,12,11,17,0.0,10.0,9,1,3,1.0,1973,2,3.0,30,2.0,0.0,294,79,6.0
200500018999,7,29,5,1,4,6.0,673,500,15,45,4,7.0,9.0,0,2,1,5.0,1994,9,2.0,-1,0.0,2.0,66,900,6.0
201800002584,1,9,5,1,1,6.0,286,1,0,55,32,1.0,21.0,9,1,2,3.0,1999,2,2.0,6,2.0,4.0,19,0,6.0
200600000651,9,30,5,2,6,7.0,74,840,20,33,99,8.0,0.0,1,2,3,4.0,2001,7,2.0,12,3.0,4.0,212,44,5.0
200900031683,9,25,1,1,3,2.0,78133,66,21,22,33,9.0,8.0,2,3,1,1.0,2010,4,2.0,16,2.0,1.0,74,235,0.0
200700058662,8,22,5,2,6,4.0,590,600,16,40,8,6.0,24.0,6,3,3,2.0,1980,3,0.0,-1,3.0,1.0,23,68,3.0
201100033356,3,23,1,1,8,5.0,552,490,20,40,17,6.0,23.0,8,1,1,2.0,1963,9,2.0,-1,0.0,0.0,225,20,0.0
200900072992,4,26,5,2,5,6.0,68338,46,23,0,9,1.0,3.0,0,2,1,1.0,2006,1,2.0,6,0.0,1.0,190,920,3.0
200500045617,12,17,5,2,6,2.0,344,93,19,20,80,0.0,4.0,6,3,2,5.0,1951,6,0.0,36,2.0,2.0,115,570,4.0
200700079186,9,21,5,2,6,6.0,395,26,13,43,7,6.0,10.0,1,1,1,9.0,1929,6,2.0,7,2.0,2.0,99,89,5.0
201100031581,3,14,4,1,9,2.0,749,390,16,45,4,8.0,11.0,10,2,2,5.0,1959,3,2.0,30,1.0,1.0,125,275,3.0
200900054169,9,15,4,1,8,3.0,602,92,18,40,30,9.0,1.0,8,1,3,5.0,1934,3,2.0,6,3.0,2.0,125,93,3.0
200500042194,12,17,4,1,9,3.0,759,69,11,5,16,3.0,6.0,3,3,1,0.0,1919,6,2.0,50,2.0,0.0,17,43,8.0
201100030497,5,18,5,2,0,7.0,425,270,21,25,13,3.0,9.0,9,3,2,2.0,2005,2,1.0,3,0.0,2.0,23,800,0.0
201200045123,10,22,1,2,7,1.0,95585,89,13,15,33,4.0,13.0,2,3,3,1.0,1972,7,2.0,40,1.0,0.0,40,88,1.0
201500013140,8,4,5,1,6,3.0,903,270,15,0,40,9.0,26.0,3,1,2,2.0,1972,5,1.0,13,1.0,2.0,47,213,6.0
200600045442,7,26,5,2,7,5.0,62516,300,10,30,18,9.0,22.0,10,3,2,5.0,1918,2,2.0,2,0.0,2.0,364,384,3.0
201600001440,6,15,3,2,7,5.0,443,38,13,24,35,8.0,20.0,9,3,3,2.0,1954,9,2.0,10,2.0,4.0,207,540,5.0
200900066402,2,27,2,1,8,1.0,551,310,22,35,30,7.0,18.0,9,1,2,3.0,1913,6,2.0,16,3.0,0.0,68,590,4.0
201800034406,9,4,3,2,3,2.0,543,45,23,0,1,8.0,19.0,7,2,2,2.0,1916,6,0.0,-1,2.0,2.0,59,314,1.0
201700022116,9,20,5,2,2,6.0,411,17,0,10,16,4.0,16.0,10,3,2,4.0,1965,2,2.0,13,1.0,0.0,84,670,6.0
201000047447,6,1,5,2,0,7.0,517,35,16,15,12,1.0,2.0,5,3,2,2.0,1934,7,2.0,7,3.0,1.0,100,138,8.0
201200031998,4,2,5,1,2,6.0,740,840,11,33,13,0.0,18.0,9,1,2,5.0,1918,2,2.0,30,1.0,4.0,52,275,3.0
201500038669,2,26,5,2,7,2.0,87201,340,11,38,20,4.0,4.0,9,1,3,2.0,2006,5,2.0,14,3.0,3.0,153,68,8.0
200700025575,1,31,5,2,3,5.0,41,51,22,0,14,3.0,9.0,4,3,1,9.0,1982,2,2.0,9,3.0,3.0,106,21,2.0
200900068054,8,11,5,1,4,1.0,44128,38,20,53,18,7.0,2.0,7,3,3,4.0,2016,6,2.0,30,4.0,1.0,44,56,1.0
200500044125,5,21,5,2,9,2.0,643,730,17,0,11,2.0,16.0,6,2,3,9.0,1973,1,2.0,1,2.0,2.0,46,139,1.0
201900010065,6,7,5,1,8,7.0,46,52,23,25,13,3.0,7.0,7,1,3,0.0,1921,5,2.0,2,3.0,3.0,194,159,6.0
201800022729,8,15,4,1,2,6.0,201,320,17,45,10,7.0,24.0,8,3,3,1.0,1925,4,2.0,11,2.0,1.0,15,0,6.0
200600016433,7,20,5,2,4,3.0,662,550,14,11,9,4.0,0.0,7,3,2,1.0,1992,4,2.0,50,1.0,3.0,130,97,3.0
201000007091,11,1,5,1,7,4.0,97103,987,13,41,17,2.0,18.0,7,3,3,4.0,1981,6,2.0,9,0.0,4.0,26,290,0.0
200500075243,9,4,4,1,7,7.0,424,580,10,35,12,0.0,9.0,0,2,3,0.0,2004,6,2.0,6,4.0,2.0,128,114,0.0
201500002812,2,11,3,2,2,6.0,754,92,18,40,38,8.0,15.0,0,3,2,1.0,1973,9,0.0,16,0.0,1.0,124,106,6.0
200900055837,7,31,5,2,0,7.0,589,72,23,53,30,6.0,3.0,9,2,2,2.0,1908,3,2.0,13,2.0,3.0,135,125,1.0
201500021031,1,25,5,1,2,5.0,465,600,12,41,60,0.0,23.0,9,2,3,0.0,1918,6,2.0,40,2.0,3.0,78,159,2.0
200800021843,8,21,5,1,6,6.0,470,39,22,25,10,3.0,17.0,8,1,2,3.0,1953,6,2.0,11,0.0,3.0,44,158,5.0
201800008433,10,28,5,1,7,2.0,59431,620,12,34,38,7.0,5.0,1,2,3,4.0,1988,7,1.0,12,3.0,3.0,500,65,4.0
201300033681,4,21,2,1,8,3.0,297,770,15,33,40,3.0,17.0,9,3,1,0.0,1943,7,2.0,26,3.0,2.0,38,515,0.0
200500055973,5,16,5,1,4,1.0,87085,460,0,36,0,7.0,16.0,6,3,2,0.0,1937,7,1.0,1,4.0,3.0,5,780,1.0
201000024042,12,1,3,2,8,1.0,405,7,21,0,18,5.0,24.0,8,2,1,2.0,1986,5,2.0,-1,1.0,4.0,142,66,2.0
201800007317,7,17,5,1,8,7.0,293,780,19,15,7,5.0,18.0,4,3,2,1.0,1995,7,2.0,11,1.0,1.0,105,258,5.0
201700028898,5,7,5,1,5,5.0,235,971,23,15,36,7.0,19.0,4,2,2,5.0,2001,9,2.0,-1,3.0,1.0,130,264,5.0
200900041523,10,2,3,2,7,4.0,754,45,18,35,6,7.0,21.0,10,2,2,5.0,1960,5,2.0,13,1.0,4.0,504,164,4.0
200500046482,9,6,5,2,1,4.0,71540,48,15,10,36,0.0,6.0,2,3,2,2.0,1995,3,2.0,50,4.0,1.0,127,213,8.0
201600013247,11,25,2,2,7,7.0,421,810,0,20,9,3.0,16.0,1,1,1,5.0,1915,2,2.0,13,1.0,3.0,0,5,1.0
201200033186,2,6,5,1,5,3.0,646,7,18,20,14,9.0,11.0,7,1,2,3.0,1980,9,3.0,10,3.0,1.0,247,44,5.0
201600056812,2,30,5,2,0,7.0,13117,150,17,50,17,5.0,17.0,9,1,3,9.0,1948,7,4.0,7,4.0,2.0,165,115,0.0
201300007002,2,12,5,2,8,1.0,188,660,17,30,17,1.0,16.0,8,2,2,3.0,1917,4,2.0,13,0.0,1.0,85,860,6.0
200700053891,5,2,3,1,2,5.0,315,34,21,35,42,9.0,12.0,7,3,1,3.0,1965,9,2.0,14,4.0,4.0,63,54,6.0
201100008390,10,15,1,2,8,2.0,196,460,0,30,39,1.0,12.0,8,3,1,2.0,1936,6,2.0,6,3.0,4.0,82,66,5.0
201500009308,12,15,4,1,6,6.0,233,100,14,24,11,5.0,22.0,9,3,1,9.0,2017,6,2.0,14,1.0,4.0,85,81,5.0
200700073583,9,15,3,2,4,4.0,159,67,20,22,16,5.0,2.0,7,3,3,9.0,2001,2,1.0,-1,0.0,1.0,76,53,6.0
201700050179,3,20,5,2,4,5.0,254,940,17,25,4,1.0,1.0,1,1,2,3.0,2015,7,2.0,0,0.0,3.0,330,56,0.0
201600025241,7,31,1,1,0,6.0,475,720,11,30,11,1.0,10.0,0,2,2,4.0,1952,9,2.0,5,2.0,1.0,100,14,1.0