num_acc,mois,jour,lum,agg,int,col,com,dep,hr,mn,catv,choc,manv,place,catu,grav,trajet,an_nais,catr,circ,nbv,prof,plan,lartpc,larrout,situ
201400055412,3,25,5,2,6,2.0,36139,82,19,0,37,8.0,7.0,0,3,2,0.0,1919,2,2.0,2,4.0,3.0,70,30,6.0
201800035876,1,1,4,1,8,4.0,707,900,15,45,9,2.0,6.0,5,3,1,1.0,1978,9,4.0,9,3.0,3.0,89,272,3.0
200700032870,7,12,5,2,4,6.0,97611,28,18,17,6,7.0,23.0,5,2,1,4.0,1916,2,1.0,16,0.0,3.0,17,50,1.0
201000029339,7,31,5,2,6,7.0,642,19,12,17,15,7.0,11.0,10,2,3,3.0,2011,4,1.0,9,1.0,4.0,94,6,8.0
200900024094,4,11,4,2,3,6.0,256,170,17,55,12,8.0,19.0,4,1,3,5.0,1993,1,2.0,50,4.0,3.0,83,254,1.0
201200022851,2,27,5,1,8,7.0,30151,280,12,34,6,1.0,3.0,9,2,3,4.0,2008,5,2.0,20,3.0,4.0,23,136,3.0
201400007374,7,29,2,2,3,7.0,816,201,19,5,99,5.0,7.0,10,1,3,9.0,1949,6,2.0,4,3.0,1.0,18,47,8.0
200900028736,7,22,5,1,1,6.0,13071,880,12,21,16,5.0,8.0,6,1,1,0.0,2005,2,1.0,26,1.0,0.0,6,57,6.0
201300016278,4,22,5,1,9,7.0,42338,260,23,24,42,4.0,7.0,7,3,3,2.0,1982,9,2.0,6,2.0,2.0,141,148,3.0
200700064831,4,18,5,2,3,2.0,331,42,12,10,60,0.0,16.0,0,2,2,2.0,1965,7,2.0,2,4.0,0.0,300,670,4.0
200700080012,12,15,2,2,8,7.0,37233,430,11,40,20,4.0,24.0,3,2,3,2.0,1943,2,4.0,16,3.0,1.0,21,139,6.0
201300026151,12,27,5,1,2,4.0,26347,350,22,40,13,9.0,19.0,9,3,3,2.0,1927,9,4.0,4,3.0,0.0,67,48,6.0
200700033340,8,27,5,1,9,4.0,591,1,11,45,99,1.0,9.0,8,2,1,0.0,2001,7,2.0,10,1.0,2.0,260,900,6.0
201800025620,7,9,5,2,6,4.0,714,972,10,41,35,4.0,16.0,4,3,3,9.0,1908,5,2.0,4,1.0,3.0,406,29,2.0
200600013226,1,26,5,1,8,2.0,484,470,22,33,12,1.0,3.0,2,1,3,2.0,1984,5,2.0,14,3.0,1.0,280,133,3.0
200800046584,7,11,1,2,7,2.0,639,450,21,5,39,3.0,4.0,7,1,3,0.0,2003,6,2.0,1,3.0,3.0,225,169,0.0
200800038865,5,1,2,1,1,5.0,29042,84,11,10,43,4.0,24.0,4,3,2,3.0,1916,5,2.0,4,2.0,1.0,513,170,5.0
200500080504,3,21,3,2,5,5.0,71,700,23,17,15,7.0,26.0,4,3,3,1.0,2004,7,2.0,-1,2.0,1.0,173,89,5.0
200600044627,8,4,5,1,3,5.0,87,33,17,36,50,4.0,26.0,7,2,1,2.0,1976,5,0.0,-1,4.0,2.0,12,95,5.0
200700050882,7,4,5,1,7,4.0,67371,740,15,0,10,4.0,4.0,6,2,3,9.0,1998,9,0.0,30,4.0,2.0,102,199,1.0
201600035882,5,7,5,1,8,3.0,678,120,0,50,16,2.0,1.0,10,3,3,1.0,1978,1,4.0,4,3.0,2.0,6,257,5.0
201100061083,3,8,3,1,6,5.0,75112,150,17,22,35,0.0,13.0,7,3,2,5.0,1968,1,3.0,-1,4.0,4.0,40,455,1.0
200500072360,9,2,4,1,1,6.0,448,390,10,8,20,4.0,23.0,1,1,1,5.0,2019,2,2.0,10,0.0,0.0,39,60,4.0
201300016291,9,7,5,1,2,1.0,93001,860,17,35,21,1.0,15.0,4,2,3,9.0,1998,3,2.0,6,1.0,2.0,960,900,8.0
201100062708,12,18,1,1,2,1.0,56098,430,10,8,37,1.0,8.0,4,3,2,2.0,1980,4,2.0,26,3.0,2.0,25,23,3.0
201300012239,3,15,4,1,7,2.0,24037,830,15,0,15,8.0,2.0,9,1,2,0.0,1953,2,2.0,5,1.0,0.0,134,415,4.0
201600013721,6,9,5,1,7,1.0,75120,150,21,35,1,5.0,24.0,10,2,2,1.0,1996,2,2.0,5,0.0,2.0,350,910,4.0
201300047835,1,23,5,2,0,3.0,857,780,11,45,40,9.0,0.0,2,1,1,4.0,1998,3,3.0,1,3.0,0.0,350,234,8.0
201000053353,12,9,5,2,4,7.0,95424,550,14,20,12,3.0,2.0,2,2,2,0.0,1950,2,2.0,2,3.0,2.0,406,216,6.0
201700035127,6,6,2,2,4,2.0,127,22,22,55,3,9.0,14.0,8,3,1,9.0,1946,4,2.0,50,0.0,3.0,590,1,3.0
200500061382,2,6,1,1,9,5.0,513,57,13,5,39,8.0,10.0,10,3,1,2.0,1968,9,2.0,50,1.0,4.0,75,231,6.0
200600048563,1,18,5,1,8,6.0,60370,56,12,33,16,1.0,26.0,2,2,2,2.0,1941,4,2.0,10,1.0,2.0,101,192,3.0
201500005954,10,30,5,2,6,7.0,614,84,17,0,4,9.0,19.0,10,2,2,1.0,1975,4,2.0,7,4.0,4.0,101,120,2.0
201400048637,2,28,5,1,2,7.0,140,12,0,5,19,3.0,26.0,1,1,3,3.0,1953,1,4.0,16,2.0,3.0,77,55,1.0
200700068983,8,7,4,1,2,7.0,50483,66,20,5,43,1.0,26.0,4,2,3,9.0,1977,9,2.0,0,1.0,4.0,390,211,6.0
201300029813,6,13,5,1,3,1.0,339,77,20,45,80,9.0,2.0,3,1,2,9.0,2012,1,2.0,14,0.0,1.0,709,76,5.0
200800074276,8,3,2,1,4,3.0,127,270,10,34,1,9.0,24.0,2,2,2,9.0,1975,3,0.0,40,1.0,0.0,72,32,0.0
201500042770,4,12,5,1,0,6.0,13015,29,17,53,11,3.0,7.0,1,1,3,5.0,1993,6,3.0,3,2.0,1.0,43,134,1.0
200800001710,8,5,5,1,9,5.0,31344,6,23,24,13,1.0,21.0,6,2,2,2.0,1933,9,2.0,30,1.0,0.0,25,315,0.0
200900033439,2,10,3,1,4,2.0,227,17,10,57,12,6.0,21.0,8,3,3,3.0,2000,9,2.0,16,2.0,0.0,960,102,8.0
201800003536,2,1,5,1,4,3.0,34282,25,13,15,80,1.0,12.0,8,1,3,1.0,1980,1,1.0,2,3.0,3.0,41,99,4.0
200500061947,6,12,2,2,9,4.0,26108,840,11,36,40,9.0,0.0,6,3,3,9.0,1997,4,4.0,12,2.0,1.0,72,109,1.0
200600011214,5,8,5,1,4,7.0,83012,1,23,30,1,1.0,13.0,3,1,2,0.0,1908,4,4.0,14,0.0,4.0,54,610,4.0
200600082755,6,26,5,1,9,2.0,3,490,13,41,36,4.0,5.0,6,3,2,9.0,1946,5,4.0,30,2.0,4.0,70,125,6.0
201200011933,11,20,5,1,3,1.0,103,710,23,22,50,0.0,13.0,2,3,1,1.0,2012,6,2.0,-1,0.0,3.0,136,27,4.0
201300044758,10,4,5,1,3,5.0,85008,5,16,35,15,7.0,1.0,10,1,3,3.0,1935,7,2.0,8,0.0,3.0,5,30,2.0
201500031170,6,1,5,1,4,3.0,26347,27,11,45,0,0.0,10.0,6,1,2,1.0,1913,4,2.0,1,0.0,2.0,2,66,5.0
201200043047,9,1,5,1,4,6.0,95028,88,15,50,39,4.0,0.0,8,2,2,2.0,1914,1,0.0,20,4.0,2.0,124,85,5.0
201300002380,8,29,5,1,3,5.0,113,780,15,8,21,7.0,19.0,7,2,2,3.0,1990,2,2.0,10,1.0,3.0,192,610,8.0
200700001469,3,9,2,1,1,4.0,91086,120,10,30,80,2.0,19.0,7,3,3,1.0,2004,2,2.0,20,4.0,1.0,11,163,6.0
200600007504,5,20,5,2,2,4.0,1142,21,15,57,10,0.0,4.0,6,2,1,0.0,1953,4,2.0,8,2.0,1.0,212,196,0.0
201900002218,8,4,5,1,2,6.0,71251,94,0,40,50,1.0,26.0,9,3,1,9.0,1956,5,2.0,30,3.0,0.0,19,324,6.0
200700004031,1,27,5,2,6,6.0,136,22,14,35,1,1.0,22.0,10,3,2,0.0,1908,4,2.0,10,2.0,4.0,279,89,0.0
201100002558,2,1,5,1,0,2.0,41173,270,14,33,17,3.0,10.0,6,1,3,0.0,1918,4,2.0,2,2.0,2.0,15,72,4.0
200700005118,4,19,4,1,8,4.0,233,710,16,8,99,7.0,16.0,10,1,1,4.0,1956,6,2.0,2,1.0,4.0,63,165,0.0
200500068626,6,8,4,1,1,7.0,386,60,10,59,21,9.0,10.0,5,1,1,4.0,1973,4,2.0,16,1.0,4.0,59,33,1.0
200900014986,12,23,3,2,8,5.0,31344,940,21,50,35,7.0,24.0,0,3,1,5.0,1986,3,2.0,-1,2.0,2.0,350,138,6.0
201400050011,7,4,4,2,0,2.0,136,440,15,20,38,9.0,18.0,0,3,3,0.0,1961,7,2.0,12,3.0,3.0,102,480,1.0
200800068329,6,31,4,2,7,3.0,98818,230,20,59,2,0.0,3.0,10,1,2,5.0,1956,2,4.0,6,3.0,4.0,36,122,3.0
200700000232,7,15,2,2,0,3.0,60338,860,19,25,34,1.0,22.0,4,1,3,0.0,1969,9,4.0,13,0.0,2.0,47,199,8.0
200700005997,5,25,5,1,8,7.0,38215,75,18,38,38,8.0,2.0,9,2,2,3.0,2016,6,4.0,6,1.0,2.0,2,197,5.0
200500011328,2,29,5,2,0,4.0,415,180,10,45,19,9.0,8.0,8,3,2,9.0,1969,3,1.0,50,3.0,0.0,26,127,0.0
201100063128,3,5,5,2,2,4.0,441,83,19,41,80,5.0,13.0,10,3,3,4.0,1908,5,2.0,26,2.0,0.0,5,320,5.0
200900020549,8,18,4,1,4,7.0,612,760,15,41,40,7.0,21.0,3,1,1,0.0,1999,4,1.0,8,3.0,0.0,215,410,3.0
201500058248,6,26,5,1,9,4.0,383,390,14,50,4,4.0,1.0,8,1,2,9.0,1947,2,2.0,9,0.0,2.0,61,190,2.0
200700049344,10,20,5,1,4,1.0,399,82,12,30,10,6.0,12.0,3,2,1,9.0,1986,6,2.0,3,3.0,0.0,119,180,6.0
200500024023,3,15,5,2,7,4.0,846,63,16,43,39,5.0,26.0,10,1,2,4.0,1923,2,2.0,9,0.0,3.0,106,156,0.0
200600004088,4,15,5,1,1,2.0,62528,5,21,5,2,9.0,19.0,10,1,3,2.0,1972,5,2.0,36,1.0,4.0,225,540,2.0
200900073003,6,6,3,1,4,2.0,13215,800,12,40,40,2.0,21.0,9,3,1,3.0,1944,4,2.0,14,0.0,2.0,135,43,3.0
201200019781,12,19,5,2,5,4.0,220,79,21,50,14,5.0,18.0,8,1,1,4.0,1941,2,2.0,50,2.0,1.0,450,198,8.0
200700019044,6,9,5,1,2,2.0,389,81,21,45,17,0.0,22.0,2,3,3,1.0,1957,6,2.0,11,3.0,2.0,114,243,8.0
200600071264,8,19,5,1,0,3.0,18205,33,15,50,10,2.0,17.0,8,3,1,0.0,1931,5,2.0,6,3.0,2.0,124,141,8.0
200600000632,9,28,5,2,7,3.0,94069,69,13,36,39,0.0,17.0,4,1,3,4.0,1937,9,2.0,26,4.0,0.0,59,254,2.0
200900054020,1,29,2,2,8,6.0,93007,56,13,43,39,6.0,6.0,7,2,2,2.0,1935,1,2.0,40,4.0,3.0,82,92,4.0
201600049910,11,19,5,1,9,3.0,69384,74,22,34,31,0.0,14.0,5,3,2,2.0,2003,4,2.0,30,4.0,1.0,12,131,4.0
201400052401,4,25,2,2,5,3.0,85067,85,20,34,20,5.0,2.0,2,1,1,2.0,1958,5,0.0,20,1.0,2.0,450,113,4.0
201800040782,1,3,2,1,8,1.0,66003,850,17,57,42,6.0,5.0,2,1,3,9.0,1950,3,2.0,4,1.0,0.0,69,570,6.0
201300004423,9,29,2,1,5,7.0,488,41,16,41,38,3.0,12.0,2,3,1,9.0,2009,1,2.0,-1,1.0,0.0,141,59,8.0
201800046759,5,31,5,1,5,4.0,37184,91,21,10,2,1.0,14.0,4,2,1,1.0,1963,6,4.0,10,2.0,2.0,132,137,4.0
200900019934,3,3,5,1,9,1.0,387,28,17,21,15,1.0,1.0,10,3,3,0.0,1941,9,4.0,-1,2.0,4.0,120,380,6.0
201900056277,12,9,5,2,7,4.0,58057,33,14,33,80,3.0,4.0,2,3,1,3.0,2008,4,2.0,2,0.0,0.0,53,282,3.0
200800068160,4,20,4,2,0,3.0,94046,58,0,41,3,4.0,9.0,8,3,2,1.0,2003,2,2.0,10,0.0,2.0,95,3,3.0
200900049635,2,14,5,2,6,4.0,621,87,23,24,16,9.0,8.0,7,3,2,3.0,1977,6,2.0,20,0.0,0.0,122,450,8.0
200600081201,6,18,5,1,7,4.0,93073,630,20,25,36,7.0,1.0,10,2,2,2.0,1939,7,3.0,2,3.0,3.0,248,164,1.0
200700062795,7,9,5,1,4,1.0,39,971,11,25,18,4.0,8.0,7,3,3,1.0,1976,6,0.0,30,4.0,0.0,39,80,3.0
201100013038,9,24,3,2,3,3.0,686,570,12,43,99,4.0,16.0,6,3,1,4.0,1986,9,2.0,3,1.0,2.0,280,58,8.0
200600030678,3,10,5,1,7,5.0,739,988,16,59,3,1.0,23.0,0,2,1,4.0,2007,3,2.0,2,3.0,1.0,212,169,3.0
201700035672,2,17,5,1,7,6.0,62718,7,11,8,20,9.0,18.0,2,1,3,1.0,1933,3,2.0,11,4.0,3.0,132,250,4.0
200500072312,12,21,5,1,5,7.0,371,570,23,8,30,7.0,14.0,0,2,1,1.0,1927,6,4.0,8,2.0,2.0,280,182,0.0
201500022404,2,7,5,1,7,6.0,623,320,19,11,13,1.0,0.0,1,2,2,4.0,2004,9,0.0,12,3.0,0.0,99,148,0.0
201100020718,12,15,5,2,0,1.0,79213,201,0,34,11,2.0,16.0,4,2,3,1.0,1961,9,2.0,1,2.0,0.0,59,910,4.0
201000048281,5,18,5,2,0,2.0,68338,26,20,38,11,1.0,9.0,1,3,2,0.0,1973,6,2.0,9,2.0,3.0,1,28,4.0
201200012151,2,15,5,1,9,6.0,789,13,17,38,42,1.0,26.0,10,3,3,2.0,2016,7,0.0,26,4.0,2.0,135,247,3.0
200900020828,8,19,5,1,4,6.0,640,62,19,57,42,4.0,12.0,6,2,2,1.0,1941,5,2.0,0,1.0,0.0,390,141,1.0
200500024342,8,3,5,1,4,4.0,638,720,0,34,4,4.0,9.0,6,3,3,9.0,1946,7,4.0,11,1.0,2.0,100,140,2.0
201500049738,10,13,2,1,7,7.0,59646,21,17,40,3,4.0,0.0,5,3,2,0.0,2004,4,2.0,9,2.0,2.0,153,355,1.0
201400000842,5,27,5,2,1,7.0,34020,710,12,40,16,8.0,19.0,8,1,1,4.0,2013,2,2.0,26,2.0,2.0,223,200,1.0
200700049920,4,24,5,2,3,1.0,309,700,20,41,99,6.0,18.0,6,1,1,4.0,1927,2,2.0,40,0.0,1.0,50,780,1.0
201700019151,3,8,4,1,8,2.0,92049,190,18,15,10,1.0,1.0,0,1,2,5.0,1941,2,2.0,6,1.0,1.0,103,590,1.0
200800043035,5,13,5,2,2,4.0,75109,100,17,30,8,3.0,24.0,6,2,1,1.0,1989,7,2.0,7,0.0,3.0,220,227,4.0
201400019043,9,24,4,1,3,1.0,517,84,14,15,13,1.0,0.0,10,3,1,3.0,2016,1,0.0,3,3.0,2.0,142,213,5.0
201300045234,9,19,5,2,0,7.0,91201,12,23,15,2,7.0,20.0,3,3,3,4.0,1963,6,0.0,50,4.0,4.0,119,23,3.0
201800050168,2,4,2,2,7,5.0,85288,25,18,11,42,8.0,17.0,3,2,3,0.0,2009,5,4.0,0,2.0,2.0,280,134,4.0
200700069982,5,8,4,2,7,1.0,70550,38,16,55,36,5.0,3.0,2,2,2,9.0,1940,2,2.0,20,2.0,2.0,53,700,5.0
200700018551,7,25,5,1,8,7.0,62812,140,22,50,1,3.0,13.0,2,3,1,5.0,1973,6,2.0,3,1.0,2.0,99,22,8.0
201500018571,12,23,2,2,4,1.0,63052,220,17,10,2,8.0,3.0,2,1,3,1.0,1934,3,2.0,9,3.0,3.0,0,250,8.0
200900045634,7,19,5,2,7,5.0,37108,630,14,33,60,1.0,14.0,6,2,3,1.0,1962,3,2.0,12,4.0,1.0,182,216,2.0
201000030252,1,22,5,1,5,4.0,151,890,13,55,9,7.0,17.0,10,3,3,5.0,1950,6,2.0,2,1.0,1.0,53,920,0.0
201400013634,9,11,5,2,5,5.0,10325,31,21,50,12,7.0,3.0,9,2,2,0.0,1984,3,2.0,14,0.0,3.0,180,270,4.0
200800042270,4,15,1,2,2,4.0,752,46,10,30,40,8.0,24.0,1,2,3,0.0,1965,6,2.0,9,0.0,2.0,44,409,2.0
201800010234,11,22,2,2,9,6.0,487,780,18,55,14,8.0,10.0,7,1,2,3.0,1923,6,4.0,3,1.0,0.0,114,31,8.0
201300007088,3,1,5,2,7,7.0,70550,22,18,0,6,4.0,16.0,3,3,2,1.0,2018,1,2.0,6,0.0,0.0,22,532,8.0
201400027944,4,13,2,1,8,5.0,179,620,12,55,42,3.0,19.0,5,2,3,2.0,2001,7,2.0,-1,1.0,4.0,94,640,5.0
200700033866,12,12,5,1,9,2.0,320,35,16,41,30,4.0,2.0,2,2,1,5.0,2011,2,2.0,-1,0.0,0.0,247,172,5.0
201900052548,1,24,5,1,3,3.0,345,988,20,8,80,1.0,1.0,8,1,3,0.0,1972,1,2.0,50,0.0,2.0,41,860,0.0
200900030686,5,16,2,2,5,6.0,738,430,22,34,60,2.0,3.0,10,2,3,0.0,1986,6,0.0,13,2.0,3.0,600,173,6.0
201000057447,12,28,5,1,7,2.0,67218,640,13,50,20,7.0,0.0,8,2,2,0.0,2000,7,2.0,0,2.0,4.0,223,520,5.0
200800017322,2,1,4,1,5,3.0,13055,490,0,17,4,1.0,23.0,7,1,3,4.0,1915,1,2.0,3,0.0,2.0,513,164,6.0
200600019369,10,3,5,2,8,1.0,138,60,16,45,0,2.0,25.0,5,2,2,4.0,1911,1,2.0,40,2.0,1.0,29,52,4.0
201500027277,4,1,5,1,8,1.0,62693,320,0,17,34,8.0,3.0,9,1,2,4.0,2015,2,2.0,-1,0.0,0.0,225,88,1.0
200600004507,6,14,3,2,6,1.0,6113,201,20,5,2,7.0,22.0,8,1,2,0.0,1985,2,3.0,-1,2.0,4.0,24,138,5.0
201500029027,10,24,5,1,9,1.0,294,190,15,38,6,7.0,13.0,4,1,3,2.0,1936,4,2.0,50,0.0,1.0,147,96,4.0
200800012897,6,14,5,1,5,4.0,31149,190,12,55,43,6.0,16.0,4,1,1,2.0,1946,6,2.0,50,1.0,2.0,98,198,2.0
200500018206,10,29,5,2,6,5.0,241,56,13,15,20,2.0,2.0,6,2,2,9.0,1977,3,2.0,13,0.0,1.0,120,107,8.0
201900053590,3,17,5,2,6,5.0,83023,90,20,22,15,2.0,20.0,10,2,1,0.0,1963,9,2.0,2,3.0,0.0,47,85,0.0
201000064098,1,5,5,1,0,1.0,91479,360,17,0,7,6.0,10.0,8,2,2,3.0,1971,9,2.0,8,3.0,2.0,600,89,6.0
201300013678,12,9,5,1,5,5.0,33063,170,11,8,30,4.0,15.0,7,3,1,1.0,1926,3,2.0,20,3.0,0.0,137,95,1.0
200800011594,2,6,5,1,4,7.0,28177,510,16,35,99,9.0,7.0,4,2,1,0.0,1934,2,0.0,16,4.0,4.0,118,570,1.0
201100014995,1,27,5,2,1,4.0,714,41,22,45,35,4.0,1.0,3,2,3,1.0,2003,9,2.0,36,2.0,0.0,960,409,4.0
201800014337,12,6,5,1,1,7.0,18,66,12,35,20,4.0,18.0,4,3,2,9.0,1929,3,2.0,7,2.0,0.0,135,178,8.0
200900072659,3,24,3,1,8,2.0,45315,971,22,57,37,5.0,14.0,0,1,2,2.0,1918,7,2.0,8,4.0,2.0,44,152,1.0
201000054757,11,7,5,1,1,2.0,214,130,22,17,5,4.0,18.0,7,2,3,5.0,1925,7,2.0,3,1.0,1.0,450,830,8.0
200700012362,7,27,5,2,1,2.0,2173,20,18,11,42,5.0,15.0,8,2,3,9.0,1910,5,0.0,2,2.0,3.0,106,660,0.0
200700075126,5,20,5,2,4,6.0,180,340,21,55,39,3.0,2.0,8,3,3,1.0,1977,7,3.0,50,4.0,3.0,71,490,0.0
201600004471,4,12,1,2,4,1.0,384,66,16,35,0,6.0,17.0,10,2,3,5.0,1922,9,2.0,2,1.0,0.0,45,216,1.0
201000021503,3,18,5,2,2,4.0,84,976,11,40,2,2.0,5.0,9,2,3,3.0,1996,3,2.0,10,3.0,2.0,5,950,1.0
200700075619,4,17,5,1,0,3.0,60,170,14,43,99,8.0,9.0,0,3,3,4.0,1953,7,2.0,6,4.0,1.0,65,130,4.0
200900046888,12,20,3,2,5,4.0,494,29,22,33,4,9.0,9.0,0,1,3,5.0,1972,7,2.0,50,0.0,4.0,37,212,3.0
200500081541,9,7,2,1,8,1.0,747,75,17,24,13,8.0,10.0,1,1,1,9.0,1932,7,2.0,2,2.0,0.0,101,146,8.0
201200009193,11,30,5,2,2,7.0,149,220,12,45,33,8.0,16.0,8,2,3,4.0,1920,7,2.0,2,0.0,3.0,79,202,0.0
200600011781,9,25,5,2,8,5.0,659,800,0,34,34,7.0,5.0,2,3,3,3.0,1925,9,2.0,36,0.0,2.0,153,275,2.0
201700022275,4,10,5,1,9,5.0,624,590,21,59,9,5.0,19.0,10,3,2,0.0,1976,3,4.0,40,3.0,3.0,84,91,6.0
200500038013,11,7,1,1,3,5.0,533,800,11,50,1,7.0,12.0,9,3,2,5.0,2008,6,0.0,20,4.0,4.0,19,313,5.0
201600021961,12,27,5,2,9,1.0,624,320,18,15,40,6.0,9.0,4,1,3,9.0,1992,9,2.0,6,2.0,3.0,45,171,4.0
201100056766,9,15,5,2,3,4.0,6088,420,15,57,40,3.0,16.0,8,3,2,2.0,1979,1,2.0,1,3.0,3.0,192,131,5.0
200700045646,10,12,5,2,6,7.0,37208,550,19,30,80,5.0,24.0,3,3,2,3.0,1981,7,4.0,12,4.0,0.0,50,430,5.0
200800008167,12,29,5,2,3,3.0,163,973,18,50,30,2.0,25.0,0,2,3,4.0,1958,3,2.0,13,0.0,3.0,49,216,1.0
201500005761,4,8,5,1,3,1.0,125,56,22,59,43,7.0,15.0,5,1,1,4.0,1966,3,3.0,30,3.0,3.0,86,760,0.0
200900074398,6,19,5,1,7,4.0,29019,76,13,55,42,2.0,13.0,7,3,1,5.0,1984,2,4.0,10,3.0,0.0,143,365,1.0
200900035789,2,3,5,2,5,4.0,275,91,20,15,14,6.0,13.0,3,2,3,5.0,2014,1,2.0,40,1.0,4.0,135,64,4.0
200500071475,3,17,5,2,5,3.0,163,26,23,40,6,9.0,18.0,9,3,1,0.0,1929,6,2.0,12,0.0,1.0,50,800,3.0
200900022294,12,12,2,2,9,2.0,462,93,21,20,21,1.0,9.0,4,1,3,4.0,1929,4,2.0,6,4.0,1.0,510,142,5.0
201100007699,7,27,3,1,4,6.0,437,80,18,55,36,9.0,22.0,5,3,3,3.0,2004,4,0.0,12,4.0,4.0,114,970,4.0
200500011924,7,31,3,2,4,2.0,383,973,15,8,40,8.0,24.0,9,1,2,9.0,1934,9,4.0,30,1.0,0.0,364,154,4.0
200800011908,4,10,5,1,9,6.0,653,130,19,17,13,7.0,20.0,1,3,3,9.0,2011,7,0.0,6,0.0,0.0,56,74,6.0
200700083831,7,23,5,1,9,5.0,215,610,22,36,9,8.0,26.0,0,3,3,5.0,1995,7,2.0,14,4.0,4.0,406,425,3.0
200700045644,6,7,5,2,2,2.0,715,24,22,57,31,5.0,25.0,1,1,1,5.0,1945,7,2.0,5,2.0,4.0,107,27,5.0
201300031638,6,30,5,1,8,2.0,34242,810,0,35,31,2.0,7.0,10,2,2,2.0,1998,1,2.0,30,1.0,0.0,29,165,0.0
201300034794,10,23,5,2,1,1.0,95116,550,16,21,30,1.0,25.0,1,1,1,5.0,1995,4,2.0,4,3.0,4.0,182,384,1.0
201500044400,12,13,5,1,3,7.0,53,270,21,41,30,5.0,20.0,1,1,1,4.0,1956,4,2.0,8,4.0,1.0,340,13,2.0
200500081296,3,10,5,1,3,1.0,46201,910,18,53,6,3.0,7.0,3,1,2,9.0,1949,4,1.0,5,2.0,0.0,22,21,1.0
200600045875,1,14,5,2,9,2.0,57106,93,12,59,15,3.0,22.0,8,1,1,9.0,1982,9,3.0,0,1.0,3.0,40,420,8.0
201800045541,12,9,5,1,8,7.0,579,75,15,20,33,8.0,1.0,9,1,2,4.0,1917,4,4.0,5,4.0,3.0,113,900,3.0
200900053139,3,17,5,1,6,1.0,34242,120,19,38,43,0.0,1.0,2,2,3,0.0,1966,6,2.0,9,0.0,3.0,165,132,5.0
201200013544,8,1,5,2,2,6.0,145,800,0,22,5,1.0,14.0,4,3,3,4.0,1962,5,3.0,36,3.0,4.0,26,164,2.0
201300011901,11,17,3,1,8,2.0,2,86,14,43,39,0.0,0.0,0,3,2,3.0,1948,4,2.0,40,4.0,0.0,12,915,1.0
200800024750,3,1,5,1,5,5.0,318,77,11,0,5,1.0,26.0,2,2,2,9.0,1965,1,2.0,-1,2.0,3.0,47,83,3.0
200700045821,7,8,5,2,8,5.0,94052,280,10,30,33,3.0,19.0,8,1,2,3.0,1980,2,2.0,30,3.0,1.0,143,78,8.0
200500036003,3,10,5,1,5,1.0,609,780,13,21,14,4.0,23.0,0,2,3,2.0,1931,2,2.0,9,3.0,1.0,0,570,2.0
201100062323,12,15,5,1,1,2.0,39197,1,19,40,50,5.0,1.0,8,1,3,0.0,2010,5,2.0,8,1.0,0.0,76,350,5.0
200500074361,9,3,5,1,7,6.0,95424,270,19,57,21,4.0,23.0,8,3,1,5.0,1942,3,4.0,6,4.0,0.0,450,222,4.0
200600011611,5,27,1,1,1,4.0,35278,46,16,53,40,4.0,22.0,1,2,2,2.0,2005,1,0.0,0,4.0,4.0,8,193,5.0
200900014242,10,6,5,2,2,4.0,78206,33,17,0,36,3.0,17.0,5,1,2,5.0,2019,6,2.0,14,0.0,0.0,127,129,4.0
200700021332,9,14,5,1,2,7.0,80021,560,16,57,42,4.0,0.0,7,2,2,9.0,1987,9,1.0,36,3.0,1.0,31,128,2.0
201100046939,11,11,5,1,0,2.0,731,6,20,57,50,6.0,0.0,1,1,3,3.0,1943,3,4.0,0,1.0,3.0,960,79,4.0
201300045407,5,2,1,1,6,6.0,346,56,15,15,14,4.0,24.0,2,1,1,5.0,1943,9,2.0,6,4.0,4.0,390,70,6.0
200500023385,11,2,5,2,9,4.0,243,780,17,24,5,4.0,18.0,10,2,2,3.0,1917,3,2.0,13,1.0,4.0,260,191,8.0
201200062146,6,2,1,2,0,1.0,50165,39,15,41,13,9.0,26.0,1,2,3,0.0,1900,2,3.0,8,3.0,2.0,97,312,8.0
200600041646,7,28,5,1,2,7.0,282,850,14,15,5,1.0,22.0,4,2,1,9.0,1928,1,2.0,36,4.0,2.0,50,57,8.0
201000002692,4,4,5,2,6,7.0,69227,45,21,38,42,2.0,23.0,7,3,3,4.0,1938,3,2.0,20,2.0,2.0,80,655,3.0
200600013041,7,27,1,2,5,7.0,652,69,23,41,5,0.0,21.0,3,3,2,1.0,1976,5,4.0,6,3.0,2.0,61,135,0.0
201000039722,7,1,3,1,9,3.0,91689,220,11,0,32,1.0,13.0,10,2,3,3.0,1979,9,3.0,16,4.0,2.0,72,161,8.0
201800030824,5,27,5,2,8,2.0,725,640,22,17,16,1.0,14.0,8,3,1,9.0,2010,6,2.0,6,1.0,3.0,300,120,4.0
200800032323,10,11,5,1,3,3.0,130,4,18,25,15,7.0,23.0,1,2,1,2.0,1981,6,3.0,-1,3.0,2.0,390,740,3.0
201400041754,12,24,2,1,3,3.0,640,700,11,25,3,5.0,6.0,10,2,1,1.0,0,3,2.0,30,2.0,3.0,207,198,4.0