num_acc,mois,jour,lum,agg,int,col,com,dep,hr,mn,catv,choc,manv,place,catu,grav,trajet,an_nais,catr,circ,nbv,prof,plan,lartpc,larrout,situ
201300011396,2,20,5,1,2,6.0,36139,560,23,30,10,9.0,9.0,0,2,3,9.0,1948,9,2.0,16,2.0,3.0,225,214,8.0
201000002761,9,23,5,1,3,2.0,730,950,15,45,35,1.0,16.0,0,2,1,2.0,1986,1,3.0,26,2.0,1.0,67,14,2.0
200900008313,11,3,5,1,0,1.0,40267,35,19,50,31,6.0,13.0,2,2,3,3.0,2018,3,2.0,12,2.0,2.0,12,282,5.0
201000022002,6,11,5,2,6,2.0,53240,17,19,22,8,6.0,0.0,3,1,3,3.0,1928,7,2.0,0,4.0,4.0,340,490,2.0
200800072833,9,24,5,1,5,6.0,10387,17,22,53,21,0.0,8.0,0,3,2,2.0,1987,1,2.0,1,2.0,1.0,900,146,1.0
200700047159,6,4,5,2,5,5.0,529,46,21,41,32,3.0,11.0,3,3,2,3.0,2001,7,2.0,11,4.0,0.0,194,154,2.0
201500058043,1,27,5,2,0,1.0,676,480,19,5,99,7.0,19.0,4,3,1,5.0,1968,5,2.0,12,4.0,4.0,16,375,6.0
200500067148,7,3,5,2,2,4.0,69175,1000,0,33,10,8.0,5.0,9,1,1,4.0,1913,9,2.0,14,2.0,4.0,58,14,4.0
201600003427,8,26,5,2,2,5.0,29019,690,0,11,33,3.0,23.0,5,1,2,3.0,1914,5,0.0,6,3.0,1.0,86,910,0.0
201400015436,3,14,5,2,3,6.0,533,2,17,25,2,7.0,4.0,4,2,1,2.0,1975,9,2.0,1,3.0,3.0,340,190,2.0
201300028065,1,4,5,2,4,6.0,92063,82,13,36,14,1.0,14.0,3,3,3,4.0,1923,2,4.0,1,3.0,1.0,135,61,2.0
201800007143,10,30,5,2,8,1.0,134,35,23,15,31,0.0,11.0,7,3,2,3.0,1953,3,1.0,16,4.0,2.0,110,116,5.0
200800058580,1,27,5,1,3,4.0,69264,530,19,22,31,4.0,19.0,4,2,2,5.0,1967,3,2.0,11,4.0,3.0,97,314,6.0
200700060677,4,10,5,1,2,5.0,39,79,10,41,5,8.0,14.0,6,3,3,9.0,1946,4,2.0,5,0.0,1.0,71,67,5.0
201600026084,12,2,5,1,6,2.0,351,19,19,15,80,6.0,24.0,0,1,1,1.0,1930,5,2.0,14,0.0,2.0,74,920,5.0
201000043294,9,18,5,2,5,7.0,64189,440,14,41,50,3.0,3.0,4,3,2,0.0,1959,3,2.0,-1,2.0,4.0,14,109,1.0
201700051238,8,27,5,2,3,5.0,23,62,23,36,20,4.0,11.0,1,3,1,3.0,2003,3,2.0,3,3.0,2.0,120,57,0.0
201100056517,7,16,5,1,4,1.0,91521,83,11,33,80,6.0,9.0,2,1,2,3.0,1984,9,2.0,50,4.0,1.0,71,215,0.0
200500066573,5,21,2,2,6,5.0,353,1001,14,10,34,1.0,19.0,8,2,2,3.0,1946,5,2.0,6,0.0,1.0,17,35,5.0
201100058279,8,18,5,2,2,1.0,258,13,14,20,42,5.0,21.0,3,1,1,4.0,1917,2,4.0,-1,1.0,2.0,37,46,2.0
200700015854,6,9,5,1,0,4.0,685,987,17,10,80,8.0,1.0,10,2,3,9.0,1934,9,2.0,5,2.0,1.0,11,310,6.0
200900037698,4,28,5,2,9,5.0,817,520,20,43,4,7.0,13.0,9,1,3,9.0,1951,4,2.0,0,4.0,2.0,247,210,5.0
201800040404,8,20,5,2,5,2.0,41161,25,22,57,36,1.0,5.0,6,2,1,5.0,1917,6,4.0,13,0.0,4.0,390,159,5.0
200900070334,8,29,3,2,6,3.0,597,160,23,0,19,5.0,4.0,2,1,3,4.0,1979,3,2.0,11,1.0,4.0,79,83,0.0
201700060223,3,23,1,1,9,1.0,94028,520,20,24,40,1.0,12.0,0,3,1,9.0,2012,3,2.0,14,1.0,2.0,67,172,6.0
200700076809,5,17,5,2,2,6.0,462,86,12,45,38,7.0,5.0,8,3,1,3.0,1979,7,2.0,50,4.0,3.0,74,265,0.0
201100037325,6,17,5,2,2,6.0,49301,40,17,15,35,4.0,23.0,3,1,1,9.0,2009,4,2.0,50,0.0,3.0,240,158,3.0
201000005257,7,11,2,1,1,1.0,19005,55,12,11,10,1.0,15.0,0,3,3,5.0,1959,4,3.0,2,0.0,2.0,128,131,1.0
201000007352,8,10,3,1,3,6.0,34199,67,10,15,35,1.0,26.0,7,2,3,4.0,1999,1,0.0,10,4.0,2.0,35,315,5.0
201700038434,2,2,3,1,7,5.0,37261,800,10,33,0,5.0,17.0,7,2,3,5.0,1974,6,2.0,40,2.0,2.0,6,124,3.0
200500020661,11,25,5,2,2,5.0,328,75,14,59,42,8.0,12.0,6,1,1,1.0,1992,6,2.0,1,0.0,1.0,197,300,4.0
200800051619,11,27,5,2,9,4.0,210,1000,12,34,42,6.0,20.0,3,3,2,3.0,2017,9,2.0,16,2.0,3.0,250,186,8.0
200600064002,11,11,5,1,0,7.0,48198,30,12,8,12,2.0,18.0,8,3,2,3.0,1950,3,2.0,10,3.0,3.0,132,173,8.0
200700045761,10,24,3,1,1,6.0,44044,350,15,34,80,5.0,8.0,4,1,2,2.0,2009,6,2.0,0,1.0,3.0,110,121,6.0
200500043712,10,15,5,1,5,5.0,577,350,13,35,32,3.0,23.0,3,1,3,3.0,1989,7,3.0,16,0.0,0.0,247,162,8.0
200700032290,10,7,3,2,8,4.0,13055,270,0,11,60,8.0,21.0,7,2,2,9.0,2015,9,2.0,4,3.0,0.0,11,675,8.0
201600028818,7,4,5,1,1,7.0,14119,520,21,17,35,9.0,4.0,9,2,2,4.0,1962,2,2.0,20,2.0,3.0,147,212,5.0
200800055451,10,27,4,1,6,6.0,59343,490,22,35,1,2.0,7.0,9,1,1,0.0,2014,2,4.0,10,4.0,1.0,95,118,1.0
200900022463,5,5,1,1,3,7.0,70,87,16,57,99,3.0,24.0,9,3,3,1.0,1987,1,3.0,20,2.0,0.0,96,250,6.0
201400015860,1,8,5,2,6,4.0,488,70,23,36,19,2.0,16.0,6,3,3,4.0,1942,3,2.0,2,3.0,3.0,109,21,4.0
200700057424,1,1,5,1,7,7.0,460,67,14,5,38,7.0,10.0,5,2,1,3.0,1999,6,2.0,4,3.0,4.0,406,655,4.0
201500035861,6,21,5,2,9,6.0,14,640,13,15,15,7.0,25.0,6,3,3,1.0,1943,4,2.0,40,2.0,3.0,51,830,1.0
201900057524,1,29,4,2,0,6.0,162,610,0,55,30,2.0,20.0,7,3,3,4.0,1947,9,0.0,1,4.0,0.0,54,248,0.0
201300036192,3,9,5,2,5,3.0,679,83,21,24,16,4.0,12.0,3,2,3,0.0,1959,2,0.0,36,4.0,4.0,61,257,0.0
201200028313,8,1,5,2,2,7.0,16,65,10,5,6,7.0,8.0,10,1,3,3.0,1997,1,4.0,20,2.0,4.0,61,185,4.0
201800007457,9,14,2,1,1,7.0,6088,94,18,33,31,6.0,8.0,6,1,3,5.0,1987,6,2.0,16,2.0,2.0,240,68,2.0
201600051117,9,18,5,2,1,7.0,62548,240,20,34,18,0.0,0.0,5,2,3,5.0,1967,2,2.0,5,1.0,1.0,30,110,0.0
201200018181,12,14,5,1,9,3.0,54115,62,11,5,40,7.0,24.0,5,1,1,9.0,1916,7,2.0,36,2.0,1.0,67,77,3.0
200700017932,6,7,5,1,7,7.0,94068,320,10,50,0,4.0,12.0,6,1,3,9.0,1945,2,0.0,3,0.0,3.0,78,162,4.0
201100028417,8,27,5,2,3,6.0,150,56,12,5,16,5.0,13.0,3,2,2,4.0,1961,9,1.0,12,1.0,0.0,20,183,2.0
200500025481,11,22,5,1,9,2.0,580,550,12,22,33,1.0,2.0,0,3,1,2.0,1949,3,2.0,12,0.0,0.0,22,770,0.0
200800047271,4,23,5,2,0,7.0,547,202,20,35,8,8.0,25.0,2,2,2,1.0,1905,3,2.0,20,4.0,0.0,90,425,4.0
201700015292,10,17,1,2,4,1.0,544,91,15,21,42,4.0,1.0,9,1,3,1.0,1970,4,2.0,1,1.0,3.0,280,515,5.0
200700013340,6,3,5,2,4,7.0,37184,86,20,34,5,3.0,2.0,9,1,2,9.0,1973,4,2.0,5,3.0,2.0,11,115,5.0
200600083143,6,7,3,2,2,6.0,37159,974,16,0,13,8.0,26.0,5,1,2,2.0,1983,7,2.0,0,0.0,0.0,161,17,3.0
201800047478,6,22,5,2,8,3.0,30011,13,21,45,33,5.0,23.0,5,1,3,0.0,2002,1,2.0,26,1.0,3.0,99,3,4.0
201000010170,6,15,3,2,1,7.0,546,570,12,36,42,3.0,23.0,10,3,3,3.0,1976,3,2.0,26,2.0,4.0,97,95,3.0
200900007637,6,1,5,2,2,3.0,505,370,22,17,7,8.0,25.0,1,3,3,0.0,1933,2,2.0,6,1.0,1.0,40,23,6.0
201400030501,7,29,5,2,0,6.0,51428,830,19,41,18,2.0,7.0,3,2,3,5.0,1984,4,2.0,3,4.0,4.0,47,505,2.0
200500030803,1,10,5,2,6,3.0,395,570,11,53,2,3.0,8.0,9,2,3,1.0,1943,3,2.0,26,0.0,2.0,77,50,0.0
200700055404,7,9,3,2,0,1.0,80001,92,22,43,33,5.0,8.0,1,2,3,3.0,1976,9,2.0,6,0.0,1.0,200,505,6.0
200500055622,11,15,4,1,7,5.0,58,86,21,59,2,7.0,17.0,9,1,1,4.0,1975,4,0.0,13,3.0,1.0,205,40,0.0
200700070673,2,8,5,2,0,7.0,552,4,15,36,2,9.0,26.0,5,2,1,3.0,2016,1,2.0,8,3.0,0.0,105,158,0.0
201900005670,11,13,5,2,3,6.0,667,210,17,53,36,2.0,24.0,1,3,3,4.0,1944,9,2.0,26,4.0,0.0,7,46,2.0
200900021154,10,20,5,2,3,2.0,3,27,20,8,14,6.0,12.0,10,2,3,5.0,1963,6,0.0,3,0.0,2.0,900,312,6.0
200600029080,4,31,5,1,9,5.0,574,530,21,35,8,3.0,19.0,1,1,1,0.0,1910,2,0.0,50,0.0,3.0,132,123,6.0
201300043800,5,3,5,1,2,3.0,207,150,18,25,99,1.0,8.0,1,3,2,1.0,1924,7,2.0,10,3.0,2.0,8,156,2.0
201700055259,5,24,4,2,5,5.0,6113,987,11,17,12,2.0,23.0,3,1,1,4.0,1957,7,1.0,9,1.0,3.0,75,9,1.0
200900013293,4,1,5,1,5,1.0,281,220,11,36,4,8.0,11.0,6,1,1,2.0,1971,2,2.0,2,1.0,0.0,650,175,2.0
201000056802,3,16,5,1,5,2.0,324,45,13,11,38,5.0,26.0,0,2,1,5.0,1962,7,2.0,40,4.0,2.0,146,67,4.0
200700055395,5,30,5,2,8,3.0,578,920,10,30,60,4.0,15.0,2,1,3,1.0,1909,4,2.0,1,0.0,0.0,147,655,3.0
200500044107,1,31,5,1,1,4.0,592,880,22,50,17,7.0,25.0,2,1,1,4.0,1969,6,2.0,9,4.0,1.0,70,41,5.0
200700050092,4,1,5,2,8,5.0,374,710,16,17,30,3.0,11.0,5,1,2,0.0,1942,3,2.0,11,1.0,0.0,900,1,4.0
201400033635,6,2,3,1,5,3.0,644,24,15,8,39,8.0,25.0,9,2,3,0.0,1994,1,2.0,26,0.0,0.0,79,203,4.0
201300018283,12,22,2,1,9,4.0,77152,72,0,11,40,9.0,21.0,8,2,3,0.0,1991,1,2.0,-1,2.0,1.0,76,515,2.0
201100049410,9,29,5,2,8,7.0,19,670,15,5,6,9.0,25.0,8,3,3,5.0,1997,2,2.0,16,4.0,2.0,279,195,6.0
201100055085,9,26,4,1,8,4.0,465,57,17,22,15,7.0,17.0,9,2,3,0.0,1976,6,2.0,-1,4.0,0.0,90,249,3.0
201000046506,7,11,5,2,8,1.0,40111,30,10,22,4,5.0,22.0,2,1,3,0.0,1914,7,2.0,0,3.0,4.0,146,91,6.0
201700011304,1,29,5,2,4,6.0,660,8,18,21,60,4.0,20.0,2,3,1,0.0,1932,7,2.0,-1,1.0,0.0,247,52,0.0
201800029397,12,28,5,1,0,5.0,37159,10,15,5,15,2.0,5.0,3,3,1,3.0,1914,3,2.0,36,1.0,3.0,104,85,5.0
200900026081,3,30,5,2,1,4.0,638,202,16,38,2,7.0,10.0,7,3,1,1.0,1974,9,2.0,0,4.0,4.0,7,231,2.0
201500009278,1,3,5,1,4,3.0,42,5,15,21,3,4.0,2.0,3,1,1,4.0,2002,1,2.0,16,3.0,3.0,20,208,2.0
200900036559,5,10,4,1,1,3.0,339,1001,12,24,1,6.0,5.0,0,1,3,0.0,2001,2,2.0,36,1.0,1.0,53,590,8.0
201400009315,7,20,3,1,3,3.0,289,760,19,5,99,5.0,14.0,1,3,3,0.0,1900,2,2.0,4,1.0,1.0,251,110,3.0
200800071372,8,24,5,2,5,5.0,92022,820,22,43,8,7.0,14.0,9,2,1,3.0,2001,5,2.0,50,3.0,4.0,450,139,8.0
201700046716,8,21,5,1,1,5.0,421,440,22,21,17,8.0,5.0,2,1,3,4.0,1965,4,2.0,16,3.0,0.0,94,36,2.0
200600021988,6,3,5,1,2,3.0,354,540,11,57,99,6.0,4.0,7,1,3,0.0,1993,3,2.0,-1,3.0,4.0,30,136,2.0
201100041919,2,10,5,1,5,7.0,78623,58,20,11,18,2.0,25.0,8,3,3,9.0,1967,7,2.0,2,3.0,4.0,14,313,1.0
201500006093,4,11,5,1,8,5.0,389,9,15,53,34,6.0,1.0,5,3,1,5.0,1965,7,2.0,14,4.0,3.0,800,52,3.0
200500074744,2,28,2,1,5,2.0,94018,88,20,22,13,6.0,18.0,6,2,1,2.0,2016,4,2.0,26,4.0,3.0,27,128,8.0
200600050114,3,29,5,2,3,3.0,622,62,13,5,50,5.0,1.0,10,1,2,1.0,2016,5,3.0,2,1.0,4.0,504,505,0.0
200900002177,12,6,5,1,4,3.0,618,860,19,34,35,1.0,10.0,6,1,3,0.0,1971,5,1.0,4,0.0,0.0,160,268,1.0
201300036809,10,3,2,2,9,5.0,861,430,11,38,35,1.0,19.0,3,1,1,4.0,1987,9,2.0,40,3.0,1.0,350,62,3.0
201800056463,4,2,5,1,9,5.0,659,440,19,50,4,3.0,17.0,3,1,2,9.0,1987,1,2.0,3,4.0,1.0,146,196,3.0
201300053346,12,13,1,2,9,1.0,111,37,18,53,5,2.0,15.0,0,3,3,3.0,1974,2,2.0,0,3.0,0.0,0,116,2.0
200600015726,12,8,5,1,5,1.0,617,3,20,21,13,3.0,23.0,5,2,2,2.0,2007,1,2.0,5,2.0,0.0,182,144,8.0
200900007792,10,13,5,1,1,3.0,42338,38,15,59,35,4.0,21.0,6,2,2,4.0,1931,1,1.0,50,0.0,3.0,127,63,5.0
200500026502,2,2,1,2,2,7.0,211,560,19,24,8,6.0,15.0,4,3,3,0.0,1928,2,2.0,8,1.0,3.0,1,182,2.0
201200012678,4,1,5,2,1,5.0,558,49,18,50,38,5.0,15.0,3,3,3,1.0,1998,3,2.0,6,2.0,1.0,21,170,6.0
201400027406,3,23,3,1,2,1.0,150,110,20,40,39,2.0,16.0,4,1,3,4.0,1960,3,2.0,7,1.0,4.0,100,620,4.0
201700031786,12,7,5,2,1,1.0,664,290,20,57,42,6.0,9.0,4,3,3,9.0,1991,6,1.0,11,4.0,0.0,250,67,5.0
200700073581,9,26,5,1,4,6.0,157,67,12,59,50,3.0,9.0,2,1,1,4.0,1908,2,2.0,26,1.0,0.0,5,300,4.0
201500020177,4,10,1,2,7,7.0,0,390,16,53,17,2.0,19.0,3,3,3,9.0,1953,2,4.0,36,3.0,1.0,400,120,5.0
200500086855,9,29,5,2,4,7.0,94043,100,10,20,34,9.0,23.0,8,1,3,2.0,1979,9,2.0,16,0.0,3.0,98,780,5.0
201500008986,11,30,4,2,8,2.0,805,160,14,55,15,8.0,5.0,0,3,3,9.0,2010,2,2.0,12,3.0,0.0,106,655,5.0
200500057891,5,5,5,1,1,5.0,640,88,15,11,99,2.0,4.0,6,1,1,4.0,2008,1,2.0,7,4.0,0.0,182,36,8.0
200500043175,5,26,5,1,6,7.0,75104,430,19,40,39,6.0,17.0,3,3,2,1.0,1938,9,0.0,0,3.0,0.0,251,37,4.0
200600038439,7,25,5,2,3,5.0,325,630,11,17,0,5.0,6.0,7,3,1,2.0,2017,1,2.0,8,1.0,4.0,96,156,3.0
201600036249,2,11,4,1,2,4.0,543,21,21,20,99,1.0,20.0,1,2,2,3.0,1939,7,2.0,30,1.0,4.0,115,820,5.0
201500058341,12,18,2,2,8,4.0,73024,350,0,21,16,9.0,14.0,7,1,1,0.0,1957,6,2.0,4,4.0,0.0,45,34,4.0
201400000072,11,4,5,2,0,1.0,94018,76,12,45,15,3.0,6.0,5,2,3,3.0,2017,9,4.0,3,4.0,2.0,51,129,6.0
201700000775,6,17,5,1,9,3.0,48,220,16,53,17,4.0,10.0,4,3,3,4.0,2005,2,2.0,7,0.0,1.0,142,300,3.0
201600001269,1,20,1,2,7,3.0,1142,36,14,53,2,0.0,5.0,3,2,1,4.0,1930,3,2.0,36,2.0,3.0,0,218,2.0
201800047577,5,20,5,1,6,1.0,722,50,16,17,7,0.0,22.0,9,3,3,2.0,1940,7,2.0,3,2.0,4.0,30,20,4.0
200700008219,4,20,5,2,7,6.0,77385,590,0,57,15,0.0,5.0,9,3,3,1.0,2009,3,2.0,20,4.0,0.0,7,925,2.0
200900062502,2,5,2,1,9,5.0,137,41,23,36,10,7.0,6.0,5,2,2,3.0,1950,4,2.0,4,3.0,4.0,513,252,2.0
201600056784,2,31,4,2,3,5.0,81033,660,17,30,60,8.0,18.0,8,3,3,0.0,1905,3,4.0,26,4.0,4.0,63,815,6.0
201100063964,2,9,2,2,5,1.0,45068,1001,17,59,37,6.0,17.0,5,1,1,4.0,2015,1,3.0,10,1.0,0.0,135,204,2.0
200500007014,2,1,5,2,7,3.0,627,973,17,41,19,0.0,10.0,4,3,3,9.0,1926,7,2.0,20,1.0,4.0,56,272,4.0
201200045273,2,16,5,1,4,2.0,475,972,13,55,6,5.0,10.0,1,1,1,1.0,1954,2,2.0,0,1.0,4.0,28,999,3.0
201700054021,10,19,5,1,2,1.0,37233,5,22,30,9,0.0,17.0,0,2,3,2.0,2013,3,2.0,14,2.0,4.0,960,600,0.0
200800072070,10,16,5,2,4,7.0,92064,330,20,35,80,8.0,2.0,5,2,1,2.0,1935,7,2.0,16,3.0,0.0,62,400,2.0
200700077043,7,2,5,2,8,7.0,687,37,18,50,39,2.0,4.0,6,3,1,9.0,1973,6,2.0,10,1.0,0.0,25,680,5.0
201400028738,11,20,5,1,1,1.0,17306,410,19,30,12,3.0,9.0,0,2,2,1.0,1920,2,2.0,36,4.0,3.0,5,71,3.0
200900008008,5,16,5,1,7,2.0,12300,31,0,22,43,2.0,13.0,7,2,3,5.0,2008,2,2.0,8,1.0,2.0,960,163,0.0
200700072743,11,12,5,2,6,7.0,217,42,0,53,38,6.0,24.0,1,2,1,3.0,1929,3,2.0,8,2.0,1.0,173,315,1.0
201300007001,8,20,5,2,2,4.0,749,971,18,15,17,0.0,4.0,2,1,1,1.0,1911,6,2.0,4,2.0,0.0,164,355,8.0
200900074275,8,21,5,2,8,3.0,97105,240,16,24,38,7.0,16.0,3,3,1,1.0,1920,9,2.0,0,1.0,0.0,113,8,5.0
201100017224,1,17,5,1,3,3.0,753,46,17,33,2,8.0,1.0,6,2,1,5.0,1945,7,2.0,3,1.0,0.0,36,74,2.0
200900007097,12,10,5,2,8,3.0,34020,300,14,10,9,4.0,16.0,10,2,2,1.0,2014,2,3.0,16,2.0,3.0,135,125,2.0
201600054816,2,28,5,2,3,6.0,331,1000,22,45,38,9.0,23.0,10,3,1,5.0,2010,7,2.0,-1,0.0,3.0,225,159,5.0
201800038047,10,18,1,2,3,7.0,52116,190,11,59,17,6.0,6.0,6,3,1,9.0,1922,1,4.0,12,4.0,4.0,240,138,8.0
200500059777,2,3,5,2,7,2.0,641,94,21,11,39,0.0,4.0,1,1,1,5.0,2008,4,2.0,14,1.0,4.0,164,290,8.0
200900047322,5,22,5,2,8,4.0,512,82,22,22,42,7.0,20.0,8,1,3,3.0,2019,7,2.0,13,3.0,1.0,173,197,6.0
200700049234,6,6,5,1,5,4.0,503,91,15,55,60,1.0,21.0,4,2,2,5.0,1930,1,2.0,20,1.0,0.0,83,34,8.0
201800047177,10,3,5,1,4,7.0,37,40,20,20,2,1.0,25.0,0,2,3,4.0,1978,5,2.0,5,3.0,4.0,41,264,1.0
201900006078,1,8,5,1,0,3.0,64483,240,14,34,0,3.0,12.0,2,3,3,3.0,1971,2,2.0,12,0.0,3.0,20,505,0.0
200800003537,3,24,5,1,8,1.0,78283,67,18,20,32,0.0,3.0,4,2,2,5.0,1979,4,2.0,50,1.0,3.0,86,830,1.0
200900039366,1,25,5,2,3,5.0,570,987,15,35,37,1.0,0.0,3,3,3,0.0,1945,6,4.0,9,2.0,2.0,137,212,2.0
200900024114,12,29,5,1,1,7.0,668,920,16,36,4,0.0,25.0,3,2,3,9.0,1985,5,2.0,14,3.0,0.0,107,197,8.0
200800033231,4,31,5,2,4,4.0,12057,700,16,43,99,6.0,3.0,4,3,3,5.0,1973,2,4.0,11,1.0,4.0,12,940,5.0
200500058299,1,27,1,1,3,4.0,876,81,16,43,19,2.0,13.0,7,3,2,5.0,1926,6,2.0,11,3.0,0.0,280,140,0.0
201500005843,5,2,5,1,3,1.0,364,27,13,8,14,2.0,21.0,3,2,3,3.0,2010,9,2.0,26,0.0,1.0,53,108,2.0
200600062771,8,19,4,2,2,6.0,25387,240,11,5,18,0.0,7.0,0,3,1,3.0,1932,5,3.0,2,0.0,1.0,118,120,0.0
201100014606,1,22,5,2,2,2.0,613,260,21,38,39,8.0,15.0,6,3,3,1.0,2001,4,2.0,10,3.0,1.0,900,155,8.0
200500080437,9,23,5,2,6,4.0,34123,70,16,38,60,0.0,14.0,5,1,1,3.0,1980,9,2.0,9,0.0,0.0,11,210,3.0
201800030169,10,6,3,1,0,4.0,595,29,19,35,32,7.0,1.0,7,1,2,5.0,1912,5,3.0,30,1.0,1.0,121,59,6.0
201600004387,8,2,2,1,9,2.0,208,930,22,24,18,9.0,12.0,3,3,1,2.0,2005,9,2.0,14,0.0,2.0,119,30,1.0
200700009322,3,12,5,2,6,3.0,92040,750,22,57,39,6.0,6.0,5,2,1,5.0,1982,2,2.0,16,2.0,1.0,69,455,8.0
201000054299,10,8,1,2,7,1.0,87,13,20,53,2,8.0,15.0,9,1,3,2.0,1944,4,2.0,14,2.0,0.0,83,124,3.0
201600035127,11,13,5,1,9,5.0,242,100,21,41,39,6.0,20.0,9,1,2,0.0,2009,7,2.0,3,4.0,1.0,310,222,5.0
201500028311,9,31,5,2,5,4.0,42187,47,11,10,14,8.0,24.0,5,3,3,4.0,1919,5,2.0,26,0.0,1.0,198,520,4.0
201600013625,11,17,4,1,6,3.0,47310,24,12,36,15,8.0,14.0,6,1,3,2.0,1920,1,2.0,20,0.0,3.0,18,11,0.0
201000048074,7,29,1,1,2,7.0,385,65,12,53,1,0.0,2.0,10,1,1,4.0,0,3,2.0,12,1.0,0.0,105,275,1.0
201500057765,8,29,5,1,5,7.0,440,910,10,35,60,4.0,0.0,5,1,2,3.0,2001,4,2.0,26,1.0,3.0,150,126,0.0
201400018488,10,26,4,2,9,5.0,97418,1001,16,25,0,1.0,12.0,8,1,1,9.0,1978,4,1.0,50,1.0,2.0,53,58,0.0
201100018387,7,30,5,2,2,5.0,659,92,17,59,7,5.0,22.0,9,3,1,0.0,1998,3,2.0,5,4.0,1.0,85,490,1.0
201000052209,8,26,5,2,8,5.0,95678,63,15,10,12,3.0,20.0,5,1,3,4.0,1920,1,2.0,4,3.0,4.0,4,70,1.0
201400014565,7,3,5,2,8,6.0,820,95,11,8,0,8.0,21.0,5,1,3,0.0,1961,6,2.0,1,4.0,0.0,14,139,5.0
200900053136,9,10,3,2,2,4.0,271,51,12,35,21,0.0,18.0,8,2,1,5.0,1961,6,1.0,9,3.0,2.0,118,38,3.0
201000042715,4,30,5,2,4,1.0,65184,86,11,25,9,0.0,9.0,5,2,2,9.0,1981,1,2.0,8,4.0,0.0,63,65,1.0
200600017153,9,12,2,1,2,2.0,748,50,20,57,10,7.0,8.0,1,1,1,0.0,1905,9,3.0,-1,3.0,0.0,215,58,0.0
201600030158,9,24,5,2,3,7.0,760,340,17,57,2,8.0,11.0,2,1,3,5.0,1977,1,2.0,36,3.0,4.0,164,61,0.0
200600061871,3,12,5,2,2,7.0,4123,54,15,5,38,5.0,8.0,1,2,3,5.0,1924,3,2.0,16,3.0,0.0,25,222,2.0
201300009897,12,11,5,1,5,7.0,29259,66,22,15,1,8.0,11.0,2,2,3,2.0,1971,1,2.0,1,1.0,2.0,340,355,3.0
200800053297,3,22,5,1,7,6.0,523,71,18,20,19,9.0,23.0,6,3,1,1.0,1932,2,2.0,13,4.0,4.0,207,92,1.0
200800069150,7,6,5,2,1,1.0,286,45,19,33,40,3.0,2.0,9,2,1,9.0,2010,2,2.0,6,1.0,0.0,67,106,6.0
200900069493,3,22,5,1,0,2.0,109,53,11,20,16,1.0,10.0,6,2,1,4.0,1964,3,2.0,30,1.0,1.0,57,28,3.0
200700084173,6,29,2,1,6,7.0,95116,31,13,21,31,6.0,21.0,10,3,3,0.0,1952,6,4.0,1,4.0,4.0,450,410,6.0
201000030450,5,20,5,1,7,2.0,319,930,16,55,34,1.0,23.0,5,1,2,3.0,2001,9,2.0,11,2.0,3.0,121,212,6.0
201400007892,8,8,2,2,6,7.0,156,16,11,22,20,5.0,1.0,10,3,1,9.0,2013,2,1.0,14,2.0,0.0,76,257,4.0
201400000278,11,7,5,1,3,3.0,92036,75,11,22,34,2.0,13.0,9,1,3,3.0,1953,3,2.0,11,1.0,4.0,88,108,4.0
200600073995,4,6,3,2,1,7.0,13210,440,21,34,99,1.0,7.0,9,1,2,0.0,1958,6,1.0,14,2.0,0.0,116,32,2.0
201900009855,11,4,5,1,2,3.0,80001,45,20,36,12,9.0,9.0,0,1,1,4.0,1990,4,3.0,5,0.0,2.0,52,713,0.0
200900059313,11,16,3,1,1,7.0,287,170,17,21,10,1.0,2.0,1,2,3,5.0,1923,4,2.0,10,0.0,1.0,190,144,4.0
201100004928,11,26,5,1,0,6.0,131,870,21,21,31,1.0,7.0,4,2,2,9.0,2011,5,3.0,26,4.0,4.0,69,254,1.0
200800070322,6,15,5,1,8,2.0,28220,940,13,40,8,4.0,0.0,0,3,2,5.0,1954,6,1.0,26,0.0,2.0,100,130,8.0
200900054041,2,29,5,1,9,7.0,187,790,19,17,15,1.0,12.0,4,2,1,9.0,1977,3,2.0,0,3.0,3.0,40,41,8.0
200600057203,10,4,5,2,5,7.0,91215,700,14,35,12,2.0,12.0,2,3,2,4.0,1901,2,2.0,1,0.0,1.0,21,81,6.0
200800040398,6,28,5,1,6,7.0,804,140,16,25,40,3.0,21.0,10,1,3,2.0,1922,4,2.0,12,4.0,2.0,18,115,6.0
201200042387,1,9,5,1,9,1.0,388,972,17,45,21,5.0,23.0,9,1,1,5.0,1978,6,2.0,2,4.0,2.0,240,79,3.0
200900031071,4,2,3,1,3,7.0,673,740,19,11,10,3.0,10.0,6,3,2,9.0,1967,2,2.0,2,4.0,4.0,59,210,8.0
200900066847,8,8,2,1,5,5.0,95582,260,19,10,16,7.0,16.0,1,3,1,3.0,1989,6,2.0,11,2.0,0.0,300,106,4.0
201000064863,3,16,5,2,2,6.0,44072,5,21,38,9,5.0,21.0,1,3,3,1.0,1917,3,2.0,50,3.0,4.0,108,500,1.0
201000047916,1,24,5,1,8,3.0,564,110,18,24,19,2.0,3.0,6,1,1,5.0,1976,6,2.0,26,3.0,3.0,153,136,8.0