num_acc,mois,jour,lum,agg,int,col,com,dep,hr,mn,catv,choc,manv,place,catu,grav,trajet,an_nais,catr,circ,nbv,prof,plan,lartpc,larrout,situ
201700016357,2,22,4,2,2,2.0,48198,1,16,35,10,1.0,13.0,2,1,1,5.0,1972,4,1.0,2,0.0,4.0,122,44,5.0
200700055127,7,26,5,1,3,3.0,92022,83,13,53,30,9.0,7.0,3,2,3,1.0,1993,3,0.0,50,1.0,0.0,709,820,5.0
201100042428,11,11,5,2,2,4.0,55,600,11,36,6,9.0,7.0,5,3,3,4.0,1959,6,2.0,40,4.0,2.0,46,61,6.0
201500039544,6,20,4,1,5,5.0,19234,340,21,33,40,3.0,25.0,5,1,2,0.0,1946,1,2.0,1,4.0,3.0,11,280,8.0
201000010632,6,4,3,1,0,5.0,97105,910,20,53,37,7.0,21.0,6,3,3,0.0,1929,4,4.0,50,3.0,1.0,513,124,4.0
201800013463,1,14,5,1,2,5.0,49055,750,19,38,16,0.0,16.0,5,3,1,1.0,2014,7,2.0,36,0.0,3.0,15,220,5.0
201800014194,7,17,5,2,4,5.0,643,2,12,15,3,7.0,17.0,10,2,1,0.0,1917,9,2.0,12,4.0,4.0,406,39,3.0
201000058802,5,28,5,1,6,5.0,70,420,20,41,36,7.0,20.0,8,2,1,1.0,1914,7,2.0,5,3.0,0.0,65,133,2.0
201800009502,12,22,5,2,0,5.0,76,71,11,25,38,6.0,6.0,5,1,1,4.0,1941,5,1.0,1,3.0,3.0,59,186,2.0
201800022892,4,30,5,1,0,5.0,1004,710,21,15,80,7.0,13.0,3,2,2,3.0,1957,1,2.0,0,4.0,2.0,73,43,5.0
201500047557,4,8,2,1,8,7.0,44044,540,23,22,20,0.0,19.0,2,2,1,9.0,2018,5,0.0,10,3.0,3.0,41,227,2.0
200600026923,7,30,5,2,3,6.0,69167,770,15,24,15,8.0,20.0,9,2,2,9.0,1969,6,2.0,3,2.0,4.0,114,455,8.0
201500022797,8,4,5,2,7,4.0,45286,50,23,40,7,5.0,9.0,3,2,1,2.0,1919,6,0.0,-1,4.0,4.0,5,216,0.0
200600077647,2,13,3,1,8,6.0,30156,110,19,15,40,8.0,5.0,4,3,3,0.0,1964,3,0.0,26,1.0,0.0,2,159,3.0
200500082389,2,24,5,1,3,6.0,24,972,12,20,36,6.0,1.0,4,2,3,5.0,1913,4,2.0,8,1.0,4.0,275,195,3.0
201800053899,6,17,5,2,7,6.0,22251,91,14,43,35,5.0,1.0,8,2,3,5.0,1959,3,0.0,7,1.0,0.0,24,58,0.0
201700035117,10,12,4,1,7,2.0,51483,160,16,22,32,2.0,9.0,6,3,3,2.0,1920,9,2.0,11,3.0,1.0,4,715,6.0
201400016919,11,27,1,2,9,4.0,23,140,18,50,32,0.0,1.0,7,2,3,4.0,1965,3,2.0,30,0.0,4.0,275,115,1.0
201300024229,6,6,2,1,6,3.0,31069,52,10,59,15,3.0,20.0,4,3,3,9.0,1920,1,2.0,3,0.0,0.0,35,248,2.0
201800034582,6,30,5,2,7,7.0,49246,22,14,35,30,9.0,23.0,10,3,3,1.0,2005,9,2.0,2,0.0,1.0,161,3,8.0
200700029641,12,17,5,1,8,6.0,733,68,17,25,50,8.0,9.0,6,3,2,1.0,1947,3,2.0,4,3.0,4.0,215,330,4.0
200500039244,8,25,2,1,5,2.0,5176,1001,10,21,10,4.0,21.0,6,1,2,4.0,1908,5,2.0,7,3.0,0.0,205,630,5.0
201100012569,7,18,5,1,6,4.0,694,21,0,40,16,2.0,14.0,7,1,1,1.0,1959,9,2.0,1,1.0,3.0,71,815,0.0
200600081034,7,21,5,1,8,7.0,525,43,23,55,17,0.0,25.0,8,1,2,0.0,1963,1,2.0,11,1.0,2.0,275,59,8.0
201800021504,1,7,5,1,2,4.0,425,55,17,43,11,8.0,9.0,5,1,2,0.0,1951,9,2.0,30,2.0,2.0,115,740,0.0
200900002899,4,14,5,1,5,2.0,67482,82,18,22,13,5.0,24.0,4,2,3,3.0,1960,7,2.0,8,2.0,1.0,132,170,2.0
201400014522,12,5,1,2,9,3.0,69290,670,15,34,15,4.0,1.0,5,1,1,5.0,2017,2,2.0,8,2.0,1.0,800,119,3.0
200900047952,9,1,1,1,9,1.0,26178,33,0,24,9,7.0,21.0,9,3,3,4.0,2012,5,2.0,13,3.0,4.0,74,116,6.0
201200017892,7,1,5,1,8,4.0,95572,15,13,24,43,9.0,19.0,2,2,1,9.0,1973,6,3.0,8,0.0,1.0,220,710,2.0
201100053155,7,11,5,2,6,3.0,699,830,15,0,7,5.0,8.0,4,1,1,9.0,1955,2,2.0,1,1.0,1.0,400,815,0.0
200600032274,12,28,2,2,4,6.0,68085,1,17,21,7,0.0,23.0,0,3,3,3.0,1912,6,2.0,10,0.0,2.0,10,104,0.0
200600082426,4,20,5,1,8,7.0,47310,510,11,17,34,4.0,15.0,3,1,2,4.0,1954,9,2.0,13,1.0,1.0,165,127,2.0
200900032220,7,15,2,2,7,3.0,801,93,11,50,2,4.0,15.0,7,2,3,9.0,1994,2,2.0,12,2.0,0.0,212,103,8.0
200700025220,12,29,3,2,9,6.0,73,80,12,57,11,4.0,13.0,10,2,2,0.0,1939,2,2.0,11,2.0,2.0,50,330,1.0
200900025596,9,22,1,1,5,1.0,68329,25,16,17,43,5.0,16.0,6,3,3,4.0,1926,6,2.0,8,3.0,3.0,102,273,4.0
201300031083,11,20,5,1,8,1.0,77115,50,14,35,17,8.0,3.0,0,1,1,4.0,1926,6,2.0,50,1.0,3.0,500,9,6.0
200500052874,11,23,5,1,1,1.0,83129,800,21,33,6,3.0,9.0,0,1,1,9.0,2008,5,3.0,40,3.0,2.0,247,78,3.0
201600007368,5,1,5,2,4,5.0,197,920,16,43,8,3.0,10.0,2,1,3,2.0,1948,1,2.0,6,2.0,1.0,53,650,1.0
200900034213,10,11,5,1,6,3.0,432,360,12,43,35,7.0,22.0,3,1,3,9.0,2008,4,3.0,1,0.0,2.0,182,650,3.0
201300023164,8,20,5,2,8,7.0,183,650,23,36,39,6.0,1.0,8,2,2,3.0,1921,9,2.0,10,3.0,3.0,121,143,2.0
200700043828,2,11,1,2,8,7.0,470,69,21,15,18,1.0,17.0,10,1,2,3.0,1913,2,2.0,4,2.0,2.0,279,21,0.0
200700043115,7,18,5,1,7,7.0,514,620,13,8,13,8.0,3.0,1,2,3,5.0,2007,4,2.0,11,1.0,0.0,56,156,8.0
201400041528,2,21,1,2,1,2.0,351,930,11,30,3,0.0,5.0,7,3,1,3.0,2004,4,2.0,13,2.0,3.0,87,177,1.0
201500000190,5,24,5,1,0,1.0,825,92,0,24,11,8.0,4.0,0,2,2,0.0,1931,5,3.0,0,4.0,1.0,60,166,2.0
201200015011,5,24,5,1,4,7.0,258,780,23,21,13,0.0,17.0,2,3,1,0.0,2001,6,2.0,5,4.0,0.0,197,108,2.0
201900053155,4,26,5,2,4,4.0,92012,89,16,50,30,5.0,20.0,1,3,1,0.0,1957,9,2.0,36,1.0,3.0,9,21,2.0
200700083143,9,14,2,2,4,2.0,481,690,12,8,35,6.0,2.0,2,2,2,3.0,1955,9,1.0,30,4.0,2.0,39,203,4.0
200900037734,1,2,5,2,7,7.0,51,93,21,22,1,3.0,1.0,1,3,2,0.0,2016,2,2.0,36,3.0,3.0,510,208,8.0
201400001584,3,12,2,2,3,7.0,83086,90,13,8,18,8.0,9.0,7,3,1,9.0,1973,7,2.0,13,0.0,2.0,45,92,6.0
200800054989,6,13,5,2,5,5.0,467,22,12,5,80,9.0,20.0,4,2,3,3.0,1949,4,4.0,26,1.0,2.0,400,141,8.0
201700037987,6,16,5,2,1,6.0,98817,460,10,24,9,6.0,16.0,1,3,2,0.0,1991,5,2.0,13,0.0,0.0,76,104,5.0
201500002618,10,21,5,1,6,1.0,443,690,16,0,33,0.0,15.0,5,2,1,3.0,1922,9,2.0,20,4.0,2.0,37,39,2.0
201000032251,4,21,2,2,2,1.0,259,270,21,5,15,0.0,15.0,8,1,1,3.0,1993,4,4.0,1,3.0,3.0,330,35,6.0
201800028522,1,24,4,1,6,1.0,21584,31,18,55,32,9.0,19.0,1,2,1,0.0,1952,7,4.0,26,3.0,2.0,280,249,6.0
200700041285,4,25,5,1,8,3.0,45145,88,0,33,18,0.0,2.0,1,1,2,1.0,2011,9,2.0,7,1.0,3.0,248,123,6.0
200600079591,3,28,1,1,6,1.0,896,37,15,41,0,9.0,0.0,9,1,1,0.0,1987,2,3.0,10,1.0,0.0,108,102,6.0
200700053853,3,2,2,1,6,4.0,435,36,12,38,50,3.0,9.0,6,1,1,9.0,1924,5,2.0,9,4.0,3.0,62,375,5.0
200600025753,3,27,5,1,2,1.0,69386,5,22,41,8,9.0,7.0,10,3,1,3.0,1968,2,2.0,16,4.0,0.0,58,71,2.0
200900014926,8,22,1,1,2,4.0,141,48,17,20,19,7.0,16.0,9,1,1,1.0,1992,2,2.0,16,1.0,4.0,165,675,5.0
201700044703,11,13,5,2,2,5.0,696,3,22,41,32,8.0,16.0,5,3,3,1.0,1928,6,2.0,5,3.0,4.0,900,188,8.0
201400048246,5,31,5,1,4,5.0,32,987,12,15,19,8.0,15.0,8,1,2,5.0,1962,3,1.0,9,4.0,1.0,88,83,2.0
201400047305,8,15,5,1,0,1.0,511,8,14,5,99,0.0,7.0,9,1,2,1.0,1935,9,2.0,13,3.0,3.0,120,250,3.0
201200011265,8,30,5,1,8,6.0,34282,62,13,36,6,6.0,10.0,2,3,1,1.0,1948,2,2.0,30,4.0,1.0,43,690,5.0
200800011145,12,6,3,2,6,1.0,156,69,16,57,42,0.0,0.0,8,3,1,2.0,1935,6,2.0,2,4.0,2.0,251,330,8.0
200600022522,10,30,5,1,7,7.0,97,8,14,21,14,1.0,24.0,5,2,1,9.0,1995,9,2.0,0,2.0,2.0,87,251,0.0
201200015047,3,26,5,1,6,7.0,617,300,21,45,12,8.0,3.0,9,2,3,9.0,1950,3,4.0,10,3.0,4.0,104,132,8.0
200600048804,12,26,5,2,1,6.0,618,16,21,25,3,4.0,20.0,9,1,2,5.0,2016,6,2.0,3,1.0,3.0,650,713,8.0
200900027800,11,14,5,1,5,3.0,516,95,13,5,13,4.0,9.0,0,2,3,9.0,1948,4,2.0,26,0.0,3.0,130,108,8.0
200500045607,6,4,5,2,1,6.0,275,860,19,30,15,7.0,24.0,2,3,2,4.0,1988,6,2.0,40,4.0,4.0,21,400,0.0
200700078839,4,26,4,2,4,3.0,555,260,20,0,38,9.0,8.0,7,2,1,4.0,1985,1,3.0,20,2.0,4.0,212,272,0.0
201000030601,4,15,3,1,1,6.0,687,36,12,53,50,1.0,22.0,1,1,1,1.0,1912,7,2.0,14,1.0,0.0,800,540,1.0
201600043149,3,26,5,1,3,1.0,695,83,18,8,18,1.0,1.0,5,3,3,3.0,1911,7,2.0,30,2.0,4.0,300,195,0.0
201900058835,4,11,1,1,0,7.0,59568,210,14,21,36,5.0,12.0,10,2,2,3.0,1987,7,2.0,2,1.0,2.0,15,188,2.0
200600012504,11,1,4,2,2,5.0,49055,64,13,11,38,0.0,2.0,2,1,2,4.0,1952,7,3.0,16,4.0,3.0,450,189,0.0
200800070760,6,29,5,1,8,2.0,91215,330,20,34,6,8.0,10.0,3,3,3,3.0,1978,7,2.0,5,3.0,4.0,122,900,4.0
201500026406,8,12,1,2,1,2.0,730,390,10,35,15,3.0,17.0,1,1,2,0.0,1977,7,2.0,20,2.0,3.0,87,355,4.0
200500050228,4,12,5,2,2,3.0,719,10,17,59,9,8.0,8.0,1,1,2,0.0,1994,2,4.0,5,2.0,3.0,22,6,5.0
200700022706,5,29,5,2,9,2.0,78029,370,21,8,39,1.0,3.0,5,1,2,1.0,1948,7,2.0,1,4.0,0.0,194,430,8.0
201100040533,8,17,3,2,2,5.0,704,65,10,55,99,2.0,11.0,10,1,3,4.0,1935,7,2.0,4,0.0,2.0,28,290,6.0
201600040751,10,31,1,2,1,6.0,222,810,20,33,12,1.0,6.0,1,2,1,5.0,1982,6,2.0,10,4.0,4.0,107,215,0.0
200600038192,9,30,5,1,4,4.0,90,20,23,8,40,4.0,18.0,7,1,2,3.0,1977,5,2.0,10,0.0,4.0,207,112,2.0
201300041375,7,19,5,2,8,3.0,914,320,0,45,36,2.0,7.0,2,2,3,0.0,1957,9,2.0,30,4.0,4.0,26,248,0.0
200800064250,12,18,5,1,1,1.0,522,974,16,40,37,3.0,14.0,8,3,2,5.0,2016,1,2.0,12,4.0,1.0,25,55,8.0
200600018551,8,14,1,2,8,1.0,588,440,0,59,19,9.0,10.0,8,1,3,4.0,2005,6,2.0,4,4.0,3.0,13,43,3.0
201800041125,3,31,5,1,5,3.0,368,550,19,8,3,2.0,1.0,10,2,3,9.0,1967,4,2.0,3,4.0,0.0,510,128,4.0
201400009383,4,7,5,2,0,1.0,731,93,16,34,34,0.0,19.0,4,3,1,4.0,1984,3,3.0,6,0.0,1.0,170,620,2.0
200500012967,11,31,5,2,8,5.0,58289,45,21,57,6,0.0,16.0,9,3,2,5.0,2011,4,0.0,26,1.0,3.0,48,750,5.0
201100008392,6,6,4,2,1,5.0,193,5,0,35,10,5.0,7.0,0,1,2,9.0,1952,2,2.0,36,3.0,4.0,66,181,0.0
201100065976,10,27,5,2,6,1.0,42207,810,0,8,33,4.0,4.0,9,2,1,5.0,1966,2,2.0,0,0.0,1.0,225,264,8.0
200500037450,8,12,5,2,4,2.0,97306,52,0,34,18,0.0,7.0,8,1,3,5.0,2006,4,2.0,40,0.0,4.0,22,224,2.0
201800047162,5,21,5,1,5,2.0,98818,270,0,22,60,8.0,22.0,6,2,3,1.0,1999,3,2.0,-1,2.0,2.0,54,35,3.0
201200040481,4,31,5,1,0,4.0,259,600,13,30,34,2.0,10.0,6,2,1,3.0,1970,4,2.0,26,4.0,0.0,22,67,5.0
201600045513,8,9,5,1,6,2.0,7010,62,17,20,20,5.0,13.0,0,2,3,3.0,1912,3,2.0,36,2.0,0.0,75,93,6.0
201700038820,2,4,1,2,8,5.0,237,910,11,30,34,9.0,13.0,8,1,3,0.0,1932,7,1.0,11,1.0,1.0,88,600,2.0
201500034148,10,27,4,1,0,6.0,448,220,0,53,37,3.0,22.0,1,3,3,3.0,2007,1,2.0,2,0.0,0.0,86,157,8.0
200700034217,1,9,3,1,6,4.0,59343,300,23,34,34,1.0,14.0,8,3,3,0.0,1936,6,2.0,50,1.0,2.0,71,450,5.0
200800063970,9,27,5,2,3,3.0,7,69,20,35,21,6.0,12.0,3,3,1,5.0,1972,5,0.0,14,3.0,1.0,170,102,0.0
201200042485,3,16,5,2,3,6.0,311,5,20,45,13,0.0,6.0,9,3,3,3.0,1928,6,2.0,9,0.0,3.0,200,273,2.0
201600001643,11,16,5,2,4,5.0,37208,49,11,33,2,6.0,23.0,7,1,3,2.0,1908,1,2.0,6,1.0,0.0,310,108,8.0
201100011897,3,19,5,1,9,3.0,564,45,14,10,1,2.0,1.0,6,3,3,9.0,1914,5,2.0,36,1.0,3.0,78,230,4.0
201900000533,12,26,3,1,3,4.0,736,75,19,15,0,4.0,21.0,8,2,3,5.0,1966,4,2.0,20,1.0,1.0,46,57,8.0
201200034405,4,31,5,1,5,2.0,441,700,0,36,11,7.0,0.0,9,3,2,1.0,1984,3,2.0,8,4.0,1.0,74,77,2.0
201700051301,11,26,5,1,6,4.0,38,46,18,25,36,9.0,21.0,9,1,3,2.0,1952,7,2.0,26,0.0,3.0,97,260,6.0
201500047311,8,6,5,2,5,7.0,353,202,20,10,34,7.0,16.0,0,3,3,5.0,2003,1,2.0,10,3.0,0.0,15,9,1.0
201500004398,3,3,5,1,7,5.0,343,85,15,11,10,6.0,23.0,2,2,1,1.0,1991,2,2.0,6,1.0,0.0,38,79,6.0
201500051743,9,14,3,2,6,6.0,31107,300,14,11,40,5.0,13.0,9,2,1,0.0,1936,9,4.0,14,2.0,2.0,182,740,4.0
201800030152,12,20,1,1,6,2.0,94011,91,0,8,35,3.0,23.0,4,3,1,1.0,1988,3,2.0,7,2.0,4.0,450,129,6.0
200900074139,9,28,5,2,5,5.0,74010,53,17,0,99,6.0,18.0,0,2,3,5.0,2006,7,2.0,0,0.0,1.0,250,138,5.0
200500008055,1,31,5,2,3,4.0,89352,500,16,34,7,7.0,16.0,8,1,3,2.0,1963,2,3.0,40,3.0,0.0,12,55,3.0
201400057736,11,22,5,2,8,3.0,302,780,17,50,80,5.0,23.0,6,3,1,3.0,1973,6,2.0,36,2.0,2.0,57,258,3.0
201600028562,8,31,5,1,5,2.0,913,930,14,45,9,0.0,7.0,9,2,1,9.0,1910,3,2.0,50,0.0,4.0,248,950,5.0
201700048929,6,21,2,2,8,4.0,354,92,21,22,39,2.0,7.0,8,2,3,4.0,2001,1,2.0,14,1.0,0.0,83,194,5.0
201400056760,12,27,5,2,6,3.0,457,62,14,55,31,8.0,24.0,5,3,2,5.0,1969,7,2.0,3,1.0,2.0,64,127,5.0
201700046481,6,26,5,2,0,7.0,26347,910,13,10,37,7.0,14.0,4,1,3,0.0,1901,7,2.0,40,4.0,1.0,280,45,3.0
201000006320,3,23,2,1,7,4.0,22152,12,14,40,42,0.0,24.0,1,3,1,4.0,1974,6,3.0,14,1.0,3.0,180,314,2.0
201300016488,1,16,5,1,3,1.0,575,640,20,55,10,4.0,22.0,8,3,2,3.0,1939,9,2.0,4,3.0,0.0,68,570,3.0
201400059230,1,5,5,1,2,7.0,470,640,12,41,18,9.0,10.0,0,3,2,1.0,1908,1,2.0,14,2.0,3.0,161,156,0.0
200700018940,8,30,5,1,4,3.0,63113,202,19,43,2,6.0,7.0,9,1,3,4.0,1936,2,2.0,10,4.0,3.0,94,162,3.0
201000068564,3,6,1,1,9,3.0,376,24,17,20,18,7.0,12.0,9,3,1,5.0,1990,5,0.0,5,2.0,0.0,97,101,2.0
201000052241,1,26,5,1,4,4.0,94080,770,14,36,36,0.0,10.0,3,3,3,2.0,1989,2,2.0,1,2.0,2.0,51,106,6.0
200600069484,8,21,5,1,0,1.0,26226,79,0,41,21,8.0,10.0,3,2,1,4.0,1925,5,2.0,-1,1.0,4.0,5,73,2.0
201200001366,6,23,5,2,0,7.0,97309,92,13,40,11,6.0,17.0,1,2,1,0.0,2006,7,2.0,8,3.0,4.0,105,193,2.0
201300031810,6,25,2,2,4,5.0,69092,580,15,21,15,1.0,13.0,0,1,3,4.0,1982,9,0.0,3,1.0,4.0,76,161,3.0
200900033282,2,10,1,2,0,7.0,84,48,0,55,34,4.0,15.0,6,2,3,1.0,2010,5,2.0,-1,3.0,1.0,109,100,5.0
200600001147,2,7,2,1,3,6.0,59183,62,15,11,50,1.0,10.0,4,1,2,5.0,2017,7,2.0,6,2.0,0.0,160,895,3.0
200900061887,12,24,5,1,3,5.0,393,31,13,40,38,8.0,22.0,10,3,1,3.0,2006,1,2.0,5,0.0,4.0,76,170,8.0
201700035300,2,9,5,2,4,5.0,48,76,18,22,33,3.0,24.0,8,3,2,1.0,1952,4,0.0,14,0.0,3.0,170,264,3.0
200800056288,6,7,5,1,7,6.0,475,13,0,0,13,7.0,17.0,4,3,3,1.0,0,7,2.0,1,0.0,0.0,24,138,8.0
200900040802,5,7,1,1,8,2.0,162,410,13,41,10,6.0,18.0,6,1,2,2.0,1998,6,2.0,1,1.0,0.0,102,320,4.0
200500045397,10,22,5,2,3,5.0,66204,84,21,21,9,0.0,24.0,3,3,1,1.0,1963,4,2.0,40,3.0,0.0,406,532,5.0
201400011833,8,6,5,1,5,1.0,338,160,20,15,34,1.0,12.0,10,2,2,2.0,1956,5,2.0,16,4.0,1.0,0,235,4.0
201100046434,9,10,1,2,7,7.0,47310,390,15,5,99,9.0,13.0,2,3,1,0.0,1948,7,2.0,20,4.0,3.0,504,101,3.0
200900038341,12,16,1,2,7,3.0,69116,3,23,22,99,1.0,11.0,3,3,2,4.0,1991,3,0.0,2,2.0,2.0,190,234,1.0
200700003329,9,3,1,2,4,4.0,572,972,13,22,36,3.0,21.0,10,2,2,0.0,1955,3,2.0,36,2.0,0.0,50,3,6.0
201100013324,9,8,1,2,8,2.0,94042,600,20,21,0,7.0,26.0,7,3,3,0.0,1984,5,3.0,3,2.0,4.0,2,47,8.0
200500023302,12,14,5,2,7,1.0,433,390,13,59,15,8.0,24.0,3,2,3,5.0,2012,4,0.0,40,1.0,4.0,9,94,5.0
201400057461,4,18,5,2,9,6.0,93074,95,20,34,30,8.0,11.0,5,3,3,2.0,2002,3,2.0,11,3.0,1.0,590,340,4.0
200600034002,10,6,5,2,7,2.0,69388,32,16,17,50,0.0,21.0,4,3,1,3.0,1994,3,2.0,26,0.0,0.0,114,116,1.0
201100036820,11,27,5,2,0,7.0,91691,77,17,57,14,3.0,20.0,7,1,1,3.0,1912,2,2.0,14,0.0,4.0,340,202,4.0
201200043038,7,25,5,2,1,1.0,266,72,10,38,35,9.0,26.0,2,1,2,9.0,1986,1,2.0,2,4.0,1.0,122,96,8.0
201200009044,7,8,3,2,8,5.0,322,13,22,8,60,8.0,21.0,4,1,1,2.0,1999,5,2.0,-1,2.0,0.0,23,217,5.0
200600045799,9,6,4,1,2,6.0,95424,830,16,59,4,7.0,5.0,5,3,2,2.0,1915,5,1.0,14,2.0,1.0,118,186,0.0
200600059699,9,27,5,2,3,7.0,54329,500,0,40,6,1.0,0.0,4,1,1,9.0,1925,5,3.0,11,3.0,0.0,650,205,2.0
200900073261,6,19,5,1,8,5.0,204,420,23,10,13,9.0,3.0,0,2,2,0.0,1980,6,2.0,14,0.0,2.0,50,950,4.0
201800017040,2,20,5,2,0,2.0,57474,790,0,55,3,5.0,6.0,9,1,1,1.0,1955,6,2.0,4,0.0,1.0,390,710,4.0
200900040341,9,27,5,1,3,5.0,97418,42,15,8,18,0.0,5.0,4,1,3,0.0,1974,6,3.0,5,4.0,4.0,137,580,4.0
201200013535,4,10,5,2,0,3.0,97302,91,19,40,99,4.0,4.0,9,2,2,4.0,1977,3,2.0,14,0.0,2.0,61,135,4.0
201400043598,5,14,5,1,2,1.0,1,71,19,53,16,3.0,5.0,5,3,3,5.0,1916,5,2.0,12,0.0,3.0,82,14,3.0
201800052271,1,22,1,1,4,7.0,278,75,12,38,37,7.0,14.0,5,3,1,0.0,1952,7,1.0,8,1.0,2.0,89,267,0.0
201400021690,1,26,3,1,7,1.0,563,1000,21,11,99,6.0,23.0,5,1,3,9.0,1910,3,2.0,11,0.0,1.0,190,40,1.0
200600018513,11,25,5,2,4,7.0,59599,420,20,24,99,8.0,11.0,5,1,2,2.0,1921,1,2.0,30,1.0,3.0,350,38,8.0
201800028118,11,16,5,2,2,7.0,143,69,14,41,8,1.0,23.0,7,1,1,9.0,1908,2,1.0,26,4.0,4.0,76,740,5.0
200800004076,6,27,5,2,0,2.0,62274,230,13,0,60,8.0,20.0,5,1,2,2.0,1926,6,2.0,26,0.0,3.0,101,29,1.0
201200051261,10,8,5,1,1,6.0,712,29,21,59,7,9.0,21.0,6,2,2,2.0,1959,6,2.0,0,2.0,3.0,54,5,0.0
201300034352,7,3,2,2,0,6.0,161,790,12,5,10,1.0,9.0,5,2,3,2.0,1954,9,2.0,-1,2.0,4.0,54,324,8.0
201000000893,12,11,5,1,5,5.0,38,660,21,36,40,1.0,6.0,7,3,2,9.0,1996,2,2.0,6,2.0,3.0,215,231,4.0
201600035606,8,8,1,1,4,1.0,122,63,15,30,4,9.0,17.0,7,3,2,5.0,1984,2,2.0,20,1.0,0.0,64,165,0.0
200800074681,2,15,3,1,8,7.0,50502,91,14,45,30,9.0,10.0,9,1,1,0.0,1958,5,2.0,10,2.0,1.0,33,730,2.0
200700028905,5,17,5,1,2,7.0,85191,78,21,5,2,7.0,19.0,4,1,1,5.0,2008,9,2.0,30,1.0,0.0,127,186,2.0
200800049484,4,19,5,2,0,4.0,152,1001,11,36,8,1.0,9.0,1,1,3,3.0,1999,4,2.0,1,1.0,1.0,102,151,0.0
201300029828,8,1,4,2,4,2.0,697,860,19,34,35,2.0,22.0,1,1,2,5.0,2017,1,2.0,36,4.0,4.0,85,214,3.0
200600002306,9,18,5,1,3,4.0,78321,560,21,34,19,9.0,10.0,4,3,1,0.0,2003,4,2.0,12,2.0,2.0,61,215,6.0
201800034893,2,1,3,2,1,2.0,93072,66,15,25,37,8.0,11.0,0,1,3,4.0,1905,2,3.0,-1,1.0,4.0,109,166,5.0
200800045527,6,15,5,2,8,3.0,68329,900,23,30,16,1.0,19.0,9,1,3,4.0,2010,2,1.0,30,1.0,1.0,150,185,8.0
200800076335,3,3,5,2,5,3.0,578,330,13,43,0,6.0,10.0,9,2,2,4.0,1991,9,2.0,4,1.0,4.0,135,63,5.0
201200016500,11,2,5,2,6,4.0,747,540,17,43,19,6.0,18.0,6,2,3,5.0,1943,1,2.0,12,1.0,3.0,132,50,8.0
201600052232,8,27,4,1,6,5.0,78321,89,20,20,3,6.0,24.0,1,3,3,5.0,2002,2,2.0,26,4.0,2.0,400,384,3.0
201600011456,9,19,5,1,5,6.0,75112,920,18,5,43,1.0,19.0,7,2,1,4.0,1991,9,2.0,26,1.0,3.0,248,257,6.0
200900005988,10,19,1,2,7,5.0,267,110,0,50,42,2.0,5.0,6,1,3,9.0,1979,3,2.0,12,2.0,3.0,180,101,1.0
201200017250,10,6,5,2,2,7.0,6128,973,14,17,5,4.0,15.0,3,2,3,3.0,2019,5,2.0,4,4.0,1.0,98,713,8.0
201000045577,6,9,5,2,0,7.0,83048,12,10,30,43,7.0,17.0,1,1,1,9.0,1991,2,2.0,40,0.0,4.0,10,130,2.0
201300019971,5,13,5,1,9,3.0,690,550,18,11,34,3.0,5.0,9,1,3,2.0,2018,7,1.0,5,3.0,2.0,132,400,6.0
201300042101,5,19,2,1,5,7.0,81,270,14,45,36,2.0,8.0,9,2,2,3.0,1995,9,2.0,4,0.0,0.0,207,915,3.0
201600006446,12,29,5,1,5,7.0,803,42,20,35,21,0.0,3.0,1,1,2,0.0,1932,5,2.0,20,1.0,1.0,94,187,8.0
200800006912,12,1,5,2,4,2.0,76318,910,18,21,7,5.0,17.0,4,1,2,0.0,1976,5,0.0,9,1.0,2.0,600,409,0.0
201100017707,9,23,4,1,9,5.0,77042,74,22,5,37,9.0,16.0,8,3,1,5.0,1986,1,2.0,8,1.0,3.0,16,675,0.0
201900053422,2,21,5,1,4,4.0,191,220,22,11,20,7.0,25.0,3,3,3,4.0,1930,9,2.0,40,4.0,2.0,248,141,2.0
201300052937,6,14,5,1,7,1.0,233,6,10,50,7,3.0,5.0,3,3,2,4.0,1960,9,2.0,20,3.0,3.0,94,312,8.0
201600045961,5,11,5,1,0,1.0,18205,68,15,10,36,8.0,15.0,4,3,2,9.0,1943,5,2.0,50,1.0,1.0,22,230,0.0
201800000075,5,21,5,1,5,4.0,69388,52,20,10,99,3.0,17.0,3,2,1,3.0,1949,2,3.0,8,3.0,2.0,90,245,0.0
200800008871,8,28,5,1,0,4.0,77383,42,14,10,6,2.0,17.0,9,1,1,0.0,2002,1,2.0,0,4.0,3.0,247,141,8.0
201700046172,4,16,5,2,4,4.0,85067,34,12,43,7,5.0,23.0,10,3,1,1.0,1976,7,4.0,36,2.0,3.0,450,64,6.0
201300056287,7,21,4,1,2,6.0,45067,93,22,34,60,2.0,16.0,6,2,2,9.0,1920,6,2.0,6,0.0,1.0,141,128,4.0
201100040182,3,3,3,2,9,6.0,768,11,19,10,11,2.0,15.0,0,1,1,3.0,1975,1,2.0,4,1.0,3.0,50,270,2.0
201000062071,9,19,3,2,4,3.0,108,90,16,45,15,0.0,24.0,0,1,3,5.0,1977,9,1.0,14,0.0,4.0,83,224,2.0