num_acc,mois,jour,lum,agg,int,col,com,dep,hr,mn,catv,choc,manv,place,catu,grav,trajet,an_nais,catr,circ,nbv,prof,plan,lartpc,larrout,situ
200700069904,5,9,5,2,6,4.0,202,860,20,15,16,3.0,26.0,6,2,1,0.0,1921,1,2.0,0,4.0,1.0,39,159,6.0
201700050918,8,13,5,1,6,2.0,8214,790,11,24,14,9.0,22.0,6,1,2,0.0,1901,5,2.0,3,4.0,4.0,60,570,6.0
201100006582,9,30,5,2,1,4.0,116,270,20,11,60,6.0,7.0,9,2,2,3.0,2005,5,0.0,13,0.0,3.0,43,420,1.0
200900022559,8,23,5,1,1,6.0,315,680,18,41,3,5.0,3.0,8,3,1,2.0,1961,9,2.0,6,3.0,1.0,4,105,0.0
200500060807,5,11,5,2,8,1.0,92025,820,16,36,18,1.0,10.0,9,3,2,9.0,1957,5,2.0,40,4.0,2.0,90,155,0.0
200500071546,2,8,5,2,8,4.0,3190,51,23,11,3,5.0,19.0,2,2,3,4.0,1923,7,1.0,9,1.0,3.0,67,115,0.0
201600032955,6,17,5,2,7,3.0,22158,190,13,25,42,1.0,10.0,3,1,2,5.0,2009,6,2.0,30,4.0,0.0,49,137,5.0
201100001852,11,12,5,2,6,5.0,130,560,22,55,99,2.0,8.0,7,3,3,3.0,2009,4,2.0,1,3.0,3.0,108,139,4.0
201200019846,10,2,5,1,4,1.0,841,83,11,20,10,5.0,22.0,10,1,3,4.0,2015,3,2.0,-1,3.0,4.0,118,124,1.0
200600001354,11,25,5,1,7,5.0,588,480,14,59,20,9.0,22.0,7,2,2,4.0,1954,5,2.0,30,1.0,2.0,960,13,6.0
201000055382,11,27,5,2,5,2.0,69389,460,14,40,42,7.0,18.0,10,1,1,2.0,1913,5,2.0,30,0.0,2.0,86,204,1.0
201100013836,11,25,5,1,5,3.0,186,310,13,25,99,9.0,6.0,8,1,1,4.0,2007,7,2.0,0,0.0,2.0,20,950,2.0
200700083710,10,5,5,1,9,5.0,351,17,15,59,3,2.0,19.0,1,1,2,3.0,1969,6,2.0,8,4.0,2.0,61,150,0.0
200700084031,2,24,5,1,9,6.0,804,21,13,36,3,4.0,6.0,9,2,1,4.0,1946,2,2.0,9,0.0,1.0,47,59,3.0
201700044545,2,5,5,1,4,3.0,78126,76,16,38,14,0.0,2.0,1,2,1,9.0,1940,3,2.0,30,0.0,0.0,23,218,0.0
201200022667,11,12,1,1,2,6.0,457,987,20,40,99,3.0,6.0,9,2,2,1.0,2000,3,2.0,50,3.0,2.0,198,179,4.0
200600046526,9,10,3,2,8,3.0,69116,670,16,15,1,1.0,10.0,10,1,3,1.0,2011,2,2.0,-1,4.0,2.0,182,10,2.0
200900070168,7,30,5,2,4,2.0,45234,57,23,8,40,3.0,19.0,1,1,1,0.0,1959,4,2.0,14,2.0,2.0,66,258,4.0
201800053612,4,13,5,1,6,4.0,523,210,18,33,11,2.0,13.0,0,1,1,5.0,1930,9,2.0,7,1.0,2.0,300,170,0.0
200800032113,1,26,5,1,8,3.0,59623,280,10,38,11,4.0,21.0,1,1,1,2.0,2011,9,2.0,30,0.0,2.0,105,72,8.0
201300048881,7,4,5,2,4,2.0,59431,30,19,8,36,6.0,18.0,7,1,1,2.0,1980,7,2.0,10,3.0,4.0,40,168,1.0
200900050635,6,31,5,1,4,1.0,13037,530,17,0,1,7.0,21.0,7,1,2,5.0,1992,5,2.0,3,4.0,3.0,64,4,3.0
201400012781,10,27,5,1,4,5.0,78,110,0,17,31,7.0,21.0,7,3,1,2.0,1916,6,0.0,30,1.0,4.0,500,330,1.0
201500042924,3,24,1,2,1,3.0,686,54,18,15,5,1.0,9.0,6,1,2,9.0,1983,3,2.0,12,1.0,1.0,67,770,0.0
201300008513,10,29,1,1,4,4.0,405,63,21,24,2,6.0,4.0,9,3,3,2.0,1940,1,0.0,8,3.0,1.0,364,800,1.0
201200010561,8,17,5,1,2,4.0,78123,42,23,17,80,8.0,15.0,9,1,1,3.0,1931,7,3.0,4,1.0,0.0,960,0,2.0
201000042253,4,3,5,1,2,7.0,110,190,16,59,37,9.0,11.0,8,2,2,5.0,1954,2,1.0,5,2.0,3.0,153,4,1.0
200700054696,6,24,5,2,8,6.0,841,130,22,0,32,0.0,15.0,0,1,1,1.0,1960,2,2.0,13,1.0,0.0,52,175,4.0
201700057287,9,18,5,1,1,1.0,13055,77,17,22,16,2.0,14.0,10,2,3,5.0,1927,4,1.0,14,3.0,3.0,99,145,5.0
201400018724,9,19,3,1,3,7.0,92064,94,19,22,18,7.0,17.0,7,1,2,4.0,1993,5,2.0,30,2.0,1.0,115,66,6.0
200700024783,10,7,5,1,3,3.0,65184,560,0,10,32,4.0,21.0,2,1,3,0.0,1973,2,0.0,9,0.0,1.0,73,164,1.0
200600050417,1,14,5,2,2,2.0,94046,470,19,8,16,4.0,4.0,9,2,3,5.0,1926,9,1.0,8,0.0,2.0,225,49,1.0
201300004482,3,27,5,2,7,5.0,473,17,10,21,12,2.0,11.0,10,3,3,0.0,1969,3,2.0,-1,4.0,1.0,35,61,5.0
200700000224,4,1,5,2,1,3.0,474,300,16,17,43,4.0,8.0,8,3,2,5.0,1934,4,2.0,1,3.0,0.0,104,227,2.0
200900072523,10,27,5,1,4,2.0,140,70,20,55,40,2.0,8.0,7,2,2,2.0,1951,6,2.0,5,0.0,0.0,29,710,6.0
200800000708,11,17,4,2,1,4.0,219,660,16,55,13,2.0,10.0,4,1,1,5.0,1988,6,2.0,13,1.0,2.0,124,925,0.0
200900030328,10,30,5,2,9,3.0,575,900,16,15,6,1.0,24.0,5,1,3,1.0,2018,7,2.0,10,1.0,4.0,215,70,4.0
200600081920,10,28,3,1,6,2.0,286,740,19,43,10,5.0,3.0,6,3,3,1.0,1964,6,3.0,20,1.0,0.0,34,243,2.0
200600063974,11,20,5,2,0,3.0,526,470,0,8,43,2.0,10.0,0,2,2,4.0,1935,1,2.0,-1,2.0,1.0,83,75,8.0
201300036809,5,4,5,2,0,3.0,37208,72,16,36,5,7.0,6.0,6,3,1,1.0,2005,1,2.0,12,1.0,1.0,1,162,2.0
200900047974,1,22,5,2,7,7.0,97118,44,21,11,7,2.0,14.0,1,3,3,3.0,1975,9,2.0,4,0.0,0.0,203,119,2.0
201100040890,9,4,5,2,8,4.0,337,400,18,21,99,4.0,26.0,4,1,3,4.0,1940,9,2.0,5,2.0,1.0,74,265,1.0
201500026550,12,11,5,2,0,1.0,454,78,15,21,31,1.0,10.0,0,3,3,0.0,2008,3,2.0,36,1.0,1.0,280,17,4.0
201700031012,5,29,2,2,9,6.0,688,360,16,20,32,7.0,24.0,2,1,3,4.0,1938,4,2.0,10,2.0,2.0,200,660,2.0
201700052290,6,22,5,1,9,7.0,352,80,21,59,17,5.0,8.0,2,3,2,4.0,1952,2,2.0,3,2.0,1.0,87,206,0.0
200500051205,3,22,5,2,0,7.0,637,976,16,33,3,0.0,5.0,2,3,3,9.0,2004,5,2.0,5,1.0,4.0,17,265,2.0
200500075699,1,12,5,2,2,3.0,83035,250,19,55,37,6.0,5.0,8,1,3,3.0,1941,1,2.0,2,2.0,3.0,108,185,6.0
200900048801,1,20,1,2,8,2.0,546,68,20,11,19,5.0,5.0,1,2,2,4.0,1982,6,2.0,12,0.0,3.0,105,92,8.0
200800050386,1,1,2,2,2,4.0,68329,760,12,38,15,4.0,9.0,6,1,1,3.0,1988,9,3.0,-1,2.0,0.0,80,72,2.0
201700042313,2,7,2,1,0,2.0,434,490,18,24,34,1.0,23.0,1,1,1,1.0,2016,5,4.0,50,4.0,2.0,36,158,8.0
201700049472,6,5,5,2,5,3.0,6149,890,10,45,8,9.0,2.0,4,2,2,5.0,1987,7,0.0,7,2.0,2.0,210,162,2.0
200900038550,2,3,5,2,5,4.0,442,71,15,22,38,3.0,19.0,0,3,1,3.0,1908,7,2.0,10,4.0,2.0,240,160,0.0
200800014486,2,10,5,1,1,2.0,67218,47,13,5,18,8.0,5.0,8,1,1,4.0,1945,3,2.0,13,2.0,2.0,9,133,6.0
200700078727,6,21,2,2,3,3.0,2173,190,19,34,8,0.0,24.0,0,2,3,1.0,2011,3,2.0,5,2.0,3.0,6,505,8.0
200900037416,9,24,5,1,2,4.0,245,600,15,55,31,5.0,13.0,3,2,2,2.0,1990,5,3.0,5,2.0,0.0,74,194,6.0
201800026046,10,28,5,1,7,6.0,789,87,22,20,42,6.0,24.0,2,3,1,9.0,2018,6,1.0,8,2.0,3.0,170,860,1.0
201900008554,1,2,2,1,4,5.0,914,52,16,25,16,4.0,5.0,9,3,3,9.0,1991,3,2.0,5,2.0,4.0,38,26,3.0
200900056252,9,10,2,2,6,4.0,67106,72,16,0,42,1.0,2.0,9,1,1,4.0,1961,6,2.0,26,1.0,4.0,240,895,1.0
201800037361,2,2,4,1,9,1.0,38215,9,22,33,11,5.0,11.0,1,1,1,2.0,1958,6,0.0,1,2.0,4.0,110,22,3.0
201100016994,2,8,5,2,2,3.0,462,180,21,35,15,2.0,11.0,4,1,2,1.0,1974,3,1.0,8,2.0,1.0,223,186,6.0
201700006437,10,13,5,1,8,2.0,716,410,23,45,7,4.0,11.0,3,3,3,5.0,1966,2,3.0,2,4.0,1.0,54,7,6.0
200500042550,11,26,5,1,1,2.0,591,82,20,22,19,1.0,21.0,8,2,3,5.0,1980,1,2.0,9,0.0,2.0,50,430,1.0
200800059744,11,25,5,1,2,1.0,95500,41,20,11,7,4.0,9.0,5,2,2,3.0,1933,6,2.0,-1,0.0,2.0,15,750,1.0
201700033759,11,10,5,2,5,4.0,375,48,22,53,43,4.0,24.0,2,2,1,1.0,1990,6,2.0,11,3.0,0.0,364,234,1.0
201800052703,3,23,5,2,2,1.0,738,39,18,24,6,7.0,3.0,2,3,2,2.0,1908,9,2.0,26,2.0,0.0,103,600,8.0
201000047802,4,15,5,1,8,7.0,788,940,14,43,2,2.0,7.0,3,3,2,4.0,1957,5,2.0,14,3.0,4.0,59,65,1.0
201500047059,11,22,5,1,4,1.0,758,49,16,41,38,3.0,7.0,9,2,1,0.0,1910,1,2.0,3,0.0,0.0,44,650,5.0
200800076082,6,30,5,1,6,6.0,267,790,20,33,13,4.0,15.0,4,3,2,2.0,1986,6,2.0,13,4.0,1.0,504,41,5.0
201000013039,3,15,5,2,9,6.0,45234,610,21,20,35,4.0,2.0,0,2,3,9.0,1929,1,1.0,10,3.0,0.0,800,31,1.0
200700019268,3,19,5,1,3,5.0,37,201,19,5,5,6.0,6.0,4,2,2,4.0,1930,1,2.0,-1,2.0,2.0,340,150,8.0
200500041376,11,10,5,1,0,4.0,352,40,14,20,35,5.0,3.0,5,3,1,5.0,2003,6,3.0,11,3.0,4.0,49,515,3.0
201000028432,8,6,3,2,2,6.0,83012,290,19,45,32,0.0,5.0,9,2,1,1.0,1915,5,2.0,13,4.0,3.0,110,250,6.0
201200043117,6,19,5,2,1,4.0,837,330,11,17,35,1.0,6.0,2,3,3,1.0,2019,6,2.0,14,3.0,4.0,106,21,1.0
201000022164,6,13,3,2,1,3.0,59568,82,22,8,36,7.0,22.0,4,3,3,5.0,1962,6,2.0,40,4.0,1.0,17,250,2.0
200600039543,10,29,1,1,6,6.0,57038,93,18,40,16,8.0,19.0,10,2,1,0.0,1959,5,0.0,30,2.0,0.0,140,39,6.0
200900055694,3,14,1,2,2,4.0,31555,60,13,36,80,7.0,15.0,3,3,1,3.0,1936,6,4.0,40,2.0,1.0,279,324,8.0
200500046583,6,7,4,1,6,7.0,227,580,11,59,33,1.0,5.0,10,1,2,0.0,2004,4,4.0,20,0.0,1.0,143,171,3.0
201600033709,10,28,5,2,3,6.0,33321,430,18,55,4,4.0,2.0,7,2,1,3.0,1941,3,2.0,13,2.0,3.0,161,138,3.0
201300007163,10,23,4,2,5,4.0,91136,88,23,30,42,7.0,8.0,9,3,1,0.0,2013,1,2.0,7,1.0,0.0,110,640,8.0
200800047018,2,8,1,1,5,4.0,64189,300,18,38,34,9.0,3.0,9,1,3,0.0,1920,2,3.0,1,4.0,3.0,95,88,2.0
201200020719,6,6,5,1,8,3.0,647,69,21,43,40,9.0,24.0,2,1,3,4.0,1920,2,2.0,6,2.0,2.0,82,225,4.0
201400001949,9,29,5,2,0,2.0,376,971,16,5,19,5.0,19.0,7,2,2,4.0,1912,1,0.0,12,0.0,1.0,170,101,0.0
200500027124,5,26,5,1,7,4.0,79213,670,20,20,35,1.0,16.0,9,2,1,5.0,1971,4,2.0,20,0.0,0.0,58,142,4.0
201700053027,10,21,5,2,8,4.0,426,54,22,15,31,3.0,2.0,5,2,2,5.0,2001,7,2.0,6,4.0,0.0,80,179,2.0
201400025602,10,10,4,1,0,1.0,60,7,20,41,43,7.0,26.0,8,3,1,3.0,1969,1,4.0,6,1.0,2.0,88,118,5.0
200900035140,5,10,5,1,8,3.0,75115,50,16,8,60,4.0,3.0,9,1,1,5.0,1963,4,2.0,14,4.0,1.0,28,240,5.0
200600040718,8,24,5,2,2,3.0,5023,20,23,43,14,3.0,2.0,8,3,3,0.0,1986,2,1.0,14,1.0,2.0,205,68,1.0
201200007590,4,31,5,1,0,3.0,73,220,13,20,20,0.0,25.0,1,2,1,2.0,2004,7,2.0,3,1.0,4.0,20,142,1.0
200800012847,9,22,5,2,8,7.0,716,150,18,45,42,8.0,1.0,6,3,3,1.0,1961,6,4.0,7,1.0,0.0,11,182,1.0
201700057203,10,30,1,1,8,4.0,94068,720,19,24,35,3.0,6.0,1,3,1,4.0,1961,1,1.0,7,1.0,4.0,143,770,8.0
201800005345,5,18,5,2,8,7.0,51428,900,18,0,13,6.0,7.0,8,3,3,9.0,1927,9,4.0,26,0.0,3.0,330,4,4.0
200600037279,10,2,1,1,5,7.0,67212,19,12,38,40,7.0,1.0,7,2,2,2.0,1976,7,2.0,2,4.0,1.0,110,151,4.0
201000022734,4,6,5,1,0,6.0,91534,12,21,41,3,6.0,19.0,1,2,1,3.0,1968,3,2.0,50,3.0,0.0,56,409,5.0
201300009896,5,3,5,2,0,6.0,893,41,15,17,11,5.0,12.0,6,1,3,4.0,1947,6,2.0,2,1.0,3.0,7,255,0.0
201000062101,11,7,3,2,4,3.0,67,94,10,38,33,9.0,23.0,3,1,2,9.0,1937,6,3.0,50,4.0,1.0,74,340,1.0
201000062113,5,8,5,1,9,4.0,172,46,18,50,37,6.0,24.0,6,1,3,0.0,1913,9,2.0,11,0.0,1.0,57,172,2.0
201800045375,5,10,3,1,9,1.0,69027,260,11,36,32,7.0,17.0,4,1,3,3.0,1951,2,2.0,7,3.0,4.0,77,455,2.0
200600061450,5,15,5,2,8,6.0,648,28,13,8,32,5.0,5.0,7,2,3,3.0,1930,5,2.0,13,1.0,3.0,35,109,3.0
200700044219,3,8,3,2,1,1.0,92024,80,12,59,4,0.0,16.0,6,1,1,1.0,1996,6,3.0,20,3.0,4.0,280,97,8.0
200600038879,10,19,1,1,5,1.0,59431,65,16,5,1,5.0,15.0,5,2,2,5.0,1910,7,2.0,40,4.0,2.0,69,36,1.0
201700017288,3,30,5,2,5,6.0,94052,69,13,34,31,5.0,6.0,9,2,3,0.0,1937,1,2.0,-1,1.0,2.0,248,175,8.0
200500028837,2,15,4,1,7,7.0,554,89,15,17,33,1.0,16.0,0,2,1,9.0,1942,6,3.0,16,2.0,0.0,90,63,4.0
200900062526,3,20,5,2,6,4.0,336,92,15,8,10,3.0,16.0,1,1,1,4.0,1936,6,2.0,50,1.0,0.0,182,116,2.0
201500038590,5,4,4,2,1,6.0,37122,850,18,0,40,0.0,2.0,4,1,3,3.0,2009,2,2.0,40,0.0,4.0,28,550,8.0
201700014267,8,15,5,1,5,2.0,704,84,18,43,10,7.0,9.0,4,2,3,2.0,1963,2,2.0,6,3.0,4.0,180,41,8.0
201500028933,5,16,1,2,5,6.0,58289,20,16,24,38,1.0,1.0,9,3,1,1.0,1928,4,2.0,4,3.0,3.0,58,211,5.0
200600051019,10,18,5,2,4,2.0,685,230,19,34,33,9.0,6.0,9,3,2,4.0,1998,5,2.0,50,2.0,0.0,51,54,3.0
200700074461,11,29,5,1,7,6.0,49055,230,13,5,33,3.0,10.0,7,2,3,3.0,1911,5,2.0,8,3.0,3.0,115,53,6.0
201100054052,12,4,5,1,8,3.0,379,48,18,17,99,1.0,22.0,3,2,3,3.0,1956,4,2.0,4,4.0,0.0,67,140,8.0
200700072734,11,13,1,1,7,1.0,641,973,21,17,39,2.0,5.0,0,2,1,3.0,1980,1,2.0,0,2.0,3.0,212,119,8.0
200800037733,8,31,2,2,3,2.0,722,95,22,25,30,5.0,10.0,2,3,1,2.0,1921,2,2.0,20,0.0,2.0,50,130,0.0
200600036004,7,10,5,2,7,1.0,658,760,18,8,80,8.0,1.0,7,2,1,4.0,1933,5,2.0,12,2.0,3.0,153,210,8.0
200800026274,5,17,5,2,7,1.0,306,250,12,34,3,3.0,7.0,0,2,3,5.0,1926,9,2.0,26,0.0,3.0,198,158,4.0
201900057159,5,3,4,2,3,4.0,253,70,16,0,20,3.0,21.0,0,1,2,9.0,1987,1,2.0,6,0.0,0.0,39,380,2.0
201800029604,10,26,5,1,2,6.0,723,760,16,33,12,5.0,14.0,9,3,3,0.0,1965,6,1.0,40,4.0,3.0,248,375,1.0
201300005935,11,25,5,1,0,2.0,68085,190,11,57,19,0.0,2.0,6,1,2,4.0,1993,2,4.0,6,4.0,4.0,45,40,1.0
201100047188,6,1,5,1,7,5.0,2173,27,16,33,38,0.0,24.0,4,3,3,0.0,2013,2,2.0,0,3.0,0.0,121,125,8.0
201100062040,9,16,1,2,4,1.0,789,520,23,41,34,6.0,22.0,9,3,3,0.0,1947,4,2.0,13,3.0,3.0,280,17,6.0
201300035015,8,11,5,2,6,7.0,22251,1,12,57,4,2.0,25.0,3,1,1,5.0,1995,5,2.0,6,2.0,0.0,36,700,3.0
201400014522,5,22,3,1,6,3.0,31181,62,15,53,7,8.0,21.0,5,1,2,5.0,1913,7,2.0,20,4.0,2.0,23,34,3.0
201700006094,1,3,4,1,8,1.0,62548,7,11,30,20,1.0,23.0,6,2,2,1.0,1959,5,3.0,13,4.0,1.0,161,20,5.0
200900066968,3,10,5,1,5,1.0,673,78,10,53,3,3.0,2.0,2,1,1,3.0,1943,5,2.0,6,0.0,1.0,3,205,2.0
201800006956,8,4,5,2,9,2.0,344,870,16,50,42,5.0,3.0,3,3,2,3.0,1900,9,2.0,50,0.0,1.0,116,132,3.0
201400023058,11,30,5,2,4,3.0,330,14,22,21,38,2.0,13.0,6,3,1,0.0,1927,7,2.0,0,3.0,0.0,140,178,8.0
201100054765,12,1,5,1,8,3.0,94021,56,21,10,60,9.0,3.0,6,3,1,9.0,1921,5,2.0,12,2.0,1.0,121,24,4.0
201800012452,11,4,3,2,0,3.0,683,600,22,17,34,8.0,4.0,4,2,2,1.0,1917,5,4.0,10,3.0,3.0,86,146,1.0
201100009674,4,15,1,2,7,4.0,83,38,19,57,7,5.0,10.0,4,1,1,3.0,1992,1,2.0,12,2.0,2.0,60,915,8.0
201700037319,2,5,5,1,4,6.0,83073,30,10,25,21,1.0,19.0,1,3,1,9.0,1924,4,2.0,3,1.0,0.0,124,76,8.0
200700030706,8,9,3,2,8,2.0,10325,280,17,21,30,8.0,17.0,9,3,3,2.0,1947,7,1.0,10,4.0,4.0,79,590,8.0
201900005863,9,30,5,1,6,7.0,69,230,0,17,31,2.0,19.0,2,2,3,5.0,1945,3,2.0,20,3.0,2.0,650,730,0.0
200600043401,5,19,5,1,0,6.0,70381,28,11,33,36,9.0,17.0,8,2,2,3.0,2008,4,3.0,7,4.0,2.0,1,52,6.0
201500034750,3,28,5,1,9,1.0,222,830,14,25,5,4.0,17.0,9,1,3,2.0,2010,2,3.0,30,4.0,0.0,200,120,3.0
200800015411,6,22,5,1,0,3.0,59183,660,23,0,2,0.0,16.0,3,1,3,1.0,1938,3,3.0,40,2.0,3.0,32,215,8.0
200800003295,8,23,5,2,0,2.0,37045,58,11,8,12,3.0,18.0,2,2,2,3.0,1942,7,2.0,36,0.0,2.0,141,96,8.0
200500053885,4,10,5,2,0,7.0,211,21,19,20,50,1.0,21.0,4,1,3,3.0,1924,7,2.0,16,2.0,2.0,40,228,0.0
200700068376,5,28,5,2,3,5.0,67482,230,10,5,5,0.0,5.0,6,3,1,5.0,2004,9,2.0,-1,4.0,0.0,3,781,3.0
201100065117,1,22,2,1,6,6.0,13208,64,0,45,11,5.0,19.0,10,3,3,2.0,1992,7,2.0,36,3.0,3.0,53,119,0.0
200900067301,11,13,5,2,0,5.0,13204,140,10,11,2,8.0,19.0,7,2,1,1.0,1990,3,2.0,5,4.0,2.0,116,46,6.0
201800005374,6,30,5,1,9,1.0,381,870,22,41,36,6.0,2.0,8,2,3,1.0,1992,3,2.0,26,2.0,4.0,192,8,2.0
201900003221,1,4,5,2,9,2.0,71540,720,12,34,31,2.0,12.0,1,1,2,5.0,1960,7,2.0,20,3.0,3.0,406,26,6.0
201500034113,4,21,5,1,1,7.0,276,48,13,30,34,7.0,9.0,1,3,1,5.0,1913,4,1.0,50,1.0,2.0,300,53,2.0
200900052767,4,7,3,1,6,2.0,810,220,0,43,42,0.0,22.0,3,3,3,5.0,1966,1,2.0,4,0.0,0.0,95,630,2.0
200500041065,9,8,5,2,0,3.0,581,17,0,22,14,4.0,8.0,1,3,3,2.0,1960,1,2.0,5,3.0,0.0,31,999,8.0
201400037700,9,14,2,2,2,5.0,585,39,21,17,7,4.0,6.0,5,1,2,1.0,1975,7,2.0,30,3.0,4.0,26,313,5.0
201800026240,11,13,5,1,8,3.0,82,720,23,30,13,4.0,5.0,1,3,2,1.0,1951,6,2.0,7,0.0,3.0,3,273,6.0
200600012733,7,17,3,1,7,1.0,235,480,20,33,32,5.0,23.0,1,3,2,2.0,1958,9,2.0,0,1.0,0.0,48,113,0.0
200500011865,8,3,2,1,5,5.0,687,33,10,53,60,3.0,24.0,8,1,1,5.0,1957,7,2.0,9,0.0,2.0,136,760,5.0
201400019999,9,7,5,2,4,1.0,595,120,16,17,99,7.0,23.0,10,3,2,4.0,2016,7,2.0,10,1.0,3.0,140,78,2.0
201000000198,7,25,2,1,9,4.0,9328,680,11,38,31,1.0,26.0,8,1,1,3.0,1953,4,2.0,26,0.0,3.0,67,228,8.0
200500026388,12,9,5,1,6,6.0,94069,140,20,17,2,9.0,18.0,6,2,1,3.0,1995,1,2.0,4,3.0,0.0,173,920,3.0
201000046250,5,18,3,1,4,2.0,132,870,19,45,30,0.0,11.0,10,2,3,2.0,2014,2,1.0,10,2.0,4.0,16,167,0.0
200700060325,9,27,5,1,3,5.0,523,710,16,50,1,1.0,3.0,9,3,2,1.0,1924,7,2.0,36,2.0,1.0,17,76,6.0
201800024259,11,8,5,2,3,3.0,79,150,15,25,19,2.0,18.0,0,2,2,2.0,1915,9,1.0,6,3.0,2.0,62,228,8.0
200800059927,6,3,5,1,6,7.0,48,80,13,5,2,5.0,1.0,7,1,1,1.0,1908,2,2.0,1,2.0,3.0,62,79,5.0
201600051850,8,9,5,1,8,5.0,59352,65,17,53,50,6.0,26.0,9,3,1,1.0,1982,7,1.0,50,1.0,4.0,205,240,0.0
200800019824,1,3,5,2,7,4.0,681,36,13,36,99,8.0,22.0,3,2,2,5.0,1980,9,3.0,9,0.0,1.0,122,26,2.0
200800057823,11,10,5,1,8,7.0,66,51,10,22,34,4.0,8.0,7,3,2,0.0,1948,4,2.0,4,1.0,3.0,108,53,2.0
201300025082,3,10,5,1,4,3.0,746,1001,22,24,5,5.0,16.0,5,3,1,1.0,1953,6,2.0,-1,2.0,4.0,141,169,4.0
200700043128,11,23,5,2,0,6.0,29,80,19,30,7,1.0,6.0,2,1,2,5.0,1985,9,2.0,11,1.0,0.0,146,178,2.0
201000015201,11,4,5,2,3,6.0,60370,930,13,50,20,2.0,18.0,9,2,1,5.0,1913,2,2.0,6,4.0,0.0,400,713,8.0
201500040892,7,6,5,2,1,4.0,64483,29,15,5,2,8.0,2.0,9,1,2,3.0,1976,6,3.0,-1,1.0,1.0,29,425,1.0
201600048210,6,30,1,2,3,7.0,77118,950,12,45,6,4.0,5.0,8,3,2,4.0,1936,9,2.0,-1,3.0,2.0,103,195,6.0
201500052357,6,15,5,1,6,6.0,93046,180,12,17,34,9.0,1.0,10,2,3,5.0,2000,5,2.0,11,0.0,3.0,240,50,0.0
200800063228,3,26,2,1,8,7.0,91377,8,19,38,6,8.0,8.0,1,3,3,5.0,1914,3,3.0,1,4.0,4.0,135,760,5.0
200700031032,8,1,5,2,2,6.0,43,940,20,35,30,8.0,9.0,7,2,2,4.0,1924,9,2.0,5,2.0,2.0,42,234,5.0
201400009315,1,30,5,1,1,2.0,93046,61,18,35,80,2.0,3.0,1,1,2,2.0,1991,1,2.0,16,1.0,0.0,23,193,0.0
200600070594,2,11,5,2,0,3.0,50502,210,23,20,40,1.0,8.0,7,3,3,2.0,1984,5,2.0,16,4.0,4.0,72,69,0.0
201300004471,12,13,4,2,5,1.0,88379,550,14,33,5,7.0,11.0,3,1,3,9.0,1974,5,0.0,20,3.0,2.0,124,161,3.0
200700067988,4,10,5,1,6,5.0,825,47,16,38,20,2.0,20.0,0,2,3,4.0,1970,9,0.0,16,2.0,1.0,56,800,0.0
201000026962,7,14,5,2,5,1.0,732,201,18,33,31,4.0,7.0,5,1,1,4.0,1949,7,2.0,8,4.0,1.0,36,38,0.0
201800036629,7,12,5,2,6,4.0,13037,27,19,20,12,1.0,23.0,1,2,3,5.0,2010,9,2.0,12,0.0,0.0,20,57,5.0
200600067235,8,8,5,1,9,4.0,77438,630,17,10,3,5.0,10.0,5,1,1,3.0,1901,1,4.0,1,4.0,2.0,12,58,0.0
200800024033,11,27,1,2,0,4.0,69290,201,21,24,6,7.0,19.0,0,1,2,4.0,2008,9,2.0,16,4.0,3.0,122,149,2.0
201700040052,5,4,3,2,7,2.0,26198,860,12,40,4,8.0,19.0,2,2,1,4.0,1981,2,1.0,3,3.0,2.0,28,180,3.0
201000037841,3,11,2,2,3,2.0,68338,580,10,11,14,0.0,2.0,5,2,1,0.0,1948,5,2.0,-1,4.0,3.0,72,207,1.0
201100026642,12,18,5,2,6,1.0,4152,202,12,57,43,7.0,17.0,5,2,2,1.0,1963,1,2.0,20,1.0,2.0,73,71,1.0
201500021399,8,30,5,1,1,2.0,6161,840,12,25,9,4.0,12.0,0,3,3,3.0,2004,1,2.0,14,1.0,2.0,0,970,5.0
200700049254,5,17,4,2,4,5.0,731,12,10,59,35,1.0,4.0,5,1,1,5.0,1910,5,2.0,50,2.0,2.0,164,73,8.0
201700033982,6,29,5,2,9,5.0,363,820,14,10,0,6.0,24.0,6,1,2,3.0,1986,2,2.0,16,4.0,1.0,5,121,1.0
201500032624,3,22,5,2,6,2.0,395,90,13,59,2,9.0,2.0,4,1,2,5.0,1937,7,2.0,9,3.0,4.0,510,154,8.0
201000037383,10,21,5,2,7,5.0,256,880,12,55,16,9.0,12.0,8,1,3,0.0,2005,7,2.0,0,2.0,4.0,40,133,2.0
200600067080,11,30,2,2,8,3.0,216,310,20,8,2,7.0,13.0,1,2,1,3.0,2006,2,2.0,30,4.0,2.0,76,202,3.0
201000037414,2,18,5,2,9,6.0,67030,1000,23,20,38,3.0,7.0,4,2,2,1.0,1968,4,2.0,14,0.0,0.0,147,268,0.0
200800067024,8,18,5,1,7,7.0,9107,988,22,35,18,4.0,26.0,8,2,1,0.0,1971,6,2.0,9,0.0,0.0,11,176,6.0
201800004976,8,25,5,2,5,5.0,98,95,15,40,0,1.0,26.0,1,1,2,5.0,2015,2,0.0,7,2.0,1.0,24,71,6.0
200700022402,2,27,5,1,7,6.0,6149,12,15,41,21,3.0,15.0,0,1,2,1.0,1915,6,2.0,5,0.0,4.0,164,330,6.0