num_acc,mois,jour,lum,agg,int,col,com,dep,hr,mn,catv,choc,manv,place,catu,grav,trajet,an_nais,catr,circ,nbv,prof,plan,lartpc,larrout,situ
201100048032,12,19,5,1,1,1.0,46201,32,14,55,20,4.0,18.0,7,1,1,9.0,1957,7,4.0,-1,2.0,4.0,37,87,8.0
200900054540,5,31,4,2,9,6.0,7331,450,18,24,31,0.0,24.0,0,3,3,2.0,1964,2,2.0,2,4.0,3.0,22,227,0.0
201200052410,12,5,5,1,9,7.0,914,730,22,41,38,8.0,13.0,5,3,3,3.0,1933,5,3.0,11,3.0,0.0,58,657,8.0
201100048381,11,6,5,1,7,5.0,29298,190,22,21,4,7.0,14.0,2,3,1,3.0,1979,3,2.0,11,3.0,1.0,58,132,4.0
200500061850,3,2,5,2,5,7.0,85191,730,18,41,37,3.0,10.0,3,1,1,5.0,1989,6,2.0,13,1.0,0.0,11,37,8.0
200500042977,3,24,5,1,8,7.0,13028,650,20,59,12,1.0,5.0,8,1,2,2.0,2010,5,0.0,3,1.0,3.0,11,675,5.0
200500021713,10,16,5,1,2,3.0,634,1001,14,8,35,2.0,14.0,8,1,3,3.0,1966,4,1.0,3,1.0,2.0,127,430,2.0
201000005566,3,1,5,1,1,1.0,45147,800,23,43,8,2.0,26.0,5,3,3,9.0,2014,5,3.0,10,3.0,2.0,22,158,5.0
201700044113,2,10,4,2,5,1.0,533,1,22,53,43,1.0,10.0,4,1,3,2.0,1941,3,2.0,4,1.0,3.0,223,101,6.0
200900047399,8,7,2,2,9,7.0,64445,450,16,43,19,5.0,22.0,8,1,3,1.0,0,7,2.0,1,3.0,1.0,46,105,1.0
200500010293,2,22,5,2,7,6.0,688,41,18,53,16,4.0,23.0,10,1,1,1.0,1994,6,2.0,8,4.0,4.0,35,91,1.0
201200011304,12,21,5,1,7,1.0,221,14,10,41,42,9.0,20.0,6,3,2,2.0,1977,4,2.0,5,2.0,4.0,39,600,2.0
201600014019,11,19,1,1,8,6.0,749,420,22,53,34,2.0,14.0,0,3,1,4.0,1977,6,2.0,4,0.0,4.0,143,270,3.0
200700078169,1,11,4,2,6,4.0,30189,26,12,53,4,1.0,16.0,8,1,2,4.0,1952,7,2.0,-1,4.0,2.0,270,54,2.0
201000006588,3,13,1,2,7,7.0,83107,690,14,34,31,7.0,7.0,9,1,3,2.0,2004,7,2.0,10,1.0,4.0,220,815,6.0
201500050491,9,9,5,1,5,4.0,55545,8,18,21,3,4.0,5.0,7,1,2,4.0,2005,7,2.0,8,3.0,3.0,247,228,3.0
201800046167,8,28,1,2,1,7.0,278,290,10,43,8,6.0,2.0,7,2,2,2.0,1918,5,2.0,5,0.0,0.0,294,620,8.0
201200052139,6,19,5,2,3,6.0,174,280,18,33,14,0.0,24.0,4,1,1,5.0,1926,4,1.0,30,3.0,4.0,216,1,4.0
201400009333,10,9,5,2,4,4.0,50129,890,23,36,12,1.0,26.0,3,1,1,2.0,1993,1,2.0,3,4.0,1.0,88,713,6.0
201700000757,6,26,5,2,7,4.0,707,360,0,25,40,6.0,19.0,6,2,1,5.0,1945,5,4.0,7,4.0,3.0,161,3,2.0
201600008018,6,30,5,2,7,2.0,71251,540,20,0,9,5.0,24.0,6,3,2,5.0,1964,6,2.0,11,0.0,2.0,400,260,1.0
201000025761,10,30,5,2,3,5.0,896,690,23,24,30,0.0,20.0,6,1,1,3.0,2008,3,2.0,8,0.0,1.0,240,198,5.0
200800022214,2,22,5,2,1,4.0,323,900,19,36,99,2.0,20.0,9,2,3,4.0,1958,4,2.0,26,1.0,2.0,1,320,8.0
201800020075,8,7,5,2,8,4.0,49007,540,14,8,99,6.0,16.0,5,1,3,9.0,1945,4,2.0,6,3.0,1.0,21,130,3.0
201900057309,10,18,5,2,4,3.0,164,700,20,40,34,3.0,8.0,10,3,1,3.0,2003,9,4.0,16,0.0,1.0,13,118,8.0
200900059004,5,3,5,2,0,3.0,305,46,0,25,14,2.0,8.0,2,3,2,1.0,1952,6,2.0,50,1.0,3.0,125,250,8.0
200600014567,11,27,5,1,7,6.0,132,21,13,55,50,5.0,23.0,10,1,1,2.0,1941,9,2.0,-1,3.0,3.0,198,257,3.0
200600034808,4,1,2,1,4,6.0,7010,57,13,30,18,2.0,0.0,6,2,2,9.0,1936,6,2.0,3,3.0,1.0,95,615,5.0
201000039804,1,10,5,1,2,7.0,317,24,16,10,15,5.0,22.0,4,1,2,5.0,1967,1,2.0,5,3.0,0.0,24,133,1.0
201700049818,11,3,5,2,5,2.0,266,5,10,55,0,5.0,15.0,1,2,1,1.0,1961,9,4.0,1,3.0,4.0,23,95,4.0
200500042317,6,25,5,1,8,1.0,572,91,15,40,21,0.0,14.0,4,1,2,0.0,1964,1,1.0,40,3.0,2.0,205,915,2.0
200900026159,1,26,4,1,4,1.0,35238,220,12,0,7,4.0,1.0,3,2,3,2.0,2016,6,2.0,8,3.0,2.0,17,10,0.0
200600079271,4,28,5,1,0,5.0,579,55,12,33,14,7.0,22.0,9,3,2,3.0,1988,7,4.0,14,0.0,4.0,14,265,0.0
200500071695,9,3,5,1,9,7.0,825,80,12,8,36,0.0,0.0,6,1,2,0.0,1916,5,3.0,13,4.0,2.0,280,95,0.0
201800019672,7,15,5,2,8,7.0,746,7,15,15,60,2.0,19.0,10,3,2,2.0,1993,7,2.0,1,3.0,1.0,225,187,2.0
200600037051,8,4,5,2,5,1.0,78126,59,19,33,99,7.0,14.0,10,3,3,3.0,1970,7,4.0,2,4.0,1.0,94,80,1.0
201400038534,5,1,4,2,7,4.0,572,540,14,40,8,0.0,25.0,3,3,1,1.0,1919,9,2.0,50,1.0,2.0,223,324,8.0
200600052914,6,12,5,1,6,2.0,76,710,14,34,1,6.0,6.0,6,1,2,3.0,1946,9,2.0,16,3.0,1.0,141,640,0.0
200700026496,9,12,5,1,4,2.0,26243,190,0,36,31,1.0,3.0,6,3,3,0.0,2012,2,2.0,0,3.0,0.0,137,425,5.0
201500035484,4,6,5,1,0,2.0,589,32,12,11,38,2.0,23.0,5,2,1,9.0,1932,3,2.0,0,2.0,1.0,207,111,8.0
201300002380,12,6,5,2,9,6.0,483,710,10,21,43,7.0,15.0,5,2,1,2.0,1999,1,1.0,8,0.0,2.0,102,800,8.0
200900004844,8,7,5,2,5,7.0,418,600,0,45,19,2.0,13.0,2,3,2,1.0,1924,6,2.0,30,0.0,4.0,200,490,2.0
200800060677,4,6,5,1,3,3.0,348,33,16,53,39,0.0,14.0,6,1,2,2.0,2005,4,3.0,20,0.0,1.0,150,200,4.0
201400054713,11,28,5,2,7,7.0,240,69,18,17,21,2.0,16.0,4,2,3,9.0,1979,1,2.0,50,0.0,4.0,118,305,0.0
201800013307,8,10,2,2,4,1.0,62480,930,17,10,39,3.0,19.0,6,1,1,5.0,1992,9,3.0,40,3.0,4.0,18,193,1.0
201800051070,7,8,5,2,7,1.0,141,1,23,17,18,6.0,21.0,4,3,1,5.0,1950,6,4.0,9,0.0,4.0,198,121,0.0
200600026562,5,15,5,2,1,7.0,259,170,0,20,30,0.0,9.0,7,1,2,9.0,1915,4,4.0,4,3.0,3.0,137,36,2.0
201400012553,2,31,5,2,3,1.0,424,240,18,40,4,2.0,13.0,7,1,1,9.0,1931,2,2.0,5,0.0,3.0,53,44,5.0
201100012912,10,29,5,2,7,5.0,90,81,13,45,2,7.0,22.0,0,3,2,1.0,1944,5,2.0,30,0.0,2.0,19,325,2.0
201400000015,10,23,5,1,8,5.0,369,930,15,38,4,9.0,9.0,2,2,2,0.0,2016,9,2.0,3,1.0,1.0,24,128,3.0
200800076260,10,24,3,1,5,4.0,753,170,16,22,30,7.0,26.0,2,1,1,0.0,2011,4,2.0,0,4.0,3.0,513,174,8.0
200900063891,8,6,2,2,8,6.0,603,940,0,15,15,0.0,21.0,10,1,2,5.0,0,4,2.0,20,4.0,0.0,50,53,3.0
201600026966,6,13,5,1,0,4.0,648,83,19,59,8,9.0,18.0,1,3,1,4.0,1949,1,2.0,3,4.0,4.0,23,17,4.0
201100042883,9,24,3,1,5,3.0,37184,1,17,5,13,5.0,15.0,10,3,3,9.0,2019,2,2.0,9,1.0,0.0,48,324,4.0
200800025531,1,7,1,1,8,5.0,348,300,22,22,80,7.0,22.0,8,3,3,0.0,2012,9,2.0,26,1.0,3.0,56,242,4.0
201500044920,7,15,3,1,2,6.0,114,25,14,5,17,0.0,26.0,9,3,2,5.0,1905,6,2.0,36,1.0,0.0,137,730,5.0
200800071041,6,17,5,2,8,5.0,232,54,23,50,38,9.0,26.0,1,1,1,5.0,1908,7,2.0,5,2.0,2.0,164,815,8.0
200900067047,9,29,4,1,8,2.0,104,390,10,43,30,0.0,16.0,10,2,1,3.0,1937,4,2.0,3,2.0,1.0,330,132,1.0
201100012688,12,25,5,1,0,4.0,171,520,22,43,60,8.0,12.0,6,3,1,3.0,1909,3,2.0,30,3.0,3.0,82,720,3.0
201500010407,11,5,5,2,2,6.0,264,64,20,8,17,9.0,3.0,0,3,2,9.0,2018,1,4.0,16,3.0,4.0,19,64,5.0
200600045784,6,8,5,1,9,7.0,41,56,21,40,36,9.0,11.0,1,3,3,9.0,1942,7,2.0,10,0.0,0.0,4,384,4.0
200500050074,10,1,3,1,0,5.0,425,33,0,20,30,3.0,26.0,4,2,3,2.0,1969,5,2.0,30,1.0,1.0,77,615,2.0
201200010634,11,25,5,2,5,7.0,68332,240,20,17,6,6.0,21.0,2,2,1,3.0,1998,3,2.0,11,3.0,2.0,121,313,3.0
201500006869,10,21,4,1,0,1.0,40111,27,23,43,33,7.0,26.0,9,2,3,4.0,1969,4,2.0,4,0.0,3.0,26,950,6.0
200700033221,5,27,5,1,7,7.0,564,650,18,5,39,7.0,9.0,3,3,2,9.0,1977,4,2.0,3,4.0,1.0,223,92,6.0
201100007743,8,28,5,2,3,3.0,22259,70,14,33,36,2.0,0.0,4,3,2,4.0,2007,9,2.0,2,0.0,3.0,200,245,0.0
201100001582,12,15,5,1,7,3.0,40192,590,14,50,42,4.0,8.0,9,2,1,4.0,1960,3,2.0,50,4.0,4.0,66,268,8.0
201500025656,9,22,5,2,9,5.0,25056,950,17,5,5,5.0,2.0,5,2,1,2.0,1999,3,2.0,4,1.0,1.0,161,75,4.0
200600079271,4,14,3,2,2,7.0,31396,640,18,21,6,1.0,13.0,10,2,2,2.0,1934,7,4.0,12,3.0,2.0,294,176,6.0
201200028090,11,12,5,2,0,2.0,491,480,23,53,39,4.0,25.0,4,3,1,4.0,2002,3,2.0,36,3.0,2.0,59,109,8.0
200600073008,8,7,5,1,4,3.0,237,26,14,30,7,4.0,4.0,7,1,1,5.0,1970,6,2.0,16,3.0,1.0,100,17,8.0
201100036248,10,23,4,1,6,2.0,592,46,12,41,12,8.0,21.0,5,2,1,3.0,1940,9,2.0,7,0.0,0.0,31,213,3.0
201000008378,7,18,1,2,8,3.0,94003,29,17,20,0,0.0,6.0,4,1,3,5.0,2013,2,2.0,9,3.0,0.0,77,230,1.0
201600007700,7,20,5,1,4,5.0,75103,400,22,36,15,4.0,18.0,2,2,1,5.0,1926,1,2.0,0,3.0,1.0,194,29,2.0
201100039369,8,4,5,2,8,3.0,404,1000,10,21,0,0.0,18.0,5,2,3,1.0,1997,3,2.0,6,1.0,1.0,709,42,4.0
200500071839,2,15,5,2,8,7.0,370,240,12,15,17,2.0,25.0,5,2,3,5.0,1911,6,1.0,16,4.0,4.0,77,80,3.0
201700017303,9,11,4,1,4,4.0,497,170,23,21,80,6.0,12.0,6,3,3,9.0,2009,1,3.0,8,3.0,4.0,83,860,0.0
200900065678,5,2,5,1,9,4.0,74101,32,11,20,13,1.0,7.0,6,2,1,9.0,1925,4,2.0,-1,4.0,4.0,132,690,5.0
201400005743,1,24,1,1,9,2.0,92022,240,12,40,36,4.0,0.0,6,1,1,3.0,1964,4,2.0,4,4.0,1.0,94,550,1.0
201100043518,7,22,4,1,1,2.0,97611,84,14,17,40,2.0,25.0,8,1,1,3.0,1920,3,2.0,20,1.0,4.0,260,90,6.0
201400036552,3,13,5,2,3,1.0,34199,580,22,11,36,6.0,13.0,9,3,2,9.0,1929,6,2.0,11,3.0,4.0,105,52,3.0
201700021445,4,27,5,1,0,2.0,536,14,14,10,13,1.0,16.0,10,1,3,0.0,1991,1,2.0,13,2.0,3.0,275,243,1.0
201800034878,6,1,3,1,1,3.0,56260,62,13,41,35,8.0,3.0,0,2,2,2.0,1927,3,2.0,16,0.0,3.0,75,62,8.0
200500047962,11,4,5,1,3,1.0,412,70,16,5,7,9.0,8.0,6,1,1,1.0,1991,7,2.0,7,1.0,1.0,142,20,3.0
201600048965,11,30,5,2,9,7.0,716,60,15,11,36,4.0,1.0,10,3,1,4.0,1987,3,3.0,36,3.0,1.0,31,113,8.0
201600005688,1,12,5,2,9,6.0,75113,58,16,24,4,3.0,10.0,3,2,2,9.0,1988,1,2.0,6,0.0,3.0,216,630,1.0
201500051627,5,24,5,2,6,7.0,413,600,10,41,60,8.0,6.0,9,2,3,2.0,2008,4,1.0,12,2.0,1.0,101,124,6.0
200700021915,1,21,4,2,4,6.0,78,340,18,34,13,8.0,22.0,8,2,2,0.0,2008,5,2.0,9,4.0,4.0,79,650,8.0
201500048552,12,24,5,2,6,4.0,91161,100,13,50,4,8.0,18.0,4,1,3,2.0,1910,7,0.0,8,4.0,2.0,72,248,6.0
200700076095,2,19,5,2,1,4.0,93048,9,16,25,33,7.0,8.0,0,2,3,2.0,1959,2,3.0,11,1.0,2.0,43,600,3.0
201300006608,3,8,5,2,9,3.0,37159,92,18,38,42,1.0,23.0,7,3,3,0.0,1989,7,2.0,16,4.0,1.0,22,540,3.0
200600030717,8,19,5,1,3,4.0,368,21,17,8,1,8.0,17.0,7,2,2,1.0,1967,1,2.0,7,4.0,0.0,279,93,5.0
200800050692,3,28,2,1,4,7.0,97209,130,12,41,35,2.0,7.0,9,1,1,0.0,2004,9,2.0,20,3.0,3.0,84,126,5.0
201900057288,3,16,5,1,3,5.0,22152,51,13,41,80,9.0,10.0,8,3,2,2.0,1979,1,0.0,10,3.0,1.0,212,99,1.0
200800005898,12,14,5,1,4,4.0,5176,870,18,10,31,3.0,19.0,8,2,3,9.0,1990,1,2.0,6,3.0,2.0,10,98,5.0
200500067006,2,21,5,2,5,4.0,66136,370,15,20,39,9.0,23.0,9,2,2,0.0,1919,7,2.0,2,1.0,0.0,104,740,0.0
200700083822,5,8,5,1,8,4.0,98817,720,20,22,18,6.0,24.0,3,2,3,1.0,1949,6,4.0,6,1.0,2.0,180,112,4.0
201600055695,4,1,5,2,2,5.0,668,140,20,59,14,6.0,2.0,1,1,1,1.0,1915,5,2.0,14,4.0,1.0,147,264,8.0
200900011769,12,19,5,1,6,2.0,303,47,13,0,35,3.0,10.0,1,3,2,4.0,1998,4,2.0,20,2.0,2.0,207,105,1.0
201000051266,8,20,1,2,2,5.0,99,900,16,24,10,1.0,14.0,4,3,1,5.0,1956,9,2.0,12,4.0,2.0,41,196,6.0
200700077250,4,25,2,1,2,3.0,509,400,19,45,14,3.0,19.0,0,2,2,5.0,1910,1,2.0,9,2.0,2.0,205,32,3.0
201300034993,12,8,5,2,4,1.0,4,880,20,30,3,8.0,19.0,9,3,3,5.0,1971,4,2.0,1,0.0,1.0,115,630,1.0
201100063922,11,24,5,1,6,6.0,18205,47,11,36,21,1.0,21.0,8,3,1,4.0,1965,1,2.0,16,4.0,1.0,42,185,0.0
200500058849,1,29,5,2,3,7.0,584,38,17,57,5,9.0,19.0,10,2,1,3.0,1910,7,2.0,-1,3.0,1.0,513,255,4.0
201600053019,4,5,2,2,9,6.0,1034,930,19,41,19,3.0,23.0,8,3,2,0.0,1933,2,2.0,2,1.0,0.0,33,142,8.0
201400031329,11,16,5,2,3,4.0,66136,75,16,20,42,9.0,13.0,10,3,2,1.0,1924,3,2.0,1,1.0,1.0,260,490,8.0
200700025235,12,13,5,2,8,6.0,34141,85,12,8,31,0.0,20.0,0,2,3,4.0,1927,4,2.0,20,3.0,0.0,7,450,8.0
200800065504,9,11,5,2,3,7.0,38468,300,10,22,40,8.0,17.0,2,1,1,4.0,1915,4,2.0,3,1.0,2.0,32,221,3.0
201600036724,3,21,5,2,0,3.0,60024,790,22,5,15,6.0,7.0,10,1,3,1.0,2019,2,3.0,5,3.0,3.0,513,217,2.0
201100000750,8,3,3,2,2,5.0,376,73,17,15,43,6.0,14.0,10,1,3,4.0,1955,6,2.0,-1,1.0,2.0,141,254,4.0
201400029801,10,6,5,2,3,6.0,602,52,21,57,16,5.0,14.0,4,1,1,9.0,1986,1,4.0,36,2.0,2.0,147,605,4.0
201700016477,10,3,5,2,2,3.0,452,790,15,10,17,8.0,18.0,7,1,2,2.0,1938,3,1.0,20,1.0,1.0,390,254,6.0
201800012204,1,8,5,2,5,5.0,379,940,22,0,9,5.0,10.0,7,3,3,9.0,1929,7,3.0,11,1.0,1.0,40,40,8.0
201000017945,12,28,5,1,1,3.0,417,720,22,55,30,5.0,6.0,5,3,1,3.0,1994,2,2.0,4,0.0,4.0,79,15,4.0
200900059447,5,30,5,2,5,7.0,89352,95,22,15,99,0.0,15.0,9,3,1,9.0,2013,1,0.0,14,2.0,3.0,21,75,3.0
201800042403,12,22,5,1,1,6.0,868,66,23,53,37,3.0,19.0,6,1,1,0.0,1920,4,0.0,3,1.0,4.0,4,260,6.0
201500008995,6,15,5,1,5,1.0,148,2,13,43,60,7.0,13.0,7,3,2,5.0,1942,7,2.0,11,2.0,3.0,63,150,4.0
201000019964,4,1,5,1,7,6.0,13059,57,20,8,1,7.0,12.0,5,3,1,4.0,1958,7,0.0,1,1.0,3.0,63,570,0.0
200700041517,12,12,5,2,1,4.0,187,820,20,5,1,3.0,22.0,9,3,1,3.0,1991,5,2.0,30,2.0,4.0,12,128,5.0
200500087345,2,17,5,1,8,6.0,77284,100,19,25,40,6.0,20.0,1,1,1,1.0,1971,2,3.0,13,2.0,3.0,70,300,8.0
201000000180,2,9,5,2,2,1.0,76231,430,13,41,7,7.0,13.0,10,3,2,3.0,1932,3,2.0,26,0.0,0.0,85,198,6.0
200800019539,1,20,3,1,7,6.0,26347,86,15,22,99,3.0,14.0,8,1,2,3.0,1971,7,2.0,7,1.0,4.0,38,710,5.0
201400021213,3,5,5,2,3,5.0,382,630,17,34,36,7.0,14.0,5,3,3,4.0,1934,7,2.0,7,1.0,4.0,150,172,2.0
201000060124,1,17,1,2,9,1.0,92,58,14,10,2,8.0,17.0,0,3,3,4.0,1912,5,2.0,7,1.0,1.0,55,202,8.0
201300000472,8,21,3,1,7,6.0,587,52,14,15,5,4.0,14.0,0,1,1,5.0,1946,4,2.0,6,3.0,4.0,164,1,1.0
201200035976,11,5,4,1,7,3.0,298,250,14,57,10,3.0,6.0,4,1,1,5.0,1959,3,2.0,36,4.0,1.0,406,999,4.0
200800043479,10,28,5,2,4,5.0,499,640,14,57,15,3.0,26.0,2,2,3,5.0,1975,7,2.0,7,3.0,0.0,504,9,1.0
201300011901,2,10,5,1,8,1.0,31181,57,22,15,80,7.0,26.0,1,1,3,3.0,1995,7,2.0,50,0.0,1.0,72,171,1.0
200600072525,1,28,5,2,8,1.0,45169,69,16,25,0,1.0,3.0,6,2,1,1.0,1917,3,2.0,16,2.0,4.0,248,28,8.0
201400056234,2,28,5,2,7,6.0,268,230,10,50,18,3.0,11.0,8,1,2,5.0,1978,3,0.0,5,3.0,3.0,294,260,2.0
200700035430,10,3,5,2,7,3.0,85191,976,10,20,32,0.0,14.0,6,1,1,5.0,2003,7,2.0,13,0.0,4.0,22,186,1.0
201400052817,11,30,2,1,8,6.0,97213,19,21,59,36,8.0,11.0,5,3,1,4.0,1971,9,4.0,5,3.0,2.0,600,60,8.0
200700040478,9,27,1,2,1,2.0,16337,490,12,11,60,4.0,17.0,4,3,1,4.0,2001,2,4.0,13,0.0,4.0,330,168,6.0
200600004088,8,9,5,1,0,5.0,91589,100,22,30,16,3.0,17.0,10,1,3,5.0,1934,7,2.0,3,1.0,2.0,3,35,0.0
200500011393,3,4,4,1,0,2.0,69092,988,18,53,50,1.0,20.0,2,1,1,2.0,1909,5,2.0,12,2.0,2.0,160,169,5.0
201700015343,11,28,5,1,3,5.0,69081,69,19,20,40,3.0,18.0,8,3,3,2.0,1960,7,2.0,2,0.0,0.0,200,13,1.0
201300001851,1,24,3,1,0,6.0,597,68,13,25,50,5.0,2.0,1,2,3,5.0,1976,4,4.0,0,3.0,0.0,800,313,6.0
200600057637,3,23,5,2,6,2.0,608,260,10,22,99,3.0,0.0,3,3,2,2.0,1952,2,2.0,50,1.0,0.0,225,315,8.0
200700019815,4,23,5,1,2,4.0,762,420,11,17,8,2.0,22.0,3,2,1,5.0,0,3,2.0,1,3.0,3.0,279,505,8.0
201200029787,6,24,5,2,4,7.0,10066,320,18,0,60,0.0,21.0,4,2,3,1.0,1921,6,4.0,3,0.0,3.0,43,925,1.0
201500017041,12,22,5,2,0,5.0,77246,41,0,25,6,8.0,6.0,10,1,3,4.0,1912,1,2.0,40,0.0,3.0,29,38,1.0
201400031453,4,9,5,1,5,6.0,660,900,22,21,99,3.0,10.0,8,1,2,5.0,1982,6,2.0,8,2.0,0.0,101,86,0.0
200800029791,6,23,1,1,4,5.0,19005,430,15,10,15,8.0,4.0,6,1,2,4.0,1979,6,2.0,7,4.0,1.0,127,72,0.0
200900059028,10,5,5,1,6,7.0,904,890,21,53,12,6.0,24.0,4,2,3,4.0,1959,1,0.0,7,2.0,3.0,60,44,0.0
200800028477,1,15,5,1,9,1.0,49007,31,21,43,0,7.0,20.0,2,3,1,1.0,1964,1,2.0,4,4.0,1.0,76,80,4.0
200700038652,9,4,3,1,9,3.0,410,520,15,17,6,4.0,15.0,4,2,2,3.0,2003,1,3.0,3,2.0,4.0,650,720,6.0
201800017939,11,14,5,2,8,1.0,40065,7,13,17,80,4.0,1.0,7,3,1,5.0,1940,6,4.0,14,3.0,4.0,59,62,5.0
200700066619,1,9,5,1,1,6.0,82,202,16,8,60,1.0,1.0,4,2,2,0.0,1999,5,2.0,12,1.0,2.0,248,217,3.0
201200062073,8,14,5,2,3,7.0,339,11,22,20,37,5.0,9.0,10,3,1,1.0,2007,1,1.0,36,2.0,0.0,54,67,4.0
200600060016,2,19,1,1,2,1.0,79216,870,14,53,50,2.0,9.0,6,3,3,9.0,1916,4,0.0,4,3.0,2.0,9,650,2.0
201500045029,10,4,5,2,2,6.0,67365,680,15,17,99,7.0,14.0,5,3,3,1.0,2011,6,2.0,13,0.0,1.0,900,45,8.0
200900023886,2,3,3,2,1,3.0,806,940,16,43,16,9.0,21.0,4,1,1,5.0,1961,5,4.0,12,3.0,1.0,90,92,2.0
201500004451,3,2,5,2,4,5.0,755,940,18,50,14,7.0,1.0,2,2,1,0.0,2001,9,4.0,3,2.0,3.0,650,166,3.0
200700072386,4,31,5,2,1,2.0,725,140,23,33,10,4.0,2.0,1,1,3,4.0,1968,6,2.0,11,4.0,2.0,82,104,4.0
200500026944,6,24,5,1,4,1.0,64122,973,22,45,42,7.0,18.0,5,2,2,3.0,1982,7,2.0,14,4.0,3.0,192,183,5.0
200700005929,12,19,5,1,4,6.0,499,870,10,59,36,9.0,19.0,2,3,3,2.0,1932,7,3.0,12,4.0,3.0,198,860,5.0
201600026206,12,11,5,2,3,3.0,172,1000,17,35,31,3.0,10.0,0,2,2,5.0,1956,9,3.0,40,2.0,0.0,70,268,0.0
201800000493,7,22,5,1,3,1.0,652,76,12,55,39,1.0,13.0,4,3,1,2.0,2002,3,2.0,-1,3.0,2.0,70,33,5.0
201700032297,8,4,1,2,0,1.0,238,54,10,33,3,3.0,25.0,3,2,2,4.0,1946,3,2.0,13,0.0,2.0,16,206,1.0
200800058013,1,5,5,1,5,1.0,576,44,20,43,13,7.0,0.0,10,3,2,3.0,1978,3,0.0,14,0.0,4.0,450,657,5.0
200800012796,8,16,1,1,7,3.0,31,220,0,20,13,6.0,12.0,10,2,3,9.0,1926,3,1.0,12,0.0,3.0,43,675,5.0
200800053182,1,7,5,2,8,5.0,355,590,15,36,31,7.0,25.0,7,3,3,1.0,1979,2,2.0,9,4.0,2.0,102,415,6.0
200900065128,7,7,5,2,7,4.0,349,40,22,22,21,1.0,23.0,9,3,3,4.0,2003,4,2.0,40,2.0,2.0,142,89,2.0
201100049019,1,22,4,1,4,5.0,78283,550,22,0,17,2.0,3.0,4,1,3,0.0,1932,4,2.0,2,1.0,0.0,63,270,2.0
200600035766,12,18,3,2,8,7.0,664,15,11,25,36,0.0,2.0,6,1,1,4.0,1979,6,3.0,1,3.0,4.0,248,90,8.0
201400033069,1,25,5,1,1,1.0,13019,240,10,59,17,9.0,18.0,5,2,2,9.0,1997,9,2.0,36,3.0,3.0,47,380,6.0
201500057251,9,30,4,2,0,4.0,744,630,16,33,14,0.0,4.0,2,2,1,0.0,1908,5,3.0,2,4.0,4.0,310,267,6.0
201700010046,12,8,5,1,3,7.0,36139,36,13,50,13,7.0,17.0,9,3,2,2.0,1944,2,2.0,12,1.0,3.0,108,68,8.0
200700009042,6,15,2,1,4,4.0,75117,21,23,22,9,3.0,19.0,4,1,1,3.0,1967,6,0.0,0,4.0,3.0,135,895,1.0
200500002178,9,15,5,1,0,7.0,54431,43,13,10,38,5.0,17.0,0,1,1,4.0,2019,5,2.0,14,1.0,3.0,95,164,1.0
200900071341,11,14,5,1,7,3.0,355,46,15,50,21,5.0,8.0,3,2,2,0.0,1993,5,2.0,1,4.0,0.0,270,170,8.0
201200045059,9,4,5,1,1,1.0,825,38,0,53,3,7.0,15.0,0,1,2,5.0,1972,3,2.0,13,2.0,4.0,73,89,1.0
201400029211,12,27,5,2,8,5.0,106,950,12,17,35,5.0,25.0,7,1,3,2.0,2009,6,2.0,16,1.0,2.0,210,11,6.0
201400048614,12,5,1,2,5,4.0,754,400,21,50,0,6.0,22.0,2,2,1,1.0,2014,7,2.0,36,3.0,3.0,37,175,8.0
201600052987,11,28,4,2,1,2.0,5079,320,23,35,80,6.0,17.0,5,3,2,4.0,1993,6,3.0,5,2.0,4.0,82,205,6.0
200500084962,3,11,1,2,8,6.0,681,420,0,34,18,2.0,24.0,7,1,2,0.0,2011,2,2.0,30,2.0,2.0,160,224,3.0
200700078302,1,14,4,1,0,1.0,42145,46,21,55,21,8.0,12.0,10,1,1,4.0,1990,6,2.0,26,1.0,1.0,122,129,6.0
200500084541,4,16,5,2,2,7.0,471,310,16,21,13,0.0,1.0,7,3,3,4.0,1986,1,2.0,6,0.0,2.0,127,153,4.0
201000013388,8,24,5,1,6,3.0,72246,85,16,36,38,4.0,0.0,8,2,1,9.0,2008,3,2.0,26,3.0,1.0,4,252,2.0
201700052558,9,30,5,1,3,5.0,237,972,14,50,50,2.0,9.0,1,3,1,2.0,1988,4,2.0,3,2.0,1.0,260,108,4.0
201100021905,6,5,5,1,6,2.0,408,320,14,36,7,6.0,24.0,3,2,3,9.0,1919,3,3.0,2,2.0,0.0,203,271,4.0
201500022536,10,17,5,1,8,2.0,186,30,16,21,99,5.0,25.0,10,2,2,9.0,1953,7,4.0,4,2.0,2.0,12,187,8.0
201400052856,7,8,5,1,1,6.0,759,30,12,21,50,5.0,13.0,10,1,3,9.0,1969,1,2.0,6,1.0,3.0,23,177,2.0
200600020356,10,25,5,2,1,1.0,605,70,23,33,0,8.0,13.0,2,3,2,0.0,2014,3,1.0,50,4.0,2.0,100,148,8.0
201300047105,8,2,5,2,3,5.0,110,130,13,40,60,2.0,5.0,9,1,2,5.0,1969,4,2.0,2,1.0,0.0,270,590,1.0