num_acc,mois,jour,lum,agg,int,col,com,dep,hr,mn,catv,choc,manv,place,catu,grav,trajet,an_nais,catr,circ,nbv,prof,plan,lartpc,larrout,situ
200900055390,7,6,5,1,8,7.0,56121,30,14,30,30,5.0,18.0,2,2,2,5.0,1982,5,2.0,16,2.0,4.0,70,103,5.0
200500061937,12,16,5,2,8,4.0,40065,80,16,53,42,4.0,2.0,9,1,1,1.0,1929,2,2.0,14,0.0,3.0,38,4,4.0
201000051825,11,22,5,2,8,4.0,354,60,20,10,80,0.0,18.0,8,2,3,0.0,1994,9,2.0,12,4.0,1.0,203,151,5.0
201800000610,6,8,5,2,5,7.0,151,890,13,57,15,5.0,23.0,2,2,3,3.0,1977,7,2.0,7,2.0,1.0,4,314,5.0
201500001795,10,26,1,1,5,2.0,97611,71,18,40,14,6.0,0.0,9,1,2,5.0,1942,7,2.0,9,0.0,2.0,86,119,2.0
200800068351,9,1,4,1,0,6.0,271,590,20,30,33,5.0,13.0,7,3,2,0.0,1973,5,2.0,6,1.0,4.0,71,69,3.0
200500066683,2,31,5,1,7,3.0,290,17,10,17,19,5.0,20.0,7,2,3,2.0,1912,2,2.0,5,2.0,0.0,212,168,3.0
201700033253,6,30,3,2,0,6.0,19234,54,19,25,10,2.0,8.0,2,1,2,2.0,2001,1,2.0,11,0.0,0.0,280,228,0.0
201200029219,3,19,5,2,6,7.0,174,67,19,53,11,6.0,22.0,7,2,2,0.0,1986,6,4.0,13,1.0,1.0,35,52,8.0
201000027560,7,4,5,1,7,5.0,694,75,14,22,30,4.0,12.0,4,2,3,3.0,1941,2,3.0,12,4.0,1.0,709,22,0.0
201300003674,11,23,5,2,1,6.0,85191,830,18,15,36,5.0,21.0,2,1,1,4.0,1927,5,2.0,7,1.0,0.0,99,208,4.0
201600006431,1,23,3,2,6,7.0,30341,750,20,8,1,8.0,16.0,8,3,2,1.0,1943,3,3.0,5,4.0,2.0,134,29,5.0
201700049610,8,22,5,2,4,4.0,45147,30,15,30,80,2.0,13.0,1,1,3,2.0,1912,2,2.0,30,4.0,3.0,49,29,6.0
201400009833,6,16,5,2,1,1.0,7,750,13,50,43,3.0,2.0,5,3,1,5.0,1919,6,2.0,2,0.0,1.0,192,185,0.0
201200056054,6,31,5,2,4,4.0,893,82,14,34,34,2.0,15.0,1,1,2,9.0,1955,5,2.0,14,3.0,3.0,74,210,2.0
201300040681,11,20,5,1,2,1.0,435,80,11,53,15,6.0,8.0,7,1,1,1.0,1928,3,1.0,11,4.0,2.0,55,177,2.0
201300001561,2,31,5,2,5,1.0,409,5,17,43,4,6.0,9.0,9,3,2,4.0,2004,7,2.0,12,0.0,4.0,58,186,2.0
201400043342,1,9,4,1,3,4.0,83065,43,17,11,2,8.0,22.0,0,3,2,4.0,1987,4,2.0,20,2.0,1.0,203,800,4.0
200500071797,4,10,5,2,5,2.0,27123,35,12,8,37,0.0,7.0,1,3,1,0.0,1920,6,2.0,26,0.0,1.0,72,31,5.0
200900024510,4,22,5,2,8,2.0,94046,610,16,30,19,8.0,24.0,9,1,2,9.0,1975,3,2.0,1,4.0,3.0,105,430,6.0
201700022275,9,2,2,1,2,6.0,28148,280,15,43,16,6.0,9.0,7,2,1,5.0,1935,4,3.0,9,4.0,4.0,60,166,4.0
201200019988,7,24,5,2,3,1.0,92063,67,21,36,13,7.0,17.0,5,3,2,3.0,1955,1,0.0,20,2.0,1.0,136,355,6.0
200600040036,11,10,5,1,4,3.0,60090,440,14,38,4,8.0,3.0,5,1,2,9.0,1936,6,2.0,20,0.0,1.0,110,171,8.0
201200041028,2,14,5,2,8,2.0,97209,56,0,50,99,0.0,18.0,5,2,3,0.0,1970,9,2.0,36,2.0,4.0,247,384,0.0
201500046058,4,27,5,1,3,7.0,2168,430,14,53,16,9.0,0.0,3,3,2,4.0,1933,9,3.0,0,0.0,1.0,65,94,5.0
200700053661,12,20,5,1,0,1.0,85,700,18,35,6,7.0,7.0,10,3,2,2.0,1972,1,2.0,0,3.0,0.0,13,550,4.0
200800007747,9,14,5,2,1,2.0,2173,66,11,43,43,0.0,23.0,7,3,2,2.0,1996,2,2.0,9,3.0,0.0,15,175,8.0
201600053422,5,2,5,2,6,4.0,69264,19,21,5,37,0.0,7.0,8,2,3,0.0,1929,7,2.0,10,1.0,2.0,140,29,0.0
201000031817,4,10,5,1,8,3.0,654,69,10,38,15,6.0,20.0,3,3,2,0.0,1987,7,1.0,50,3.0,2.0,21,15,0.0
200600019254,6,5,5,1,3,5.0,150,43,12,17,31,9.0,3.0,10,2,1,0.0,1932,1,2.0,36,2.0,3.0,122,163,3.0
201100016515,9,21,5,1,6,6.0,467,18,21,11,18,8.0,3.0,10,1,1,3.0,1951,4,2.0,4,0.0,4.0,164,92,4.0
200600070847,7,24,3,2,2,1.0,767,480,13,45,42,0.0,10.0,6,1,1,9.0,1921,5,2.0,0,0.0,1.0,300,97,3.0
200900005569,8,14,5,1,4,3.0,34242,68,18,41,14,8.0,3.0,9,2,3,0.0,1945,7,2.0,4,2.0,1.0,95,420,8.0
201400027662,9,1,4,1,3,3.0,436,15,20,43,99,3.0,0.0,1,1,2,4.0,2018,3,2.0,12,2.0,4.0,46,113,4.0
201500038429,5,16,5,1,4,3.0,446,39,11,17,16,5.0,7.0,3,3,2,0.0,1954,7,2.0,7,1.0,1.0,27,15,6.0
200500074796,4,23,5,2,7,4.0,187,19,12,25,31,9.0,9.0,10,1,2,5.0,1911,3,2.0,30,2.0,1.0,115,657,3.0
201500051295,8,17,5,2,3,3.0,37281,180,23,20,3,4.0,25.0,0,1,2,2.0,1999,9,4.0,30,3.0,1.0,10,314,3.0
201000012803,4,2,4,1,3,6.0,133,987,13,33,7,3.0,16.0,2,2,2,4.0,2008,7,2.0,8,1.0,0.0,98,112,2.0
201600024904,9,6,5,1,9,1.0,52116,780,20,53,14,0.0,9.0,4,3,1,0.0,2001,5,3.0,6,0.0,2.0,47,154,1.0
200500070293,7,2,2,2,1,4.0,38348,63,20,30,34,2.0,19.0,1,3,2,4.0,2008,1,2.0,36,3.0,1.0,504,107,0.0
200600009866,12,21,5,1,6,3.0,1142,71,22,10,31,3.0,12.0,2,1,2,0.0,1997,7,2.0,13,0.0,4.0,73,61,8.0
201100057038,6,5,5,2,2,6.0,83107,48,22,10,15,1.0,13.0,6,3,3,2.0,2009,2,2.0,-1,4.0,3.0,71,28,0.0
200700082276,9,8,5,1,1,2.0,49246,110,0,33,4,3.0,24.0,1,2,3,2.0,1923,5,2.0,9,4.0,1.0,44,815,4.0
201900008643,7,17,5,2,2,7.0,175,31,14,41,32,7.0,11.0,7,1,2,9.0,1958,7,2.0,20,4.0,4.0,49,197,2.0
201800049294,1,16,5,1,2,3.0,664,270,14,34,33,5.0,21.0,9,3,3,0.0,1960,2,2.0,20,4.0,4.0,58,650,6.0
200600031036,6,28,3,1,8,5.0,21567,450,14,35,17,1.0,1.0,8,1,1,3.0,1901,7,2.0,11,1.0,4.0,84,340,0.0
201800021204,6,1,5,1,2,4.0,556,22,18,5,10,0.0,9.0,7,3,3,4.0,1998,6,2.0,3,4.0,2.0,41,145,1.0
201500015237,10,31,5,2,6,5.0,456,20,12,25,50,4.0,25.0,7,1,1,4.0,1912,4,2.0,13,1.0,0.0,250,134,8.0
201000057563,11,15,5,2,6,7.0,561,290,15,5,16,5.0,17.0,9,1,1,5.0,1974,6,4.0,3,0.0,4.0,3,790,6.0
201600050194,6,5,5,1,3,4.0,515,91,12,53,38,2.0,24.0,1,2,1,3.0,1987,6,2.0,20,1.0,4.0,102,141,0.0
201700028403,11,21,5,2,8,3.0,85,21,15,50,10,3.0,2.0,2,2,2,1.0,1937,2,2.0,3,2.0,0.0,510,255,8.0
201800004866,2,7,4,2,3,3.0,37184,46,19,38,10,7.0,9.0,8,1,3,0.0,2009,7,2.0,7,4.0,1.0,121,360,4.0
200700048485,5,22,5,1,1,4.0,431,54,17,11,43,2.0,17.0,0,3,1,5.0,1980,6,2.0,11,0.0,3.0,182,204,1.0
200500062624,10,16,4,1,9,4.0,29259,987,14,15,6,3.0,8.0,0,1,1,3.0,2013,9,3.0,9,0.0,3.0,116,125,1.0
201200038057,7,22,5,1,6,1.0,67212,290,12,24,0,6.0,26.0,2,1,1,5.0,2012,3,4.0,13,0.0,3.0,513,570,8.0
200600072136,12,23,5,2,5,5.0,94038,770,22,25,37,5.0,18.0,8,2,1,4.0,1920,9,2.0,4,0.0,0.0,203,228,3.0
200800002393,3,5,5,2,1,2.0,105,600,13,8,10,1.0,20.0,3,3,3,3.0,1900,7,2.0,30,3.0,4.0,212,163,1.0
201500028984,7,9,3,1,6,3.0,95116,310,18,5,34,9.0,8.0,0,3,2,1.0,1952,7,2.0,0,0.0,1.0,248,214,5.0
201200035558,12,2,5,1,2,3.0,93072,640,13,30,38,1.0,23.0,1,3,1,5.0,1950,2,0.0,12,0.0,1.0,29,400,4.0
200700084286,10,14,5,1,3,2.0,648,57,11,50,13,1.0,26.0,6,1,1,3.0,1964,1,0.0,2,1.0,1.0,3,58,8.0
201000007734,6,10,5,1,3,4.0,139,34,16,36,13,0.0,15.0,10,1,1,9.0,2002,6,2.0,14,1.0,1.0,101,212,6.0
201800002584,4,22,2,2,9,4.0,13212,550,13,5,7,2.0,18.0,0,1,1,5.0,1969,4,2.0,26,1.0,0.0,210,715,8.0
200900014255,5,9,5,1,9,7.0,7072,390,13,25,11,9.0,2.0,9,2,3,1.0,1943,3,0.0,2,4.0,0.0,82,65,8.0
200600052956,7,26,1,1,9,6.0,60370,52,15,20,50,3.0,1.0,8,3,3,3.0,1943,2,2.0,10,0.0,2.0,160,520,1.0
201000057058,1,4,5,2,0,6.0,592,350,18,15,36,5.0,17.0,6,3,1,9.0,0,9,4.0,4,4.0,2.0,142,189,5.0
201000029673,9,7,5,1,4,1.0,623,660,18,45,40,1.0,9.0,7,2,1,4.0,1977,9,2.0,5,3.0,2.0,197,590,6.0
201900001169,8,21,5,1,8,2.0,8,840,22,24,60,7.0,4.0,8,1,2,4.0,1959,1,3.0,40,3.0,0.0,300,384,2.0
200700049522,7,3,5,2,8,6.0,297,87,16,22,11,2.0,18.0,5,1,2,2.0,1996,2,2.0,20,4.0,4.0,101,315,1.0
200900031173,10,4,5,1,1,3.0,92026,930,21,24,42,8.0,14.0,1,3,2,5.0,1977,5,2.0,10,2.0,3.0,61,213,1.0
201600057769,8,29,4,1,4,7.0,138,40,10,11,40,9.0,9.0,8,2,2,2.0,1926,7,3.0,0,4.0,3.0,216,657,2.0
201500026492,12,9,2,2,5,2.0,697,6,18,34,9,8.0,15.0,0,3,2,9.0,1935,7,2.0,14,4.0,2.0,150,161,6.0
201500046709,10,15,2,1,8,1.0,145,510,19,21,13,9.0,15.0,6,2,3,0.0,1939,3,1.0,0,4.0,1.0,250,138,5.0
200900066302,12,26,5,1,3,3.0,198,400,15,0,17,1.0,21.0,4,2,2,3.0,1922,1,0.0,36,4.0,3.0,16,187,5.0
201500033732,5,23,5,2,6,7.0,409,14,11,36,37,0.0,17.0,5,3,2,3.0,1993,7,0.0,9,3.0,0.0,107,713,8.0
200500023348,7,19,1,2,2,6.0,664,988,19,25,36,3.0,24.0,9,2,2,5.0,1941,4,2.0,9,2.0,2.0,75,34,8.0
200700047753,2,1,5,1,6,2.0,323,1000,16,59,6,6.0,20.0,10,3,2,9.0,2013,4,4.0,6,0.0,0.0,20,143,3.0
200900064818,9,21,5,2,6,2.0,97128,62,22,24,18,2.0,6.0,7,2,3,3.0,2019,9,2.0,20,0.0,4.0,504,210,2.0
201100016828,12,29,2,1,6,7.0,42,1000,14,24,38,6.0,25.0,2,1,3,0.0,2008,2,1.0,12,4.0,4.0,270,815,8.0
201000037414,2,26,1,1,1,1.0,75120,650,0,59,3,0.0,4.0,9,2,3,3.0,1940,3,2.0,26,4.0,3.0,2,27,5.0
201100058953,10,20,5,1,3,2.0,37108,30,20,0,5,2.0,1.0,9,3,2,1.0,1913,9,2.0,8,1.0,4.0,34,176,1.0
201200060510,11,20,5,1,0,1.0,13210,710,11,24,35,0.0,4.0,1,2,2,0.0,1985,3,0.0,-1,4.0,3.0,68,191,4.0
201500048093,11,14,5,1,1,4.0,42187,510,20,53,19,2.0,20.0,0,1,1,5.0,1930,5,2.0,1,4.0,3.0,36,105,1.0
201300038770,2,6,5,1,4,2.0,97209,57,21,11,50,5.0,15.0,5,1,3,9.0,1966,9,2.0,36,4.0,3.0,364,430,4.0
201000058716,12,24,5,2,2,4.0,294,76,23,11,16,1.0,14.0,7,2,3,1.0,2003,4,2.0,10,4.0,1.0,164,222,4.0
200900026182,12,19,5,2,0,2.0,341,43,19,30,99,3.0,20.0,3,2,3,0.0,1908,2,2.0,14,1.0,2.0,27,60,1.0
200900060128,7,13,5,1,5,7.0,267,38,0,57,11,8.0,18.0,10,3,3,5.0,1999,1,2.0,3,4.0,3.0,3,113,4.0
201700036752,10,10,4,1,2,2.0,632,10,14,11,37,3.0,2.0,2,3,2,0.0,1990,5,2.0,13,1.0,4.0,194,105,0.0
200500048160,3,14,5,2,0,7.0,91201,440,10,55,3,4.0,17.0,7,3,3,9.0,1977,1,2.0,10,0.0,0.0,55,190,8.0
201100025295,4,7,5,2,1,7.0,478,46,15,43,8,2.0,26.0,5,3,2,9.0,1930,1,2.0,12,0.0,3.0,113,55,1.0
201200036569,8,13,4,1,4,7.0,59431,460,23,10,12,3.0,1.0,10,2,1,5.0,1900,6,3.0,13,3.0,1.0,102,41,1.0
200500047675,2,28,5,1,3,4.0,820,220,23,34,20,6.0,8.0,1,3,2,9.0,1917,4,2.0,6,4.0,2.0,194,520,5.0
201100039114,6,2,3,2,5,5.0,547,510,13,43,0,8.0,19.0,1,1,2,1.0,2006,3,4.0,30,2.0,2.0,13,12,2.0
201800027605,12,31,5,2,6,6.0,14118,38,13,15,15,6.0,6.0,8,3,3,2.0,2010,2,3.0,12,0.0,3.0,800,97,4.0
200500081635,6,29,2,1,2,5.0,94015,130,20,0,14,8.0,9.0,7,2,3,2.0,1909,1,2.0,10,0.0,1.0,240,95,6.0
200900051356,4,20,3,2,5,3.0,136,27,15,22,38,6.0,25.0,2,3,1,1.0,1935,7,0.0,14,2.0,3.0,66,150,1.0
200700066732,10,10,5,2,4,4.0,199,690,23,8,37,7.0,21.0,4,2,3,2.0,1963,4,2.0,30,2.0,0.0,96,205,1.0
200500017771,5,17,5,2,2,3.0,393,630,15,15,9,7.0,19.0,3,2,2,1.0,2007,5,0.0,4,1.0,1.0,960,127,2.0
200700045466,8,29,5,1,3,1.0,622,66,21,17,4,3.0,13.0,7,1,2,9.0,1948,1,4.0,12,2.0,2.0,216,112,6.0
200700026539,7,31,5,2,0,1.0,5079,520,23,53,8,6.0,22.0,0,3,3,1.0,1987,3,2.0,-1,3.0,3.0,120,910,6.0
200600045781,9,10,5,1,2,6.0,218,520,19,34,9,4.0,24.0,4,2,2,0.0,1959,3,2.0,12,2.0,1.0,43,160,5.0
200900040314,5,24,5,1,0,6.0,694,42,11,50,10,6.0,4.0,0,1,2,4.0,1920,6,2.0,50,4.0,3.0,115,119,2.0
201500008595,1,31,5,2,5,6.0,439,610,18,59,43,2.0,7.0,1,2,1,0.0,1933,1,2.0,4,4.0,4.0,248,205,5.0
201600057389,5,6,5,2,3,2.0,59183,974,10,8,16,5.0,7.0,7,1,2,3.0,1981,5,1.0,14,2.0,2.0,68,615,5.0
200500051119,5,2,5,2,5,4.0,801,22,19,10,36,9.0,7.0,1,3,1,5.0,1998,9,2.0,10,4.0,1.0,5,32,0.0
201000046911,7,31,5,1,0,6.0,486,17,22,33,8,0.0,22.0,4,1,2,5.0,1935,4,2.0,0,0.0,1.0,101,203,8.0
200800037638,12,26,5,2,3,4.0,75111,88,21,38,13,0.0,13.0,5,2,1,9.0,1981,7,2.0,3,3.0,1.0,122,143,8.0
200700075396,9,18,2,2,8,7.0,771,5,16,24,33,9.0,25.0,9,1,3,9.0,1909,6,2.0,40,2.0,4.0,182,730,4.0
201600038078,11,2,4,2,4,4.0,676,74,20,17,60,3.0,20.0,1,1,3,0.0,1926,3,1.0,6,4.0,0.0,99,247,5.0
200500020718,5,30,1,2,1,5.0,26226,57,10,34,0,8.0,16.0,1,3,3,0.0,1951,9,1.0,12,4.0,2.0,103,37,8.0
201000004144,8,25,5,1,8,4.0,236,95,13,55,50,6.0,10.0,8,2,1,0.0,1905,4,2.0,0,3.0,0.0,33,82,8.0
201400004514,3,31,5,2,3,2.0,732,79,18,45,6,2.0,12.0,1,3,1,3.0,1938,4,2.0,4,4.0,0.0,194,165,8.0
201200051859,4,28,5,1,6,2.0,275,680,10,30,1,6.0,18.0,8,2,1,5.0,1910,3,0.0,50,1.0,4.0,900,165,4.0
201800046802,8,21,5,1,1,1.0,80001,92,17,53,12,4.0,12.0,4,3,2,0.0,1955,7,2.0,11,4.0,3.0,94,95,6.0
200500062810,11,4,5,1,1,7.0,675,79,16,43,6,2.0,24.0,4,3,2,4.0,1955,2,3.0,3,2.0,2.0,39,208,3.0
201800040941,4,22,5,2,7,3.0,678,63,15,15,38,3.0,12.0,4,3,1,1.0,1973,2,2.0,6,4.0,4.0,88,320,1.0
201700030917,12,29,5,1,8,6.0,153,830,22,5,30,5.0,5.0,4,2,3,3.0,1912,5,4.0,8,1.0,1.0,2,740,3.0
201000023445,3,18,5,2,7,1.0,914,110,18,35,12,0.0,0.0,7,2,3,0.0,2006,7,2.0,40,1.0,2.0,106,190,3.0
201800024636,6,30,2,1,2,3.0,398,58,23,15,10,9.0,3.0,1,3,2,9.0,1983,7,2.0,13,4.0,3.0,121,15,1.0
201700040200,11,9,5,1,7,2.0,62869,300,15,22,35,9.0,6.0,10,1,1,0.0,2005,7,2.0,7,2.0,3.0,73,128,4.0
201200055046,12,22,5,1,6,1.0,37233,400,19,17,18,7.0,0.0,1,1,1,3.0,1963,3,2.0,12,2.0,1.0,55,27,4.0
201800046342,2,15,4,2,3,1.0,362,120,17,0,30,8.0,23.0,0,2,1,2.0,2005,6,4.0,14,4.0,3.0,101,282,3.0
200500073545,5,23,3,2,5,2.0,377,440,20,40,6,3.0,22.0,1,2,1,1.0,1913,7,2.0,7,1.0,2.0,340,224,1.0
201000040671,12,31,5,1,9,5.0,590,890,11,22,11,8.0,9.0,6,3,2,5.0,2009,7,2.0,4,0.0,2.0,71,168,2.0
200700027446,10,3,2,2,4,6.0,659,27,21,5,2,7.0,11.0,4,3,2,1.0,2019,5,2.0,4,2.0,2.0,37,532,3.0
200700073166,10,19,5,2,4,1.0,12300,300,19,21,17,1.0,16.0,3,3,1,0.0,1955,7,2.0,6,0.0,4.0,251,231,6.0
200500073092,7,13,5,2,6,2.0,669,610,20,17,30,1.0,24.0,10,2,1,4.0,1973,3,2.0,36,2.0,0.0,44,116,3.0
201500013097,9,6,5,1,8,2.0,64122,86,0,34,10,7.0,15.0,0,3,2,0.0,1915,4,2.0,16,1.0,2.0,65,305,4.0
201100049504,5,14,5,2,6,7.0,74307,26,17,21,8,7.0,0.0,1,1,1,4.0,1924,6,2.0,3,3.0,3.0,67,176,8.0
200500084879,10,26,5,2,1,2.0,26,700,23,41,33,0.0,6.0,8,2,1,9.0,2008,6,2.0,10,4.0,1.0,114,270,3.0
200800034009,6,29,1,1,2,2.0,49015,65,12,0,37,8.0,22.0,4,3,3,4.0,1949,9,2.0,30,3.0,2.0,67,280,5.0
200800053494,2,4,5,1,7,6.0,92012,37,11,20,38,0.0,14.0,8,1,3,1.0,1933,9,0.0,20,1.0,4.0,47,50,5.0
200500022529,11,15,5,2,2,5.0,218,760,19,20,10,3.0,7.0,7,3,1,0.0,2017,6,2.0,8,1.0,1.0,128,154,5.0
201300039231,10,17,2,2,6,5.0,351,39,12,59,40,2.0,8.0,8,1,2,0.0,1980,6,0.0,6,1.0,0.0,44,915,1.0
201700031012,2,29,5,2,0,4.0,393,86,10,20,30,0.0,13.0,6,2,3,5.0,2001,4,1.0,30,1.0,1.0,77,615,8.0
201300051392,4,14,2,2,2,6.0,7,550,14,40,37,2.0,25.0,8,2,2,1.0,1967,5,1.0,7,2.0,2.0,108,425,5.0
200600013006,7,2,1,1,3,4.0,624,51,19,35,4,1.0,11.0,10,1,2,9.0,1984,9,2.0,20,4.0,2.0,108,118,4.0
200600006668,4,9,5,2,6,7.0,76660,610,18,50,9,7.0,0.0,2,1,3,9.0,1912,6,1.0,13,2.0,2.0,71,45,6.0
201500028089,5,3,5,2,4,1.0,426,51,19,38,7,5.0,14.0,8,3,3,3.0,1918,6,4.0,4,4.0,1.0,106,580,2.0
200500013071,2,26,5,2,0,3.0,244,21,20,24,39,1.0,18.0,4,3,3,4.0,1984,2,2.0,50,3.0,0.0,38,52,8.0
200800031095,2,25,5,1,5,3.0,72025,380,14,25,0,9.0,18.0,7,2,2,0.0,1961,3,2.0,20,1.0,2.0,115,31,6.0
200900051343,10,8,5,2,7,6.0,610,1000,23,17,0,7.0,19.0,3,3,1,0.0,2003,6,2.0,4,2.0,4.0,49,49,6.0
200700026453,4,19,4,2,7,4.0,589,971,15,34,33,1.0,2.0,0,1,2,9.0,2016,2,1.0,50,0.0,4.0,200,188,5.0
201700031569,9,27,5,1,0,4.0,31587,14,15,36,80,8.0,22.0,7,2,3,3.0,1970,2,3.0,5,4.0,4.0,35,167,4.0
200700010690,10,9,5,1,6,2.0,34282,220,15,57,50,7.0,18.0,2,2,1,9.0,2001,5,2.0,4,4.0,0.0,66,162,1.0
201200024948,7,9,5,1,1,6.0,59568,29,18,41,37,7.0,6.0,6,2,3,1.0,1975,7,0.0,14,3.0,0.0,406,109,2.0
201700015194,8,27,5,1,3,3.0,139,9,17,35,30,8.0,18.0,9,3,2,5.0,2019,3,3.0,2,1.0,0.0,141,142,5.0
201400018289,12,20,5,2,7,3.0,137,972,12,40,14,7.0,18.0,0,2,3,4.0,1973,5,2.0,10,4.0,3.0,98,33,6.0
200800047491,12,16,2,1,2,6.0,197,972,13,45,19,8.0,17.0,4,2,1,3.0,1995,4,2.0,16,3.0,3.0,280,107,4.0
201400021038,9,24,5,1,6,4.0,92050,810,16,20,5,4.0,2.0,10,3,3,5.0,1933,6,2.0,11,2.0,4.0,147,35,8.0
201100044558,4,12,5,1,2,2.0,200,530,11,5,18,5.0,4.0,0,1,2,1.0,1974,6,1.0,8,4.0,3.0,23,248,4.0
201000013514,3,6,5,2,7,5.0,742,270,0,45,15,1.0,4.0,8,1,3,9.0,1951,7,2.0,30,3.0,4.0,0,168,8.0
201200043210,12,23,2,2,7,3.0,732,410,22,10,34,2.0,13.0,8,1,3,2.0,1992,5,0.0,5,1.0,1.0,95,580,5.0
200800047542,12,25,5,1,6,6.0,93073,610,16,8,16,3.0,5.0,10,3,3,2.0,2012,5,1.0,11,1.0,0.0,87,117,2.0
201200042689,6,5,5,1,8,3.0,250,95,10,43,60,3.0,8.0,8,3,2,5.0,1950,9,2.0,50,1.0,3.0,510,600,1.0
201100026864,5,2,3,1,1,4.0,48,9,21,57,30,6.0,19.0,1,1,3,3.0,1973,2,2.0,-1,3.0,3.0,58,713,8.0
201100012665,7,28,2,2,5,6.0,346,680,18,35,42,9.0,8.0,3,1,1,5.0,1999,3,4.0,8,3.0,1.0,194,713,5.0
201000008479,7,5,5,2,0,6.0,22084,360,19,5,3,5.0,23.0,10,3,3,4.0,1977,2,2.0,11,1.0,0.0,137,82,0.0
201400017501,10,26,3,2,3,7.0,79076,570,17,40,37,9.0,4.0,2,2,3,1.0,1959,5,2.0,4,4.0,3.0,118,192,3.0
200600025014,4,21,5,2,0,4.0,14024,600,18,11,14,3.0,0.0,2,1,2,1.0,1993,4,2.0,9,1.0,0.0,251,365,8.0
200900067085,9,23,5,1,6,2.0,52093,730,11,55,31,3.0,5.0,0,1,1,3.0,1931,6,2.0,8,2.0,3.0,210,146,5.0
200800063516,9,14,5,1,2,4.0,188,64,21,15,1,6.0,15.0,2,1,1,5.0,1958,9,2.0,10,2.0,0.0,9,720,6.0
201100036441,5,24,5,2,1,1.0,547,81,17,57,37,3.0,22.0,3,1,2,2.0,1966,5,2.0,36,1.0,4.0,103,90,6.0
200600011781,10,15,5,1,3,2.0,395,84,13,21,21,6.0,24.0,5,2,3,4.0,2009,7,4.0,26,1.0,0.0,56,54,8.0
200900030297,11,26,4,2,4,5.0,432,880,17,5,4,4.0,12.0,1,3,3,3.0,1933,3,2.0,5,2.0,3.0,900,154,3.0
201200017909,6,20,2,1,7,3.0,117,370,22,25,13,2.0,14.0,5,1,3,5.0,2007,3,2.0,40,1.0,1.0,54,121,4.0
200700012741,1,1,5,2,2,2.0,69389,971,12,50,42,7.0,8.0,8,2,1,2.0,1983,3,4.0,36,0.0,0.0,98,69,0.0
201000032425,9,9,5,2,5,7.0,738,32,22,34,30,7.0,15.0,2,1,2,9.0,1988,4,2.0,20,4.0,1.0,105,123,0.0
201500054323,4,29,1,1,0,2.0,263,140,21,25,80,6.0,19.0,10,3,2,2.0,1941,7,0.0,1,0.0,1.0,98,61,6.0
201500001149,10,27,5,2,7,7.0,124,730,21,50,17,6.0,8.0,2,2,1,1.0,1984,5,2.0,6,1.0,3.0,77,900,5.0
200500013587,9,27,5,2,6,5.0,62528,9,10,15,99,3.0,14.0,3,1,1,5.0,1949,5,1.0,5,1.0,2.0,127,182,2.0
201100042763,8,15,5,2,0,1.0,67030,120,0,55,36,6.0,2.0,1,3,3,4.0,1901,4,2.0,3,3.0,3.0,84,155,4.0
200800031542,6,1,5,2,2,7.0,6113,20,19,55,0,0.0,12.0,4,3,2,2.0,2000,7,2.0,20,2.0,4.0,294,199,2.0
201700035028,6,26,5,1,0,5.0,75117,810,13,53,0,2.0,1.0,0,3,3,1.0,1945,5,2.0,11,0.0,4.0,99,187,4.0
201500016249,8,9,5,1,1,5.0,95116,36,23,17,32,6.0,11.0,2,2,1,4.0,1995,4,2.0,26,1.0,0.0,101,17,5.0
201500032415,10,2,5,1,1,5.0,34242,320,21,10,17,6.0,7.0,1,1,3,2.0,1957,3,2.0,2,1.0,0.0,70,123,2.0
200500074274,9,20,3,2,6,5.0,75117,880,23,5,80,4.0,6.0,3,1,3,0.0,1908,1,3.0,10,0.0,0.0,216,26,0.0
200900040513,1,28,4,2,7,6.0,39326,590,21,40,13,7.0,6.0,9,3,2,4.0,1982,9,2.0,6,3.0,4.0,120,280,8.0
200600075470,2,10,5,2,9,1.0,25050,86,13,38,30,3.0,5.0,7,3,1,3.0,1984,4,2.0,10,1.0,0.0,23,38,6.0
201000000561,10,12,1,2,3,3.0,730,900,19,5,3,0.0,15.0,4,3,3,5.0,1995,2,4.0,2,1.0,1.0,108,169,2.0
201500017229,2,29,5,1,6,6.0,742,730,23,20,99,0.0,23.0,3,1,1,0.0,2005,3,2.0,16,3.0,2.0,450,254,8.0
201300033014,8,16,5,1,5,4.0,13071,410,18,8,30,0.0,12.0,1,1,2,4.0,1990,2,4.0,6,2.0,4.0,250,94,8.0
201500010708,12,14,5,1,0,5.0,582,110,22,57,80,5.0,9.0,2,1,3,0.0,1932,4,2.0,1,3.0,4.0,280,-81,0.0
200700056116,4,11,5,1,6,6.0,95116,41,23,40,32,3.0,7.0,3,2,2,1.0,1929,4,3.0,7,4.0,4.0,900,111,0.0
201500044727,10,22,5,1,2,3.0,691,490,0,22,21,1.0,12.0,5,1,2,1.0,1986,7,2.0,16,3.0,4.0,2,145,1.0
201000036804,6,2,5,1,3,4.0,68195,350,21,59,13,2.0,0.0,0,1,2,2.0,1913,2,3.0,40,0.0,4.0,84,205,8.0