num_acc,mois,jour,lum,agg,int,col,com,dep,hr,mn,catv,choc,manv,place,catu,grav,trajet,an_nais,catr,circ,nbv,prof,plan,lartpc,larrout,situ
201300045232,6,17,3,2,1,2.0,86066,52,15,25,33,0.0,7.0,10,2,2,9.0,1932,9,0.0,-1,1.0,0.0,45,141,5.0
201100039978,12,2,5,2,9,2.0,95500,32,16,20,13,6.0,26.0,5,2,3,2.0,1952,4,2.0,6,3.0,0.0,216,204,1.0
200500053724,7,17,5,1,2,6.0,40065,17,21,17,19,1.0,0.0,8,3,3,4.0,1987,9,2.0,14,1.0,4.0,120,137,8.0
200800038998,9,20,5,1,6,7.0,78217,900,23,11,21,3.0,23.0,9,3,3,0.0,1995,1,3.0,8,0.0,1.0,90,155,2.0
200700011361,9,4,5,2,0,4.0,49246,490,21,11,20,2.0,11.0,9,2,3,4.0,1996,5,2.0,13,3.0,4.0,61,130,2.0
201200001953,6,16,2,1,3,7.0,556,46,19,43,10,6.0,2.0,5,1,1,5.0,2001,4,2.0,1,1.0,0.0,4,150,8.0
201000012610,6,1,5,1,4,1.0,170,650,20,41,1,8.0,4.0,4,1,2,1.0,1961,1,2.0,36,1.0,2.0,143,46,6.0
200600000993,1,29,5,1,5,5.0,220,490,23,17,80,3.0,11.0,1,3,2,0.0,1946,6,2.0,-1,3.0,0.0,150,66,6.0
201300042643,7,11,5,1,0,3.0,14118,67,18,25,12,0.0,4.0,9,1,3,1.0,1951,6,2.0,30,2.0,4.0,127,151,0.0
201400048977,5,25,2,2,4,6.0,85191,490,17,35,31,0.0,3.0,2,3,2,2.0,1994,5,2.0,13,2.0,1.0,95,119,2.0
201000053301,7,7,2,2,8,6.0,59569,160,21,45,34,5.0,5.0,10,1,3,4.0,1927,7,2.0,13,2.0,1.0,200,224,4.0
200900073261,11,10,5,2,0,2.0,38317,48,23,5,12,3.0,25.0,6,1,2,1.0,1951,5,1.0,30,3.0,1.0,207,520,6.0
201800002188,3,15,5,2,0,1.0,718,52,20,53,34,7.0,2.0,6,1,3,2.0,1950,4,1.0,26,4.0,3.0,45,193,0.0
201200054448,5,31,5,1,1,5.0,264,290,21,41,16,9.0,10.0,1,2,3,0.0,1961,2,1.0,40,3.0,3.0,30,197,6.0
201600042276,8,25,5,1,2,5.0,907,10,23,38,38,5.0,8.0,0,2,1,2.0,1952,1,2.0,16,3.0,2.0,504,145,8.0
201400010290,2,28,4,2,1,3.0,572,16,23,25,17,3.0,19.0,0,2,2,9.0,2000,4,2.0,20,4.0,0.0,121,64,5.0
200600078709,9,30,3,1,3,7.0,353,988,16,17,15,8.0,9.0,2,3,3,3.0,1928,3,2.0,50,2.0,3.0,77,730,6.0
200500079585,5,7,5,2,6,5.0,112,150,18,25,80,5.0,6.0,5,2,3,1.0,2017,9,2.0,9,2.0,3.0,35,81,5.0
201800034958,5,31,5,2,2,5.0,841,520,23,36,0,6.0,3.0,1,2,2,2.0,2006,9,2.0,50,0.0,3.0,32,325,8.0
201300039320,5,16,5,2,5,5.0,573,976,22,57,50,0.0,11.0,6,2,2,2.0,2006,5,1.0,16,3.0,0.0,48,90,3.0
201000045926,10,30,4,1,1,7.0,776,85,17,40,42,9.0,21.0,5,1,3,5.0,1958,9,3.0,20,4.0,0.0,128,940,5.0
201600003254,1,25,2,2,5,5.0,186,340,12,33,5,4.0,9.0,5,2,2,1.0,1978,3,2.0,10,3.0,3.0,192,1,4.0
200900019666,6,14,4,2,7,7.0,91161,50,18,57,8,7.0,20.0,0,1,1,2.0,1951,5,2.0,36,3.0,3.0,0,154,3.0
200700059905,6,4,5,1,5,2.0,13210,510,13,34,18,1.0,23.0,2,3,1,1.0,1926,9,2.0,14,4.0,4.0,170,172,8.0
200500061842,1,17,5,1,3,1.0,69385,660,11,30,40,3.0,18.0,4,1,1,5.0,1950,3,2.0,30,2.0,2.0,47,87,0.0
200700039810,10,1,5,1,5,1.0,37045,650,22,34,6,9.0,10.0,10,2,1,0.0,1953,3,2.0,10,0.0,2.0,194,243,1.0
201000028562,4,15,5,2,7,2.0,82,52,14,50,80,9.0,12.0,3,1,1,0.0,1916,3,2.0,0,3.0,4.0,44,268,3.0
201600037661,2,28,5,2,9,3.0,673,54,19,20,9,2.0,20.0,0,3,3,9.0,2011,7,2.0,12,2.0,4.0,960,32,6.0
201600014323,5,25,4,1,4,7.0,557,62,0,20,39,8.0,8.0,9,1,1,0.0,1927,9,4.0,16,2.0,2.0,104,1,0.0
201800044869,9,28,1,2,9,3.0,861,56,18,57,18,2.0,16.0,2,3,3,0.0,1933,4,2.0,4,4.0,1.0,24,107,1.0
201500041133,6,13,5,2,4,7.0,17347,850,0,8,21,2.0,8.0,6,3,3,2.0,1911,6,2.0,12,4.0,0.0,136,384,2.0
201600015300,10,4,5,1,9,1.0,214,76,23,11,40,2.0,9.0,7,1,1,1.0,1944,4,2.0,-1,0.0,4.0,55,153,3.0
200900025540,10,30,1,1,8,3.0,178,380,11,17,13,2.0,9.0,1,3,3,3.0,1966,9,2.0,40,4.0,1.0,94,740,1.0
200900017226,11,19,5,2,3,2.0,93073,710,19,25,38,4.0,20.0,8,1,1,5.0,1923,5,3.0,14,4.0,4.0,11,9,2.0
201700041511,4,18,5,1,9,4.0,91691,790,12,53,60,9.0,19.0,4,1,3,4.0,1929,4,1.0,5,3.0,3.0,33,211,6.0
201600027987,12,6,1,1,0,7.0,67371,660,18,41,11,1.0,22.0,4,1,2,4.0,1923,9,2.0,20,4.0,3.0,200,85,0.0
201600048210,3,6,5,1,0,4.0,41173,70,14,36,9,2.0,6.0,8,3,2,9.0,1999,1,1.0,7,4.0,0.0,57,22,8.0
201200039125,11,1,5,2,2,3.0,3118,130,0,34,21,8.0,4.0,5,1,3,9.0,1901,2,2.0,30,4.0,0.0,136,171,2.0
201400019417,1,19,2,2,3,1.0,34321,29,0,34,13,9.0,19.0,5,3,2,2.0,1964,1,2.0,9,0.0,3.0,340,760,8.0
200600057526,2,1,5,1,5,4.0,682,42,17,24,21,3.0,10.0,9,2,3,3.0,2007,3,3.0,26,2.0,2.0,101,173,6.0
201000049233,6,9,5,1,7,5.0,22251,170,18,50,8,1.0,25.0,3,2,2,5.0,1974,5,3.0,13,0.0,1.0,41,120,8.0
201600010304,12,14,4,1,3,4.0,355,590,17,30,42,2.0,13.0,7,2,1,3.0,1915,7,2.0,26,1.0,0.0,160,455,3.0
200600052138,12,1,3,1,7,4.0,61006,220,16,25,80,3.0,11.0,5,1,3,5.0,1976,4,2.0,11,2.0,1.0,83,130,1.0
201700059405,2,23,5,1,8,3.0,516,79,22,24,38,3.0,10.0,5,3,2,3.0,1950,9,2.0,-1,1.0,2.0,128,34,4.0
201500034682,11,14,4,1,2,7.0,793,940,10,5,33,3.0,21.0,4,2,2,2.0,1927,4,2.0,40,4.0,1.0,37,820,3.0
200900037915,12,9,4,2,7,5.0,566,78,11,33,37,4.0,2.0,4,3,3,5.0,1981,5,2.0,30,2.0,4.0,58,151,1.0
201000065026,7,5,5,1,3,3.0,431,920,11,8,17,1.0,2.0,8,3,2,9.0,2016,5,2.0,-1,2.0,0.0,56,129,2.0
201200002684,1,24,5,1,1,2.0,64122,700,0,30,7,9.0,14.0,4,2,2,2.0,2006,9,1.0,1,0.0,1.0,100,75,1.0
200600053333,10,6,2,1,3,7.0,71,500,18,24,0,8.0,21.0,4,3,1,3.0,1915,4,4.0,11,4.0,3.0,450,117,3.0
200800018909,8,18,2,2,9,7.0,77468,940,16,45,7,1.0,2.0,0,1,1,3.0,1975,2,2.0,5,2.0,4.0,43,455,5.0
201000022300,6,29,5,1,4,3.0,413,73,19,22,4,4.0,14.0,9,3,3,3.0,2013,3,2.0,13,2.0,1.0,55,49,2.0
201700057914,4,26,5,1,8,1.0,68085,53,0,35,6,3.0,1.0,5,2,1,9.0,2014,3,0.0,-1,2.0,0.0,350,75,5.0
201900055824,7,3,2,2,9,2.0,618,160,13,41,5,4.0,13.0,0,1,2,0.0,0,2,2.0,0,4.0,3.0,102,61,3.0
201300018283,3,30,5,2,2,5.0,571,780,22,34,19,0.0,12.0,1,2,1,0.0,2000,4,2.0,-1,4.0,0.0,35,146,5.0
201600058538,12,5,5,2,2,4.0,103,820,0,34,32,2.0,16.0,6,3,3,1.0,1958,1,0.0,36,3.0,1.0,3,234,2.0
201800025784,12,7,5,2,3,6.0,565,51,16,53,30,6.0,1.0,5,2,1,9.0,1989,9,2.0,26,0.0,3.0,709,100,3.0
201800052665,3,10,5,1,3,2.0,253,790,18,57,39,0.0,5.0,10,3,1,5.0,1997,7,2.0,1,2.0,0.0,146,860,2.0
201600019128,5,7,3,1,0,1.0,13071,120,14,50,35,3.0,16.0,10,3,2,9.0,1973,3,1.0,9,4.0,1.0,340,860,4.0
201500018304,3,16,5,2,2,2.0,81033,560,16,55,20,3.0,6.0,3,2,3,0.0,2004,2,1.0,11,0.0,0.0,99,815,0.0
200900060750,6,13,1,2,4,3.0,694,170,19,35,34,1.0,18.0,10,3,1,9.0,1982,9,2.0,4,4.0,1.0,108,114,4.0
201400011733,1,26,5,2,8,4.0,85191,90,10,57,43,5.0,18.0,9,2,3,9.0,1968,1,2.0,8,1.0,4.0,225,47,6.0
200500048298,4,20,5,1,8,5.0,77181,530,20,5,60,5.0,15.0,8,3,2,5.0,1981,9,2.0,-1,3.0,2.0,590,207,3.0
201200032144,2,9,5,2,0,4.0,45300,560,19,22,4,2.0,3.0,2,3,2,5.0,1932,6,2.0,11,2.0,4.0,14,34,1.0
201000010545,7,12,5,1,2,6.0,629,620,12,15,11,5.0,25.0,9,2,2,9.0,1971,9,2.0,1,2.0,1.0,38,650,2.0
200900072708,4,14,2,1,2,1.0,79213,490,16,35,17,0.0,24.0,9,1,2,1.0,1952,7,2.0,7,1.0,0.0,300,1,6.0
200900000022,6,29,3,2,8,3.0,93039,39,16,59,5,0.0,26.0,9,2,1,3.0,1998,2,4.0,10,1.0,1.0,33,110,1.0
200800076737,4,31,5,1,3,1.0,56179,25,15,55,12,4.0,8.0,9,2,2,9.0,1940,5,2.0,5,1.0,2.0,225,78,3.0
200800047677,3,13,5,2,4,6.0,499,70,23,10,38,2.0,19.0,2,3,3,3.0,2008,6,2.0,26,3.0,4.0,180,720,6.0
201600058269,6,18,5,2,2,2.0,25050,54,14,59,11,6.0,14.0,5,2,3,2.0,1926,1,4.0,3,1.0,1.0,84,118,1.0
200900063699,2,29,5,1,7,1.0,248,840,0,34,12,1.0,6.0,9,1,1,1.0,1923,9,2.0,11,4.0,1.0,210,257,2.0
201300033846,5,29,4,1,4,2.0,472,430,14,17,34,1.0,10.0,10,1,3,2.0,1994,7,2.0,3,0.0,2.0,69,189,3.0
200500081993,12,16,5,2,8,3.0,80021,59,13,41,6,9.0,9.0,10,2,2,3.0,1925,1,2.0,20,2.0,4.0,136,100,1.0
201300055779,8,2,5,2,0,3.0,476,310,21,21,40,8.0,11.0,2,2,1,2.0,2010,5,2.0,26,0.0,3.0,78,222,5.0
200700023771,11,31,1,1,6,4.0,252,520,23,36,16,6.0,8.0,0,1,2,2.0,1915,4,2.0,30,1.0,0.0,110,204,5.0
201800040837,11,14,2,1,2,6.0,206,420,10,43,0,7.0,24.0,2,1,2,0.0,1969,2,4.0,2,4.0,1.0,16,46,6.0
200500064423,11,27,5,2,6,3.0,68085,21,12,55,30,9.0,13.0,0,2,1,4.0,2017,2,3.0,12,0.0,2.0,150,87,4.0
201800029557,11,13,5,1,3,7.0,458,29,11,59,6,6.0,6.0,2,2,2,0.0,2005,6,4.0,30,1.0,3.0,130,330,5.0
200700074748,8,24,2,2,8,2.0,20,590,16,43,2,7.0,4.0,7,1,1,5.0,2017,9,0.0,26,1.0,2.0,103,142,2.0
201700047511,7,31,5,2,4,6.0,75119,420,17,0,3,6.0,13.0,10,1,3,3.0,1910,5,2.0,12,3.0,2.0,14,104,3.0
200900036577,9,3,5,1,7,4.0,34282,940,11,43,2,8.0,7.0,4,3,2,2.0,1969,1,2.0,2,4.0,0.0,142,781,4.0
200700022215,6,26,4,1,8,1.0,837,860,23,34,3,0.0,2.0,1,2,3,9.0,2009,2,2.0,0,0.0,3.0,103,214,1.0
201100046633,11,24,5,1,1,7.0,6161,3,18,0,8,3.0,11.0,6,3,2,0.0,1942,1,2.0,12,1.0,0.0,153,77,3.0
200900041599,10,31,2,2,0,3.0,41173,79,12,30,32,9.0,13.0,4,1,2,1.0,1965,7,2.0,5,2.0,1.0,513,81,8.0
201600036145,10,24,5,2,1,2.0,27412,730,20,11,35,7.0,10.0,4,3,1,3.0,1918,4,3.0,30,0.0,2.0,114,187,8.0
201700027011,8,14,5,2,7,4.0,850,94,20,22,3,0.0,0.0,9,2,3,2.0,1921,1,2.0,6,0.0,4.0,83,151,0.0
201000016623,8,17,5,2,5,7.0,776,33,16,30,13,8.0,2.0,8,1,1,0.0,1934,3,2.0,16,3.0,0.0,400,154,2.0
200800028022,5,27,5,1,0,6.0,208,974,20,10,18,4.0,26.0,4,2,1,9.0,1966,3,2.0,5,2.0,2.0,61,324,5.0
200800021510,5,19,3,2,7,3.0,363,95,11,15,60,2.0,11.0,2,3,3,9.0,1964,4,2.0,36,0.0,1.0,450,179,1.0
201200029504,5,3,5,1,1,2.0,69081,9,19,38,33,1.0,19.0,7,2,1,2.0,1973,5,2.0,20,1.0,1.0,95,38,0.0
201300055272,9,10,2,2,6,5.0,649,54,21,59,36,5.0,15.0,1,2,3,3.0,1945,3,3.0,10,0.0,2.0,513,32,8.0
200500022585,7,22,5,1,7,7.0,166,90,23,36,0,1.0,25.0,5,3,1,2.0,1985,4,0.0,40,1.0,1.0,223,365,5.0
201700030244,6,13,5,2,7,6.0,94046,47,11,57,15,1.0,26.0,7,3,3,2.0,2012,1,2.0,5,4.0,1.0,215,39,8.0
201700051706,4,2,5,1,7,7.0,198,140,20,43,16,9.0,1.0,0,1,3,0.0,0,1,2.0,14,3.0,0.0,212,200,8.0
200800046092,1,13,2,2,0,2.0,75103,32,12,50,99,4.0,26.0,7,2,2,4.0,1934,5,2.0,40,2.0,3.0,119,218,8.0
200800035371,4,25,2,2,1,4.0,480,81,16,34,42,4.0,23.0,8,1,1,3.0,1953,2,2.0,36,1.0,3.0,147,85,2.0
200800036613,10,25,5,2,3,3.0,69284,240,0,53,21,2.0,16.0,8,2,2,0.0,1948,2,1.0,9,2.0,1.0,212,384,8.0
200900060240,11,26,5,2,7,3.0,69034,4,13,34,80,7.0,0.0,6,2,2,2.0,1939,4,1.0,6,2.0,1.0,29,13,8.0
200500001423,5,7,5,1,3,5.0,648,150,13,15,37,6.0,2.0,1,1,3,9.0,1969,6,2.0,12,0.0,4.0,32,165,6.0
201400027890,2,29,5,1,2,4.0,91174,13,18,38,42,0.0,7.0,8,2,1,4.0,1968,2,2.0,2,3.0,2.0,89,510,1.0
200700077757,1,18,5,1,4,6.0,69175,520,23,50,21,5.0,15.0,8,3,2,1.0,1966,2,0.0,3,3.0,3.0,340,179,8.0
201400025378,10,14,4,2,4,4.0,78133,9,14,57,14,4.0,21.0,8,1,3,4.0,2004,6,2.0,7,3.0,1.0,216,122,1.0
201500013140,6,28,5,1,1,3.0,192,17,19,8,36,7.0,0.0,2,2,1,3.0,1994,5,2.0,14,1.0,1.0,900,13,6.0
201500016772,4,11,5,1,6,3.0,47001,260,14,22,16,4.0,0.0,8,3,3,1.0,1962,3,3.0,26,0.0,3.0,69,104,5.0
200600025353,5,16,4,1,7,5.0,708,7,14,8,12,0.0,10.0,1,3,1,3.0,2008,6,4.0,4,0.0,3.0,330,194,4.0
200500028598,12,4,5,2,3,2.0,59352,42,11,35,34,8.0,2.0,6,3,1,5.0,1984,5,2.0,26,4.0,4.0,18,181,1.0
201200046034,8,29,5,1,3,4.0,355,740,12,43,38,8.0,4.0,10,2,3,0.0,2003,2,2.0,10,1.0,4.0,132,314,5.0
201600019963,8,23,5,2,7,6.0,81,59,23,59,40,6.0,20.0,1,2,1,3.0,2004,2,2.0,7,0.0,3.0,76,532,1.0
200500026286,7,24,5,2,5,4.0,29259,47,10,50,40,0.0,7.0,8,2,3,1.0,1969,2,0.0,3,3.0,3.0,6,860,2.0
201000061545,3,3,5,2,1,5.0,108,22,13,40,34,4.0,6.0,6,2,2,0.0,1914,6,0.0,50,2.0,1.0,105,100,4.0
200700061275,10,20,5,2,8,4.0,676,620,18,17,36,4.0,25.0,1,2,3,1.0,1946,7,2.0,7,4.0,4.0,153,189,0.0
200600011611,6,2,5,2,8,6.0,72320,690,22,55,13,3.0,7.0,6,3,2,2.0,1936,5,2.0,9,1.0,2.0,78,243,1.0
200900040142,8,17,5,1,2,4.0,776,90,15,57,35,4.0,8.0,4,3,2,4.0,1967,1,2.0,26,0.0,3.0,88,657,1.0
201300025947,9,25,5,1,4,2.0,421,210,0,30,99,4.0,12.0,4,3,2,9.0,2010,5,2.0,40,0.0,3.0,173,630,0.0
200500008267,6,29,2,2,4,1.0,285,58,18,34,36,6.0,6.0,5,1,1,0.0,1905,7,3.0,30,4.0,0.0,55,73,6.0
201200035515,9,28,3,2,5,5.0,75118,710,22,55,19,6.0,10.0,0,1,1,4.0,1960,7,3.0,26,0.0,1.0,270,166,6.0
201900057873,1,9,2,2,6,4.0,74,260,12,30,13,3.0,17.0,4,3,2,1.0,2019,4,2.0,20,1.0,0.0,101,60,0.0
200500054950,6,30,5,1,4,1.0,1034,670,11,40,38,4.0,10.0,2,3,2,3.0,2017,3,2.0,36,4.0,0.0,95,124,3.0
201800044847,1,2,5,1,6,1.0,147,750,13,30,31,2.0,25.0,10,2,1,3.0,1918,4,2.0,26,1.0,1.0,709,87,8.0
200800015066,10,1,5,1,2,7.0,76334,620,22,24,0,2.0,17.0,9,1,3,5.0,1974,2,2.0,2,4.0,1.0,510,200,6.0
201600011009,4,25,5,1,0,5.0,17306,36,19,53,8,7.0,26.0,3,3,1,1.0,1932,6,2.0,9,4.0,4.0,100,203,4.0
201300002853,8,17,5,2,1,7.0,696,51,17,50,19,7.0,17.0,2,1,3,2.0,2007,5,1.0,40,1.0,3.0,510,228,5.0
200600052104,6,15,5,2,8,5.0,277,300,21,22,5,7.0,7.0,1,1,3,4.0,1962,6,2.0,50,2.0,0.0,247,190,8.0
201500032246,6,27,5,1,4,6.0,58057,720,12,36,43,7.0,18.0,9,2,2,9.0,1935,3,2.0,11,4.0,0.0,83,40,1.0
201200018529,10,29,5,1,1,4.0,691,57,17,11,11,7.0,1.0,10,2,1,2.0,1910,1,3.0,11,3.0,1.0,65,500,1.0
201700024644,10,28,2,1,1,7.0,12300,25,17,10,21,4.0,11.0,5,1,3,4.0,1932,7,2.0,7,1.0,0.0,74,87,4.0
200600037051,7,18,2,2,3,7.0,13005,230,23,30,13,4.0,1.0,0,1,1,2.0,1989,9,2.0,0,3.0,2.0,108,310,3.0
200600018278,8,28,2,2,6,4.0,79,750,16,24,32,9.0,10.0,7,3,1,1.0,1978,5,2.0,5,0.0,4.0,9,530,4.0
201700020955,10,16,5,1,5,3.0,73,10,20,11,11,9.0,6.0,10,2,3,5.0,1996,3,2.0,4,4.0,4.0,11,112,3.0
200600052905,10,2,5,1,7,4.0,79076,45,16,38,43,7.0,12.0,0,3,1,2.0,1936,3,2.0,3,1.0,1.0,294,750,0.0
200600045442,6,15,4,2,6,3.0,97611,340,22,24,15,3.0,4.0,7,3,1,4.0,1934,6,2.0,6,3.0,3.0,200,134,0.0
200800074016,1,1,5,2,2,4.0,64,28,10,10,37,9.0,17.0,8,3,2,0.0,1937,6,1.0,16,3.0,4.0,26,81,1.0
200500028725,11,30,3,1,3,4.0,42187,280,10,34,35,5.0,3.0,5,1,2,4.0,1991,6,2.0,13,0.0,1.0,98,268,1.0
201500055692,8,27,5,2,4,3.0,259,390,18,11,3,1.0,18.0,2,3,3,1.0,1974,3,0.0,26,0.0,3.0,215,10,3.0
201700017319,10,23,5,2,5,4.0,38509,92,14,59,32,8.0,5.0,4,1,1,1.0,1978,9,2.0,-1,2.0,4.0,85,240,4.0
200800035658,3,19,3,2,9,7.0,49099,410,0,34,10,6.0,10.0,5,2,3,3.0,1920,9,0.0,11,0.0,2.0,900,2,1.0
201100044321,10,23,4,2,3,5.0,84122,18,23,35,36,9.0,15.0,1,2,1,9.0,1955,5,2.0,36,3.0,2.0,26,4,1.0
201200025712,3,8,5,2,5,6.0,40267,680,14,17,21,8.0,13.0,0,2,3,1.0,1936,2,2.0,2,3.0,3.0,60,23,0.0
201400039565,3,20,5,1,2,2.0,536,71,19,17,12,1.0,0.0,9,2,1,5.0,1997,7,4.0,8,4.0,2.0,107,900,2.0
201500045004,3,22,3,1,2,5.0,675,37,13,38,21,2.0,8.0,8,2,2,9.0,1993,7,4.0,8,1.0,1.0,900,217,2.0
201400004090,3,4,5,2,2,5.0,42187,94,16,35,60,2.0,15.0,5,3,3,2.0,1966,3,2.0,-1,3.0,4.0,52,510,1.0
200800023739,11,14,5,2,4,1.0,758,988,21,30,19,5.0,21.0,6,2,3,2.0,1942,7,2.0,4,4.0,0.0,116,180,1.0
201300033301,5,3,5,2,0,4.0,54431,800,17,24,30,1.0,18.0,4,1,1,5.0,1940,2,2.0,4,3.0,3.0,50,500,8.0
200500022691,2,25,1,2,8,3.0,314,36,20,38,43,0.0,22.0,3,2,1,1.0,1998,4,2.0,2,1.0,3.0,118,108,1.0
200800042714,10,24,1,2,9,5.0,800,6,18,35,30,4.0,8.0,6,2,2,5.0,1994,7,2.0,-1,2.0,4.0,76,657,0.0
201400049988,2,29,5,2,8,1.0,45068,260,10,34,60,1.0,13.0,1,1,1,9.0,2008,1,1.0,9,1.0,3.0,70,53,2.0
200700063344,2,26,5,1,2,6.0,91377,470,15,8,2,7.0,25.0,7,3,3,2.0,1921,2,2.0,10,1.0,1.0,18,30,8.0
201000068233,7,3,5,2,3,1.0,607,670,16,22,20,3.0,15.0,1,3,1,1.0,1976,3,2.0,6,4.0,4.0,121,149,4.0
201400010398,7,14,1,2,0,2.0,24138,6,13,59,2,3.0,15.0,6,1,3,5.0,1917,2,2.0,20,4.0,0.0,71,107,8.0
201500029202,7,7,5,1,5,1.0,78123,75,14,35,10,1.0,5.0,10,1,2,3.0,1993,1,2.0,12,4.0,3.0,35,83,1.0
201800023113,6,11,5,2,9,5.0,69388,201,13,20,99,2.0,10.0,0,2,3,3.0,1942,3,2.0,11,4.0,0.0,90,143,5.0
200600003416,6,24,5,1,0,7.0,236,39,0,20,18,3.0,13.0,9,1,1,5.0,2010,6,2.0,6,0.0,1.0,137,350,8.0
200600009962,1,6,5,2,2,1.0,261,202,15,15,34,2.0,12.0,9,2,2,9.0,1923,3,2.0,20,1.0,4.0,33,158,3.0
201900000996,12,24,5,2,8,3.0,76,25,23,34,4,2.0,2.0,6,3,2,5.0,1985,6,2.0,0,4.0,0.0,119,26,3.0
200600024068,10,15,5,2,7,4.0,59646,46,19,25,11,1.0,2.0,7,3,1,9.0,1998,1,2.0,50,2.0,2.0,51,910,6.0
201600044285,12,20,5,1,5,2.0,19005,66,23,38,80,5.0,26.0,6,3,3,4.0,1979,6,2.0,16,1.0,2.0,160,120,6.0
201800013087,9,2,5,2,2,4.0,771,16,20,34,9,9.0,14.0,3,2,1,3.0,2015,3,2.0,11,3.0,3.0,63,254,0.0
200800034042,6,22,1,1,7,7.0,14024,13,11,50,80,6.0,17.0,4,2,2,5.0,1973,9,2.0,13,0.0,2.0,134,116,1.0
201800049810,4,10,5,2,6,6.0,724,540,15,53,4,5.0,26.0,0,1,1,3.0,1917,5,4.0,12,2.0,4.0,31,257,8.0
200600030850,8,28,1,2,1,7.0,83086,68,10,50,3,8.0,20.0,4,2,3,3.0,1913,3,2.0,40,4.0,3.0,247,255,2.0
201100018730,3,7,2,1,5,7.0,38239,380,14,24,14,7.0,11.0,6,2,3,0.0,2002,2,1.0,2,2.0,1.0,134,713,1.0
200800050379,6,23,5,2,5,5.0,94041,27,13,36,6,0.0,5.0,8,1,3,2.0,1944,5,2.0,13,4.0,1.0,113,44,1.0
201200042580,7,3,4,2,1,3.0,77115,73,21,36,3,7.0,5.0,10,1,1,2.0,1940,7,2.0,0,4.0,3.0,650,305,4.0
201000010171,2,1,5,2,7,1.0,1,30,17,30,3,4.0,10.0,10,2,1,2.0,1965,9,2.0,-1,2.0,4.0,98,52,1.0
201500005314,5,5,4,1,0,7.0,13066,12,17,5,14,1.0,9.0,8,2,2,4.0,1941,1,2.0,4,1.0,3.0,77,111,3.0
201300020144,7,23,5,2,4,1.0,45191,94,12,55,80,3.0,4.0,1,3,1,3.0,1985,7,2.0,40,3.0,0.0,73,217,8.0
201500032004,3,19,5,2,6,4.0,817,610,19,55,35,3.0,9.0,9,2,3,5.0,1949,5,1.0,1,0.0,3.0,900,203,8.0
200800056807,10,3,5,1,6,4.0,38239,690,13,38,37,3.0,24.0,2,2,2,9.0,1954,1,2.0,16,1.0,4.0,215,240,4.0
200600014888,12,9,5,2,2,5.0,78321,830,17,11,60,6.0,18.0,3,3,2,5.0,2019,9,2.0,9,2.0,1.0,33,98,4.0
201400005642,10,3,2,1,1,7.0,401,86,0,22,31,1.0,24.0,5,3,2,9.0,1997,9,2.0,-1,3.0,3.0,85,10,8.0
200600037051,1,17,5,2,7,5.0,92063,33,16,24,9,0.0,15.0,3,3,3,3.0,1963,3,1.0,1,1.0,0.0,223,110,0.0
200800031467,12,31,5,2,5,1.0,57106,640,23,11,19,3.0,24.0,5,1,3,2.0,1913,4,3.0,3,0.0,1.0,900,46,0.0
200600049002,7,4,5,1,1,1.0,578,600,0,11,12,3.0,20.0,9,3,3,2.0,1979,4,4.0,3,0.0,1.0,49,480,0.0
200800073023,12,19,4,1,7,1.0,573,480,21,36,9,9.0,7.0,5,1,2,5.0,1994,9,2.0,0,1.0,0.0,294,99,8.0
200800057612,10,18,5,1,0,5.0,377,740,19,40,34,5.0,15.0,10,3,1,1.0,1964,6,0.0,3,2.0,0.0,37,9,4.0
201700048039,4,29,2,2,5,6.0,435,640,17,8,20,7.0,7.0,4,2,3,5.0,1967,9,2.0,14,3.0,1.0,59,129,5.0
200700033553,9,31,1,1,2,5.0,57474,340,14,38,11,7.0,19.0,5,3,3,2.0,2011,6,2.0,8,4.0,0.0,25,150,8.0
201100055342,12,26,5,2,4,6.0,377,720,10,17,31,3.0,5.0,10,2,3,2.0,1909,9,2.0,1,4.0,0.0,36,110,5.0
200900067789,8,9,4,1,9,7.0,30189,650,23,20,9,5.0,23.0,2,3,1,4.0,1935,9,2.0,0,0.0,0.0,1,115,5.0
201500045808,10,18,1,2,0,4.0,519,40,21,15,99,4.0,20.0,1,2,3,5.0,1928,7,2.0,9,4.0,4.0,240,109,8.0
201200033186,10,9,1,2,4,1.0,117,58,19,41,16,6.0,6.0,6,2,2,9.0,1900,7,1.0,1,2.0,1.0,7,87,3.0
201300041536,2,21,5,2,8,3.0,221,6,22,22,15,9.0,23.0,1,1,1,5.0,2001,1,2.0,36,0.0,4.0,66,142,1.0
201200027596,2,2,5,2,8,3.0,516,89,14,5,11,2.0,14.0,2,3,1,4.0,1914,5,2.0,1,2.0,4.0,197,204,1.0
201800031120,5,4,5,2,7,4.0,288,26,14,40,7,3.0,7.0,8,1,1,5.0,1996,6,1.0,4,4.0,0.0,119,-81,4.0
201200009112,9,16,5,2,5,4.0,297,290,21,40,15,6.0,14.0,6,2,1,5.0,1983,5,2.0,8,1.0,4.0,40,59,6.0
201500013260,2,1,5,1,3,7.0,312,40,19,45,8,3.0,13.0,4,2,1,2.0,1982,3,0.0,3,4.0,1.0,97,99,0.0