num_acc,mois,jour,lum,agg,int,col,com,dep,hr,mn,catv,choc,manv,place,catu,grav,trajet,an_nais,catr,circ,nbv,prof,plan,lartpc,larrout,situ
201100048615,4,2,5,1,3,2.0,92024,850,12,36,4,0.0,20.0,1,3,3,0.0,1934,4,3.0,5,0.0,2.0,800,325,1.0
201800014278,2,4,5,1,8,7.0,624,180,20,22,33,5.0,22.0,0,3,1,9.0,1919,4,2.0,0,2.0,4.0,75,124,4.0
201100036579,2,2,5,2,6,4.0,37184,1001,18,50,40,5.0,6.0,4,2,1,9.0,1993,9,2.0,1,0.0,2.0,215,231,2.0
200700060047,12,24,2,2,8,1.0,22158,83,10,55,39,4.0,0.0,8,1,2,0.0,1927,9,1.0,40,3.0,1.0,800,384,2.0
201700016220,12,13,4,1,1,6.0,33063,25,18,36,42,5.0,26.0,8,1,2,9.0,1966,9,2.0,11,2.0,0.0,54,7,4.0
200900040557,7,20,5,2,8,1.0,22084,32,10,0,5,1.0,20.0,9,2,1,2.0,1961,5,2.0,13,4.0,3.0,39,60,3.0
200900005949,2,19,5,2,3,1.0,73151,78,15,15,35,9.0,15.0,2,3,1,1.0,1953,2,1.0,8,3.0,0.0,300,156,3.0
201300013913,6,23,2,2,0,5.0,95450,44,15,33,17,0.0,11.0,4,2,2,3.0,1916,7,2.0,12,2.0,3.0,260,22,3.0
200700066817,9,17,5,2,0,7.0,306,880,10,30,14,0.0,16.0,3,3,3,9.0,1959,2,2.0,5,4.0,2.0,147,192,5.0
201400052233,6,15,4,1,5,1.0,649,78,15,41,17,7.0,16.0,7,3,3,0.0,1951,7,2.0,12,1.0,0.0,43,540,5.0
200800032452,7,3,5,2,6,7.0,1034,660,17,55,14,8.0,12.0,9,3,3,3.0,2003,9,2.0,12,2.0,4.0,160,33,0.0
200800016032,4,21,5,2,3,1.0,143,14,21,33,8,0.0,20.0,0,2,3,9.0,1937,6,2.0,3,4.0,2.0,124,218,6.0
200700023017,5,16,2,2,2,5.0,765,18,17,33,6,3.0,17.0,4,2,3,2.0,1986,2,2.0,12,4.0,2.0,207,84,8.0
200600042051,9,21,5,1,7,4.0,71540,53,15,0,8,8.0,21.0,9,1,1,9.0,1951,6,3.0,1,4.0,0.0,350,162,0.0
201200042689,2,1,5,2,3,3.0,42189,700,18,25,16,1.0,15.0,8,3,3,0.0,1916,1,4.0,40,2.0,1.0,709,227,4.0
200600006856,6,26,1,1,4,7.0,486,42,11,33,15,0.0,18.0,5,2,3,3.0,1998,2,2.0,4,4.0,0.0,42,25,3.0
201800043785,6,27,5,1,8,3.0,403,320,21,40,60,1.0,25.0,0,1,3,9.0,1986,3,2.0,40,3.0,1.0,36,88,3.0
201700028360,11,13,5,1,8,4.0,120,810,18,38,7,4.0,21.0,9,1,3,2.0,1941,4,3.0,14,0.0,3.0,37,273,0.0
201100058817,6,5,5,2,1,1.0,579,450,16,59,13,8.0,15.0,5,1,3,2.0,1969,6,2.0,10,0.0,4.0,134,83,4.0
200600044514,6,13,5,2,0,7.0,646,24,22,8,32,2.0,2.0,5,2,3,3.0,2015,2,2.0,1,1.0,1.0,89,277,4.0
201100055956,4,29,5,2,5,5.0,26347,930,10,33,18,4.0,12.0,3,1,1,5.0,2007,3,3.0,8,0.0,1.0,51,36,1.0
200900067182,12,26,5,1,7,2.0,78133,66,20,33,11,9.0,22.0,9,2,2,2.0,1914,6,4.0,8,2.0,4.0,22,257,3.0
201400029747,6,10,5,2,8,1.0,312,240,19,34,37,5.0,13.0,3,1,2,0.0,1933,1,3.0,1,0.0,2.0,119,222,1.0
200900070933,7,19,2,1,3,6.0,81033,15,16,45,34,8.0,12.0,9,3,1,1.0,1911,2,2.0,11,4.0,2.0,40,104,6.0
200600072564,8,12,5,1,4,7.0,400,34,17,22,7,3.0,12.0,8,3,1,5.0,1934,5,2.0,1,0.0,0.0,46,192,1.0
201500027011,9,11,5,1,1,3.0,49246,850,21,10,60,2.0,17.0,10,1,1,5.0,1912,2,2.0,16,1.0,4.0,13,810,2.0
200500054861,3,1,5,2,5,2.0,816,130,12,36,99,1.0,12.0,7,3,2,0.0,1905,9,0.0,9,4.0,3.0,31,187,3.0
201500018895,3,4,5,1,3,4.0,381,370,22,30,80,6.0,1.0,6,1,2,9.0,1949,6,2.0,2,1.0,3.0,110,355,3.0
201100044540,1,9,5,2,5,5.0,934,94,15,34,38,6.0,0.0,3,2,3,1.0,1949,4,2.0,11,3.0,3.0,28,36,8.0
201100021415,6,27,5,2,7,1.0,38509,85,23,53,80,3.0,10.0,3,1,3,9.0,1953,7,2.0,36,2.0,3.0,294,3,4.0
200900024521,5,27,5,1,9,5.0,83012,40,11,36,99,1.0,7.0,8,3,1,0.0,1943,6,2.0,36,3.0,4.0,113,50,4.0
201700045980,8,11,5,1,5,1.0,406,75,23,22,50,6.0,14.0,7,2,3,3.0,1994,1,2.0,26,4.0,2.0,124,162,0.0
200500005121,1,13,5,1,8,5.0,75103,660,20,35,18,8.0,7.0,9,2,3,5.0,1996,9,3.0,11,0.0,0.0,207,64,5.0
200900043587,5,26,5,1,5,1.0,638,640,14,17,60,9.0,25.0,10,3,3,4.0,1967,2,2.0,11,4.0,3.0,800,126,2.0
201800051449,5,24,4,1,6,5.0,156,180,16,38,99,0.0,1.0,0,1,3,3.0,1963,9,2.0,4,2.0,0.0,25,181,2.0
200800070367,9,19,5,1,6,2.0,364,450,16,30,8,9.0,26.0,3,3,2,2.0,1973,9,2.0,8,4.0,1.0,99,152,3.0
200700067872,11,25,5,1,8,3.0,273,85,19,21,0,5.0,2.0,9,2,2,5.0,1933,5,2.0,4,3.0,2.0,68,271,0.0
201600022389,4,15,5,2,6,7.0,588,7,10,50,0,6.0,20.0,10,2,3,0.0,1924,2,2.0,9,3.0,4.0,173,216,4.0
201300011077,10,7,5,1,2,6.0,810,360,21,55,3,4.0,7.0,0,2,2,3.0,1910,6,2.0,40,1.0,0.0,95,143,3.0
200500074055,4,10,5,2,2,2.0,283,973,17,20,15,3.0,17.0,10,1,2,4.0,1948,2,2.0,12,1.0,1.0,26,320,0.0
200600061014,8,5,5,2,3,3.0,75110,400,21,50,38,9.0,1.0,10,2,1,4.0,2003,6,2.0,-1,4.0,4.0,2,25,3.0
200700009842,7,15,5,1,7,2.0,433,560,20,59,4,9.0,25.0,4,3,2,4.0,1959,1,2.0,50,0.0,3.0,116,185,0.0
201600006644,4,24,5,1,0,6.0,82121,510,13,8,50,1.0,12.0,0,3,1,3.0,2014,4,2.0,11,0.0,3.0,28,44,2.0
200900064216,8,23,5,2,9,5.0,13208,400,13,45,32,8.0,20.0,6,2,2,9.0,1994,5,2.0,11,4.0,4.0,42,136,3.0
200900014405,12,10,5,2,4,4.0,69,49,10,35,5,9.0,10.0,10,1,2,4.0,1951,7,2.0,20,1.0,3.0,79,46,0.0
201500046565,10,18,4,1,2,4.0,621,27,10,15,15,5.0,12.0,6,3,2,2.0,1941,9,2.0,1,4.0,0.0,192,75,5.0
201700044199,8,30,5,2,7,7.0,268,56,0,24,4,8.0,17.0,4,1,1,0.0,1975,3,4.0,26,3.0,3.0,89,142,5.0
201100031585,3,12,5,2,2,7.0,24547,201,11,11,31,8.0,22.0,6,1,2,0.0,1969,3,2.0,3,3.0,0.0,170,74,3.0
201500057136,1,8,5,1,9,4.0,39,420,12,20,7,6.0,12.0,4,1,3,0.0,1994,5,4.0,-1,2.0,0.0,29,605,3.0
201100066370,10,13,5,1,8,2.0,64,94,14,36,33,8.0,9.0,5,3,3,2.0,1959,2,2.0,7,4.0,3.0,58,312,4.0
200500073152,11,15,5,1,2,1.0,16405,240,23,10,14,5.0,9.0,4,2,2,0.0,2006,4,2.0,50,0.0,2.0,16,820,4.0
200500034879,12,17,5,1,7,5.0,34332,110,18,11,16,3.0,22.0,6,3,2,9.0,2006,9,2.0,16,4.0,4.0,212,160,3.0
201400013734,7,5,4,2,7,2.0,462,840,0,21,80,3.0,12.0,3,1,1,5.0,1988,6,3.0,20,1.0,4.0,25,102,1.0
201300038817,12,28,5,1,5,4.0,74034,50,18,59,0,4.0,6.0,6,1,1,1.0,2016,2,2.0,20,3.0,0.0,29,55,6.0
200700062764,8,5,3,1,1,7.0,755,35,13,21,8,5.0,21.0,6,2,2,0.0,1985,3,2.0,7,3.0,3.0,96,400,6.0
201300030992,9,22,5,2,0,5.0,64483,620,16,5,17,2.0,3.0,4,2,1,4.0,1992,7,2.0,4,4.0,4.0,21,520,1.0
200900054584,1,28,2,2,8,5.0,863,420,23,55,15,0.0,14.0,3,3,2,9.0,1959,6,2.0,16,3.0,4.0,61,122,8.0
201600032775,9,13,4,2,8,1.0,339,30,12,17,99,3.0,14.0,6,3,3,9.0,2011,6,2.0,14,4.0,0.0,119,170,4.0
200700067759,9,11,1,2,8,6.0,302,160,19,15,19,5.0,16.0,5,3,2,4.0,1967,4,2.0,2,1.0,2.0,66,97,3.0
200900014145,4,20,5,2,8,7.0,78640,890,22,59,14,9.0,3.0,5,2,1,2.0,2018,2,2.0,-1,2.0,4.0,15,215,5.0
201600055398,4,7,5,1,5,6.0,338,42,21,38,1,8.0,16.0,8,1,2,9.0,1985,2,2.0,14,0.0,1.0,51,92,8.0
201500051151,2,18,1,1,3,3.0,315,530,18,33,39,5.0,6.0,5,3,1,0.0,1973,6,2.0,3,3.0,4.0,99,187,2.0
200500052368,10,6,4,2,9,7.0,236,650,22,10,0,0.0,16.0,5,1,2,0.0,1946,1,2.0,14,4.0,1.0,800,199,3.0
200900063698,11,31,1,2,2,7.0,193,52,13,20,17,3.0,22.0,10,2,1,0.0,1930,2,2.0,-1,1.0,3.0,190,155,6.0
200700032718,12,23,5,1,9,1.0,913,100,14,35,42,1.0,11.0,4,3,3,5.0,1980,6,3.0,7,2.0,3.0,121,91,5.0
201100037262,7,31,2,1,5,3.0,678,920,11,43,9,1.0,18.0,7,1,2,9.0,1940,5,2.0,4,4.0,0.0,46,41,8.0
201600004549,11,17,5,1,0,4.0,97421,70,13,22,4,8.0,15.0,8,1,3,5.0,1992,4,2.0,14,0.0,3.0,650,137,3.0
200500033490,2,26,5,2,3,3.0,77058,61,16,24,10,3.0,8.0,0,1,3,0.0,1989,7,4.0,14,3.0,2.0,72,127,2.0
200700066562,1,7,5,2,4,2.0,764,880,16,53,30,0.0,24.0,0,1,2,1.0,2010,9,2.0,50,3.0,4.0,203,210,2.0
200500022893,11,10,5,2,9,6.0,295,67,15,36,4,4.0,8.0,9,1,1,3.0,1948,6,1.0,8,4.0,3.0,192,254,6.0
201000004573,7,31,5,2,2,3.0,331,41,12,35,40,9.0,7.0,5,3,2,0.0,1942,5,2.0,8,1.0,2.0,119,145,4.0
200800014059,12,16,5,2,1,3.0,190,590,18,50,30,2.0,1.0,3,3,1,5.0,1968,7,2.0,7,3.0,0.0,709,163,4.0
200600017729,5,1,5,1,7,6.0,22152,34,19,24,4,6.0,20.0,0,1,2,4.0,1910,7,2.0,11,1.0,2.0,40,45,5.0
201100013217,7,6,5,1,1,1.0,77181,5,22,24,16,3.0,8.0,9,2,3,5.0,1928,7,2.0,30,2.0,1.0,104,109,3.0
201300052799,10,6,5,1,2,3.0,218,61,19,15,17,3.0,12.0,4,1,3,1.0,1974,5,2.0,36,4.0,1.0,77,207,4.0
200800007330,9,9,5,1,3,2.0,153,430,13,36,10,5.0,24.0,10,3,2,5.0,2011,2,4.0,36,3.0,1.0,406,713,0.0
201100030221,12,4,5,1,8,5.0,48198,290,0,36,34,0.0,11.0,4,2,3,0.0,1962,3,2.0,8,4.0,4.0,59,605,5.0
200900051677,12,16,2,1,7,2.0,21584,26,15,24,30,2.0,10.0,9,2,2,4.0,1997,4,2.0,3,1.0,0.0,190,925,0.0
201000006005,10,12,5,2,2,7.0,339,47,19,17,34,1.0,6.0,7,2,1,9.0,1985,1,2.0,10,3.0,3.0,100,660,3.0
200500024584,4,18,5,1,9,2.0,111,85,22,11,9,0.0,3.0,7,2,1,4.0,1959,9,0.0,30,2.0,3.0,87,166,4.0
200500008328,7,11,2,1,7,4.0,57,630,23,30,60,1.0,4.0,3,3,2,2.0,1908,1,2.0,20,1.0,0.0,216,58,5.0
200800068040,6,13,5,2,3,2.0,646,220,0,24,3,5.0,11.0,3,1,3,9.0,1944,1,2.0,13,4.0,3.0,500,159,4.0
201300047043,9,21,3,1,3,6.0,412,350,20,11,80,3.0,7.0,9,1,3,1.0,1967,5,4.0,50,4.0,0.0,87,126,1.0
201200018529,3,8,5,1,5,7.0,5023,81,21,25,39,8.0,22.0,5,2,3,2.0,1936,6,0.0,13,1.0,4.0,6,220,4.0
201400011073,7,14,4,1,3,5.0,28,560,14,53,5,8.0,22.0,6,1,3,2.0,1930,1,2.0,8,0.0,1.0,58,11,8.0
201200036624,9,23,4,1,4,2.0,77042,850,18,34,19,6.0,8.0,0,3,1,2.0,1911,7,2.0,1,2.0,1.0,120,820,1.0
201400001195,12,8,5,2,0,6.0,379,14,20,0,34,9.0,5.0,1,3,3,9.0,1977,4,2.0,11,1.0,0.0,57,37,3.0
200700022466,2,12,5,1,5,6.0,37281,300,11,59,4,4.0,24.0,5,3,2,2.0,1927,7,2.0,26,2.0,3.0,0,146,5.0
201800006291,9,24,5,1,7,2.0,701,570,23,43,37,5.0,13.0,2,1,1,9.0,2017,6,2.0,6,2.0,1.0,84,57,1.0
201000011798,1,23,5,1,8,1.0,5,31,21,34,43,9.0,26.0,6,2,3,5.0,1908,2,2.0,8,2.0,1.0,280,810,2.0
201200006975,5,28,5,2,1,3.0,399,880,16,33,4,0.0,14.0,8,1,2,5.0,1966,7,2.0,-1,4.0,3.0,205,181,2.0
201000055559,5,20,5,1,2,7.0,60370,27,13,35,1,4.0,4.0,3,2,1,3.0,1978,1,4.0,12,2.0,3.0,23,170,1.0
201500008956,12,27,5,1,3,6.0,369,900,20,55,30,9.0,21.0,10,3,2,1.0,1951,2,0.0,16,3.0,3.0,46,176,0.0
201100039376,7,14,4,1,3,3.0,519,470,15,33,36,0.0,5.0,8,1,1,3.0,0,3,2.0,14,1.0,0.0,180,63,3.0
201300002355,9,8,5,1,3,6.0,223,95,23,41,39,4.0,14.0,4,3,3,5.0,1910,1,2.0,10,2.0,1.0,75,515,3.0
200500011096,1,23,3,1,2,1.0,102,78,17,41,6,1.0,14.0,2,1,1,1.0,1945,2,4.0,50,3.0,0.0,71,915,0.0
200700024070,4,30,5,2,6,7.0,76231,70,15,43,34,2.0,12.0,5,3,2,9.0,1979,5,0.0,4,0.0,3.0,105,139,5.0
200900010585,7,25,1,2,0,1.0,619,950,19,53,50,5.0,26.0,2,3,2,3.0,1935,3,2.0,10,0.0,0.0,364,56,6.0
200800014505,11,11,2,1,1,5.0,144,27,15,8,40,4.0,21.0,5,3,3,3.0,1913,6,2.0,2,2.0,1.0,350,15,3.0
201600049759,4,28,5,2,0,6.0,75113,64,18,36,10,4.0,5.0,9,1,3,1.0,1943,4,2.0,13,4.0,0.0,119,117,1.0
200500060916,4,16,5,2,2,5.0,730,29,22,17,39,3.0,17.0,6,1,1,4.0,1968,6,2.0,5,0.0,0.0,8,64,0.0
201700046035,3,4,5,1,4,4.0,157,67,21,57,16,9.0,16.0,7,3,3,2.0,1968,7,1.0,14,0.0,4.0,68,141,1.0
200800066209,11,12,2,1,9,1.0,519,160,20,40,38,9.0,20.0,2,2,3,2.0,1960,1,2.0,20,0.0,1.0,76,21,8.0
200800052379,2,19,5,2,5,1.0,322,69,17,11,42,2.0,8.0,0,2,2,0.0,1968,3,2.0,30,4.0,0.0,182,532,1.0
201100041736,3,27,5,1,0,4.0,412,14,19,11,34,7.0,8.0,8,2,2,2.0,2016,7,2.0,5,0.0,0.0,62,178,6.0
201500025352,3,15,5,2,2,6.0,133,110,15,10,14,1.0,23.0,1,1,2,1.0,1987,5,2.0,16,2.0,1.0,61,910,5.0
200700072011,12,28,5,2,3,1.0,83129,670,11,40,60,6.0,15.0,2,1,3,3.0,1971,6,3.0,5,4.0,3.0,200,88,0.0
200600016103,3,8,5,1,3,7.0,688,95,18,11,80,3.0,5.0,7,2,1,3.0,1965,3,2.0,26,0.0,3.0,5,172,5.0
200600044971,6,21,1,2,4,5.0,92012,800,22,40,20,0.0,4.0,7,3,1,1.0,1991,1,2.0,8,1.0,1.0,240,137,6.0
201400019886,10,14,5,1,7,5.0,93005,920,17,25,18,2.0,18.0,8,2,2,3.0,2001,2,2.0,12,4.0,3.0,294,41,3.0
201900009759,5,18,1,1,1,3.0,310,92,19,20,12,2.0,24.0,5,2,2,3.0,1989,4,2.0,36,0.0,0.0,68,58,0.0
201000051935,1,5,5,2,2,4.0,652,780,10,5,4,8.0,8.0,6,1,2,5.0,1993,4,2.0,2,4.0,4.0,16,195,4.0
201000064685,9,22,5,2,4,4.0,276,1,17,20,1,6.0,3.0,3,1,1,1.0,1926,7,0.0,5,3.0,0.0,98,151,0.0
201300042853,12,11,5,2,8,7.0,721,400,22,35,21,7.0,0.0,10,3,1,0.0,1943,2,2.0,4,3.0,4.0,100,127,4.0
200600033185,12,11,5,2,0,3.0,34123,300,17,34,15,3.0,19.0,3,2,3,5.0,2006,7,2.0,30,2.0,4.0,35,282,3.0
201400003570,5,15,5,1,5,2.0,250,930,22,38,36,0.0,24.0,10,2,3,9.0,1958,3,0.0,1,1.0,1.0,197,560,1.0
201500018600,7,25,5,2,1,3.0,75110,720,21,35,35,6.0,1.0,6,3,3,5.0,1987,2,3.0,9,1.0,3.0,57,940,5.0
200700058694,9,15,5,1,5,2.0,283,75,15,11,17,8.0,26.0,2,2,1,1.0,1918,1,2.0,11,1.0,4.0,52,22,5.0
200600054232,11,23,5,2,7,6.0,78217,24,16,53,80,7.0,7.0,8,2,1,5.0,1952,1,2.0,-1,2.0,3.0,42,154,4.0
201300024910,2,20,5,1,4,1.0,33394,81,19,24,36,7.0,18.0,5,3,3,5.0,2016,7,0.0,0,2.0,2.0,75,29,5.0
201100015138,2,4,5,2,3,4.0,191,988,20,41,34,9.0,21.0,7,2,3,3.0,1932,5,0.0,14,0.0,4.0,220,532,2.0
200500058098,2,2,5,1,4,2.0,876,3,17,53,99,9.0,22.0,0,3,1,1.0,1924,9,3.0,0,3.0,4.0,44,128,0.0
201700001358,4,14,5,2,9,2.0,77114,9,22,0,4,4.0,6.0,3,2,3,9.0,2004,5,1.0,13,4.0,4.0,137,200,8.0
200600069644,9,9,4,1,6,5.0,29,230,17,8,15,4.0,5.0,6,3,3,2.0,1992,2,2.0,13,0.0,4.0,103,173,4.0
201600034052,1,17,5,2,0,2.0,763,140,0,0,40,4.0,21.0,6,2,2,3.0,1975,7,1.0,1,1.0,4.0,205,39,4.0
201300052765,3,6,5,1,4,4.0,270,360,22,43,60,0.0,10.0,3,2,3,0.0,1990,6,2.0,26,0.0,0.0,94,129,3.0
201400042149,11,12,5,2,2,5.0,213,29,0,25,21,0.0,18.0,1,3,2,5.0,1982,6,2.0,20,4.0,3.0,406,197,6.0
201600053662,2,16,2,1,1,1.0,2215,92,22,22,0,9.0,15.0,3,3,2,9.0,1996,1,2.0,9,4.0,1.0,15,58,0.0
200800047841,5,4,5,1,6,2.0,85303,800,20,10,14,4.0,16.0,9,3,1,3.0,1905,3,2.0,40,2.0,4.0,87,265,8.0
201500021274,12,23,5,1,5,7.0,646,75,17,15,13,4.0,22.0,9,3,2,1.0,1991,4,2.0,30,4.0,2.0,45,40,6.0
200700007656,1,28,5,1,8,2.0,102,320,21,11,3,1.0,23.0,8,2,2,5.0,1976,4,2.0,9,1.0,0.0,34,117,6.0
201000038916,10,20,5,2,8,1.0,89352,61,21,22,35,5.0,8.0,0,2,3,1.0,1965,7,2.0,1,3.0,3.0,76,213,8.0
201800009906,11,20,5,1,0,3.0,464,710,0,24,5,2.0,13.0,4,2,1,1.0,2015,7,2.0,-1,2.0,1.0,960,81,0.0
201300049377,8,12,5,1,0,6.0,447,41,17,34,6,7.0,18.0,5,3,1,2.0,2006,1,2.0,50,0.0,0.0,220,170,1.0
201300032048,8,9,2,1,1,3.0,639,973,21,24,21,8.0,19.0,4,1,2,3.0,2006,4,2.0,2,4.0,4.0,58,154,1.0
201100023621,5,12,5,2,2,5.0,76351,47,13,41,31,9.0,14.0,9,1,3,2.0,1905,6,2.0,26,0.0,4.0,150,610,1.0
200900019543,5,5,1,2,6,3.0,55,63,10,43,34,1.0,3.0,2,2,3,1.0,2014,6,1.0,16,1.0,2.0,275,46,6.0
201800049612,6,18,5,1,5,2.0,97,76,17,17,0,4.0,2.0,5,3,3,0.0,1909,2,2.0,8,1.0,4.0,89,146,3.0
200500034890,12,31,5,1,3,4.0,30156,130,13,15,13,3.0,15.0,9,2,3,2.0,1914,3,2.0,-1,1.0,4.0,22,184,2.0
201700000817,7,9,5,1,0,7.0,83086,790,10,33,9,4.0,5.0,6,2,2,9.0,1908,9,2.0,8,0.0,4.0,40,125,6.0
200600067040,8,10,5,1,5,6.0,298,710,18,53,19,0.0,17.0,3,2,2,0.0,2017,6,2.0,40,1.0,2.0,7,272,2.0
201000017701,11,27,5,2,8,7.0,864,15,19,22,11,6.0,12.0,10,1,3,5.0,1996,3,2.0,9,3.0,4.0,22,-81,8.0
200500077345,3,26,4,1,8,1.0,69092,24,21,41,16,3.0,5.0,9,3,2,5.0,1938,3,2.0,0,3.0,3.0,41,310,0.0
201200043006,3,27,1,2,3,6.0,517,19,21,40,2,1.0,19.0,10,2,1,1.0,1925,6,2.0,13,4.0,1.0,55,860,2.0
201000002925,6,12,5,2,2,3.0,896,27,12,33,15,0.0,26.0,3,1,2,3.0,1931,5,2.0,11,0.0,0.0,310,247,2.0
201100041326,7,16,4,2,8,6.0,576,150,19,59,3,9.0,25.0,6,1,1,5.0,1961,7,2.0,0,3.0,2.0,450,730,8.0
201600002720,12,20,1,2,4,4.0,32298,38,23,55,33,6.0,4.0,3,1,2,3.0,1921,7,2.0,50,0.0,4.0,122,202,1.0
200700025950,2,16,5,1,6,1.0,30156,720,11,40,80,3.0,2.0,1,2,3,4.0,1977,5,0.0,36,3.0,0.0,24,375,2.0
201300041468,5,23,5,2,5,7.0,93027,36,11,36,18,6.0,0.0,7,3,1,1.0,1964,9,2.0,30,0.0,0.0,74,103,0.0
201200028642,12,28,5,2,4,2.0,53240,310,20,35,34,2.0,25.0,8,2,1,3.0,1977,2,2.0,3,4.0,3.0,114,159,3.0
200800035264,2,21,5,1,4,3.0,75103,15,20,21,17,7.0,7.0,0,3,2,1.0,1923,5,1.0,6,2.0,3.0,32,8,0.0
200700002761,7,23,5,1,9,7.0,718,27,13,21,37,9.0,16.0,10,2,1,2.0,1911,1,2.0,11,0.0,2.0,47,147,4.0
201600038031,9,10,5,2,7,7.0,38468,550,12,11,80,1.0,17.0,7,1,2,3.0,1994,7,3.0,40,2.0,2.0,25,189,5.0
201500035385,2,17,5,1,0,1.0,86194,47,0,15,80,8.0,26.0,10,3,1,1.0,1918,6,2.0,6,0.0,4.0,136,242,4.0
201700029629,12,16,5,1,6,2.0,14,240,11,53,14,1.0,16.0,10,2,3,3.0,1985,6,4.0,2,1.0,2.0,40,88,1.0
201400055104,4,12,5,1,6,4.0,25462,440,13,11,0,7.0,25.0,3,2,2,1.0,2015,9,1.0,8,0.0,3.0,513,7,5.0
201700023293,6,15,2,2,4,7.0,38317,69,20,17,37,8.0,10.0,6,2,1,1.0,2003,6,2.0,5,2.0,4.0,55,251,0.0
201000034632,11,18,2,1,8,7.0,333,450,11,30,20,9.0,22.0,8,2,2,3.0,1921,2,2.0,4,2.0,2.0,64,47,8.0
200800057319,8,17,4,1,7,6.0,100,530,11,40,32,4.0,12.0,6,1,3,9.0,1954,6,2.0,16,2.0,0.0,132,84,4.0
201400001448,9,28,5,1,7,4.0,217,71,23,43,50,4.0,21.0,0,2,2,3.0,1921,2,2.0,5,3.0,0.0,1,815,4.0
201400021296,3,13,5,1,0,2.0,544,250,22,22,18,6.0,15.0,9,2,1,5.0,2008,9,4.0,10,4.0,2.0,87,730,1.0
201600050752,7,28,5,1,2,2.0,83062,770,19,0,17,0.0,12.0,4,2,3,3.0,1952,2,2.0,12,3.0,2.0,364,77,8.0
201800017040,6,16,5,1,2,5.0,83023,19,23,34,30,9.0,8.0,8,3,1,0.0,1982,1,2.0,26,2.0,1.0,182,781,6.0
201900009902,11,12,1,2,5,2.0,83086,9,15,20,9,2.0,20.0,3,1,1,0.0,1986,2,3.0,2,1.0,4.0,28,220,2.0
200600056561,5,27,2,2,9,1.0,24,62,22,34,7,7.0,8.0,5,1,1,4.0,1911,2,2.0,40,3.0,0.0,182,105,8.0
200700068171,1,4,2,2,4,5.0,870,2,19,38,19,0.0,21.0,10,3,3,0.0,1960,4,2.0,40,2.0,2.0,215,115,1.0
200600016347,10,3,2,2,4,2.0,28267,21,22,24,6,6.0,14.0,8,1,1,3.0,1977,2,2.0,50,4.0,0.0,6,270,2.0
201700060590,2,1,5,1,7,2.0,97411,210,18,55,34,8.0,11.0,5,3,2,4.0,1978,9,2.0,40,3.0,1.0,709,176,0.0
201200007788,10,13,5,1,4,3.0,92051,62,18,33,21,2.0,24.0,6,1,2,0.0,1946,6,2.0,26,2.0,4.0,76,560,1.0
201500044612,6,23,5,2,3,1.0,699,410,11,38,15,0.0,16.0,0,3,1,3.0,1935,9,2.0,13,0.0,3.0,45,66,0.0
201900055791,3,9,5,1,7,2.0,239,72,19,53,20,3.0,18.0,7,3,2,1.0,2006,7,1.0,5,1.0,4.0,27,10,6.0
200900016516,3,19,5,2,0,6.0,125,830,23,57,9,7.0,11.0,9,2,1,9.0,2019,4,2.0,0,1.0,4.0,310,384,1.0
201200061516,12,7,5,1,4,7.0,436,1,22,0,17,9.0,12.0,2,2,2,4.0,1977,6,1.0,0,4.0,1.0,800,176,4.0
200800036611,10,1,1,1,0,6.0,163,470,13,25,12,9.0,9.0,9,1,1,2.0,1968,5,2.0,6,0.0,4.0,141,325,2.0
201200061344,12,27,5,2,3,3.0,363,79,21,21,4,5.0,26.0,6,2,1,5.0,1995,5,4.0,14,3.0,3.0,109,49,3.0
201600054807,5,14,5,1,3,3.0,9,63,11,55,3,5.0,7.0,8,3,3,4.0,1975,9,2.0,2,0.0,4.0,500,104,5.0
201500014057,3,23,5,2,1,2.0,1142,65,22,34,43,0.0,6.0,10,1,3,4.0,1997,7,3.0,20,0.0,3.0,40,174,2.0
200500056010,9,1,5,1,9,3.0,672,140,11,0,13,0.0,16.0,10,2,1,1.0,1939,3,2.0,9,1.0,4.0,77,225,3.0
201800047016,9,5,4,2,3,6.0,59111,28,0,45,40,4.0,15.0,1,2,1,5.0,1962,1,2.0,7,0.0,0.0,25,71,0.0
201500045267,5,9,4,1,7,3.0,733,18,17,38,15,4.0,6.0,8,1,1,3.0,1978,5,1.0,36,2.0,0.0,160,67,5.0
200800045762,7,14,5,2,2,2.0,454,41,23,34,80,0.0,21.0,8,3,1,4.0,2003,1,3.0,10,4.0,0.0,17,92,8.0
201800015480,6,29,3,1,2,6.0,38317,60,17,38,60,6.0,25.0,7,3,1,3.0,2009,1,2.0,20,4.0,0.0,330,713,2.0
201400034169,12,5,5,1,1,1.0,60024,410,21,33,8,9.0,10.0,2,2,1,9.0,1923,3,2.0,5,3.0,0.0,17,147,8.0
200500019575,1,17,5,1,1,5.0,686,7,15,17,37,1.0,19.0,3,2,1,1.0,1919,3,2.0,2,1.0,2.0,61,163,1.0
200500016014,9,29,5,2,1,2.0,281,210,15,21,34,3.0,4.0,2,3,1,3.0,1966,6,2.0,50,2.0,3.0,21,249,8.0