num_acc,mois,jour,lum,agg,int,col,com,dep,hr,mn,catv,choc,manv,place,catu,grav,trajet,an_nais,catr,circ,nbv,prof,plan,lartpc,larrout,situ
201600044182,3,23,3,1,1,6.0,339,230,20,59,37,3.0,2.0,9,1,3,3.0,1955,2,2.0,4,0.0,3.0,260,100,4.0
201500000924,2,1,5,1,5,3.0,356,480,11,45,20,4.0,3.0,6,2,1,9.0,1984,7,0.0,11,2.0,0.0,15,183,2.0
200500000090,2,4,5,1,5,6.0,763,27,12,41,37,3.0,4.0,2,1,1,2.0,2013,3,2.0,12,1.0,2.0,109,192,0.0
200500061307,8,5,5,2,3,1.0,742,540,15,53,11,7.0,0.0,4,2,1,4.0,1942,2,0.0,5,2.0,4.0,220,210,1.0
201500028896,9,3,5,1,5,6.0,13208,400,15,33,18,1.0,6.0,4,2,3,5.0,1952,3,2.0,40,0.0,3.0,205,360,2.0
201500000405,1,15,5,1,3,6.0,27123,74,12,17,17,9.0,23.0,10,2,3,1.0,1958,6,2.0,40,0.0,2.0,124,510,2.0
201100005268,8,25,5,1,7,6.0,149,720,19,5,37,8.0,6.0,5,3,3,9.0,1959,4,3.0,9,4.0,4.0,709,146,3.0
201400049573,11,18,5,2,8,7.0,444,973,13,5,38,0.0,15.0,2,2,1,1.0,1963,7,1.0,9,3.0,1.0,310,320,0.0
200500018950,11,13,5,2,1,2.0,93005,60,13,43,38,8.0,10.0,3,3,3,5.0,2012,4,2.0,-1,0.0,4.0,210,260,2.0
201400024359,11,1,4,1,6,3.0,41161,680,13,15,11,8.0,0.0,9,3,1,4.0,1972,6,2.0,5,4.0,1.0,33,203,3.0
201200009849,5,30,5,1,6,2.0,57474,28,10,35,15,1.0,16.0,7,2,3,9.0,1974,4,2.0,1,2.0,3.0,212,252,1.0
201700042038,8,24,3,2,7,4.0,94011,430,20,34,19,7.0,8.0,1,2,1,0.0,1984,9,1.0,7,0.0,0.0,0,187,4.0
200800077215,2,21,5,1,0,5.0,2173,680,13,22,5,9.0,21.0,0,1,3,5.0,1922,7,2.0,7,3.0,1.0,136,192,5.0
200800029975,3,4,5,2,2,6.0,324,890,21,34,42,7.0,6.0,9,3,1,1.0,2013,7,3.0,7,1.0,1.0,42,227,1.0
201000027442,4,15,5,1,1,1.0,7019,69,13,11,35,1.0,14.0,3,2,3,9.0,1947,5,3.0,3,1.0,4.0,122,99,3.0
201200021845,2,2,5,2,5,6.0,93006,260,23,34,35,0.0,1.0,2,1,3,4.0,1931,5,0.0,50,3.0,2.0,114,63,2.0
201400026179,4,25,5,2,2,1.0,25050,110,19,30,80,8.0,25.0,0,2,1,1.0,1910,1,3.0,30,3.0,2.0,115,915,5.0
201700016678,2,30,5,2,6,4.0,34020,49,22,34,13,7.0,1.0,7,3,2,0.0,1915,2,2.0,26,4.0,2.0,147,415,4.0
201700051715,1,21,3,2,1,4.0,59017,380,13,21,33,2.0,1.0,2,3,1,4.0,1956,5,4.0,36,3.0,1.0,25,157,6.0
201400010013,5,12,5,1,7,2.0,136,31,10,33,31,5.0,9.0,9,1,3,1.0,1998,2,2.0,36,3.0,2.0,400,264,0.0
201300040848,5,11,4,2,3,2.0,93006,52,19,20,15,1.0,9.0,4,1,1,4.0,1948,6,2.0,6,0.0,3.0,192,198,3.0
201300003083,5,1,3,1,5,7.0,94041,570,16,36,42,6.0,21.0,0,2,3,2.0,1991,9,2.0,7,2.0,2.0,67,830,4.0
201200055868,2,11,5,1,3,7.0,404,77,10,45,17,5.0,4.0,4,2,1,9.0,2017,9,3.0,16,2.0,3.0,68,9,3.0
200700038770,8,30,3,2,3,1.0,129,48,19,55,32,9.0,8.0,7,3,1,5.0,1965,1,2.0,-1,1.0,3.0,22,161,2.0
201400023292,12,3,3,2,6,6.0,654,570,17,15,19,8.0,7.0,1,2,3,9.0,1952,3,2.0,3,2.0,3.0,80,243,4.0
201800056240,2,10,5,2,8,2.0,185,330,15,10,13,5.0,7.0,7,1,1,0.0,1952,2,2.0,20,4.0,3.0,103,140,4.0
201100023700,5,29,1,2,2,2.0,13059,120,13,17,43,0.0,8.0,2,2,1,9.0,1960,2,1.0,10,2.0,1.0,390,215,2.0
201500010226,1,18,5,1,6,6.0,34111,510,12,43,5,8.0,2.0,4,3,3,3.0,1900,3,2.0,3,0.0,3.0,146,83,8.0
201400023515,3,8,5,2,9,6.0,850,260,20,24,17,8.0,20.0,3,3,1,3.0,1949,3,2.0,50,4.0,4.0,67,80,8.0
200500005525,1,25,5,1,1,1.0,38374,976,23,20,40,9.0,10.0,0,1,3,9.0,2001,4,2.0,1,0.0,3.0,38,710,5.0
200600029727,10,30,5,2,4,5.0,66096,95,23,53,0,5.0,5.0,3,3,1,4.0,2002,7,2.0,50,2.0,4.0,63,217,3.0
201700004643,6,20,5,2,0,7.0,320,590,23,5,9,3.0,13.0,6,3,3,0.0,1978,5,2.0,40,0.0,0.0,173,6,0.0
201300043210,9,15,5,1,9,3.0,405,8,18,55,6,2.0,10.0,4,1,2,5.0,2015,6,2.0,7,2.0,1.0,500,167,2.0
200500059180,5,24,5,2,9,7.0,188,710,14,43,80,5.0,25.0,5,1,2,3.0,1922,3,4.0,7,3.0,0.0,121,670,2.0
201200044866,6,5,3,1,0,5.0,92025,64,18,33,30,4.0,2.0,6,2,3,3.0,1959,9,2.0,36,0.0,0.0,68,252,4.0
201500024168,2,28,5,1,7,2.0,72025,69,23,22,34,5.0,17.0,5,2,1,0.0,1956,4,2.0,9,3.0,0.0,46,380,8.0
200500079302,7,19,5,2,4,1.0,67106,290,20,25,2,5.0,4.0,7,3,3,2.0,1916,1,4.0,9,0.0,3.0,55,505,5.0
200600078276,12,31,5,1,1,3.0,45234,70,21,8,3,9.0,8.0,9,2,2,3.0,1995,6,2.0,0,3.0,3.0,205,605,5.0
200800014350,8,12,5,1,1,4.0,35,480,10,10,0,8.0,18.0,2,2,2,5.0,1952,4,2.0,40,1.0,4.0,119,264,6.0
201300057834,11,16,5,2,4,5.0,39326,972,19,50,34,3.0,22.0,6,2,1,9.0,1922,9,2.0,6,4.0,0.0,47,85,1.0
200600030138,12,28,5,1,4,2.0,217,50,0,43,18,8.0,8.0,10,2,2,9.0,1994,4,3.0,26,2.0,3.0,173,760,5.0
201300020465,12,23,1,2,5,3.0,50483,35,16,8,9,5.0,5.0,8,1,2,5.0,1996,3,2.0,10,3.0,0.0,33,178,0.0
200600038945,12,27,5,2,7,2.0,64,57,21,21,2,8.0,14.0,1,1,3,4.0,1935,1,3.0,6,4.0,4.0,124,106,4.0
200600063579,3,21,5,1,5,1.0,91161,202,20,10,6,0.0,6.0,2,3,1,0.0,1934,6,1.0,12,1.0,2.0,38,760,6.0
200700035112,10,13,5,2,0,6.0,643,270,22,36,32,4.0,11.0,10,3,3,0.0,1933,3,2.0,5,2.0,4.0,113,113,3.0
200500021255,11,22,5,2,5,5.0,693,170,19,20,3,0.0,18.0,3,3,3,5.0,1915,6,2.0,4,4.0,3.0,135,88,2.0
201600010672,12,13,5,1,2,2.0,29042,570,11,30,12,8.0,17.0,9,3,2,4.0,2013,1,2.0,14,0.0,4.0,600,310,4.0
200500003361,4,3,5,1,0,3.0,102,570,16,0,4,4.0,7.0,3,1,3,4.0,1955,1,2.0,6,1.0,3.0,270,950,5.0
201300047044,6,19,5,2,3,7.0,1142,840,21,45,19,7.0,12.0,3,1,3,4.0,1976,4,0.0,8,1.0,0.0,182,61,6.0
201800000517,2,20,5,2,2,3.0,570,920,0,8,38,1.0,15.0,10,2,1,5.0,1930,1,2.0,6,2.0,1.0,127,12,0.0
201100046939,12,19,5,2,1,2.0,67212,44,16,41,42,6.0,11.0,10,1,1,0.0,2011,6,2.0,3,0.0,1.0,38,139,6.0
200600062399,10,5,5,2,3,7.0,6161,25,16,41,33,1.0,23.0,3,2,3,1.0,1962,7,2.0,12,3.0,0.0,124,720,2.0
200800000280,4,2,5,1,9,1.0,59360,45,22,43,3,8.0,7.0,4,3,3,3.0,1978,5,2.0,9,2.0,2.0,590,3,4.0
201200004151,1,27,3,1,8,2.0,56222,360,13,15,16,5.0,11.0,6,3,2,5.0,1948,4,2.0,26,4.0,1.0,118,103,5.0
201300052504,8,14,5,1,5,1.0,70381,690,18,5,35,5.0,6.0,1,1,2,1.0,1943,5,2.0,6,1.0,0.0,5,280,0.0
201400024315,4,17,5,2,0,7.0,98817,110,14,21,50,0.0,12.0,8,1,3,1.0,1932,6,2.0,-1,4.0,3.0,125,146,8.0
201200033425,7,1,5,2,2,6.0,627,13,0,40,36,5.0,23.0,7,2,3,2.0,1901,1,2.0,-1,0.0,3.0,31,310,8.0
200800042941,5,22,5,2,3,3.0,420,310,12,38,18,5.0,26.0,4,2,3,9.0,1930,7,2.0,2,4.0,4.0,140,910,4.0
200500050512,4,22,3,1,2,7.0,45145,56,18,55,30,8.0,24.0,2,3,2,3.0,2011,4,2.0,16,0.0,0.0,103,55,4.0
201700043885,11,10,4,1,6,7.0,51483,51,14,35,3,4.0,12.0,5,1,3,3.0,2002,7,2.0,-1,0.0,3.0,78,313,4.0
201200010269,9,30,5,2,8,6.0,44111,720,18,20,9,1.0,9.0,3,3,3,5.0,1937,7,2.0,13,4.0,0.0,146,35,1.0
201700019373,6,20,5,1,4,5.0,713,240,10,41,12,9.0,25.0,2,1,3,2.0,1929,4,2.0,26,0.0,1.0,121,675,8.0
201000006960,5,10,5,1,1,4.0,312,760,16,21,1,0.0,16.0,9,1,3,1.0,1909,4,2.0,12,2.0,2.0,64,670,3.0
201000011649,4,28,5,1,3,5.0,33281,220,12,50,6,2.0,4.0,6,1,1,3.0,2004,4,2.0,30,3.0,0.0,36,130,3.0
201200002931,4,13,5,1,0,7.0,40192,72,17,11,37,7.0,8.0,4,1,3,9.0,1967,4,2.0,4,4.0,4.0,54,312,2.0
200700076053,3,16,5,2,8,1.0,38509,76,16,36,12,9.0,3.0,5,2,3,4.0,1982,3,2.0,3,3.0,4.0,104,64,4.0
201400054575,8,7,5,2,1,1.0,351,40,22,36,12,8.0,5.0,6,3,3,2.0,1989,1,0.0,2,3.0,1.0,406,84,0.0
201700023836,12,31,4,1,9,4.0,913,17,20,57,2,4.0,20.0,3,2,2,2.0,1943,1,2.0,4,3.0,2.0,36,213,2.0
201600034873,10,6,5,2,3,1.0,4,76,21,22,21,8.0,22.0,4,3,2,1.0,1946,4,2.0,7,4.0,3.0,170,655,8.0
200600051538,5,30,5,2,4,4.0,335,150,0,43,99,5.0,15.0,4,1,1,5.0,1971,3,2.0,6,0.0,2.0,44,108,0.0
200600043004,3,18,1,2,0,2.0,78646,25,12,53,37,9.0,3.0,7,3,1,2.0,2017,1,2.0,36,4.0,2.0,97,40,5.0
201100014480,10,17,4,1,2,1.0,425,380,12,30,4,0.0,9.0,3,3,3,0.0,1990,4,2.0,9,0.0,3.0,24,950,6.0
200600029605,10,9,5,2,9,3.0,254,81,12,59,40,7.0,6.0,9,3,2,3.0,1968,6,1.0,-1,4.0,1.0,63,615,3.0
200800008529,7,25,5,1,8,4.0,121,32,12,11,30,2.0,20.0,4,3,1,1.0,2001,1,1.0,16,2.0,1.0,127,250,1.0
201900006242,11,29,1,2,7,3.0,93048,47,16,11,10,2.0,1.0,6,3,1,3.0,1968,5,2.0,20,1.0,0.0,113,64,8.0
201800014307,11,19,5,2,5,2.0,54329,390,10,40,12,1.0,26.0,1,3,1,4.0,1912,9,2.0,36,4.0,2.0,9,325,0.0
201100054052,10,30,3,2,9,3.0,69387,780,12,22,1,7.0,20.0,6,3,2,4.0,2000,2,2.0,12,0.0,0.0,82,160,8.0
200500066154,11,16,3,1,3,6.0,106,860,22,45,80,2.0,11.0,7,1,3,2.0,1994,1,2.0,30,3.0,2.0,72,7,3.0
201400058590,8,4,5,2,9,4.0,13075,66,10,34,12,7.0,16.0,1,2,2,5.0,1935,9,2.0,36,3.0,4.0,11,218,0.0
201200023375,4,21,5,2,9,5.0,882,930,20,34,3,3.0,24.0,6,1,1,5.0,1936,1,2.0,30,3.0,0.0,79,14,5.0
201400036737,6,6,5,1,2,3.0,369,820,20,38,6,4.0,25.0,1,2,2,4.0,1908,6,2.0,1,0.0,4.0,128,450,5.0
201300002787,5,9,5,2,0,7.0,92,48,19,25,38,7.0,23.0,1,1,2,0.0,1913,4,3.0,14,2.0,1.0,800,42,5.0
201600003427,4,27,5,2,2,1.0,21584,240,20,41,1,2.0,13.0,10,3,1,0.0,2009,2,2.0,4,1.0,2.0,15,175,1.0
200800023888,9,14,1,2,3,4.0,59343,24,16,53,19,4.0,6.0,5,1,3,0.0,1956,3,2.0,9,3.0,3.0,105,257,0.0
201700049009,6,26,5,2,1,4.0,13208,460,21,36,4,9.0,21.0,9,3,1,1.0,1981,2,2.0,11,3.0,1.0,16,152,5.0
201500031953,7,8,5,1,9,1.0,6152,10,16,10,39,3.0,2.0,9,3,1,9.0,1915,3,2.0,40,2.0,0.0,94,109,6.0
201100061804,6,10,3,2,6,5.0,13210,39,17,10,30,8.0,22.0,5,2,2,2.0,1970,9,2.0,4,3.0,2.0,49,100,2.0
200700082363,4,19,3,1,2,3.0,78123,680,16,36,34,5.0,26.0,8,1,2,3.0,1949,4,2.0,50,4.0,2.0,73,213,0.0
201600056860,11,17,5,1,0,4.0,232,973,17,55,19,1.0,20.0,4,3,3,9.0,1918,2,4.0,0,0.0,4.0,164,455,3.0
201800049011,6,26,5,1,8,6.0,74307,780,20,0,40,5.0,23.0,3,1,2,5.0,1937,6,2.0,0,1.0,0.0,500,72,2.0
201300026863,5,22,5,1,9,1.0,396,972,20,0,32,8.0,10.0,0,3,3,0.0,1957,3,0.0,11,2.0,3.0,135,740,6.0
200500049203,9,9,2,1,9,6.0,41161,11,0,43,17,0.0,20.0,1,3,2,9.0,0,6,2.0,20,1.0,0.0,23,145,8.0
201100030146,5,10,5,2,7,1.0,511,330,15,5,1,7.0,10.0,9,3,2,5.0,1924,2,2.0,6,0.0,2.0,251,61,5.0
201500042257,9,24,1,2,1,3.0,95,69,17,11,17,1.0,11.0,2,1,3,3.0,1989,3,2.0,-1,2.0,4.0,240,104,8.0
201000057060,4,1,5,2,5,3.0,332,820,10,21,16,4.0,11.0,2,3,3,3.0,1946,9,2.0,1,3.0,2.0,141,400,1.0
201400001797,9,26,1,1,8,2.0,253,250,20,11,16,4.0,0.0,4,2,2,9.0,1993,9,3.0,40,2.0,0.0,147,540,3.0
201000008402,1,10,5,1,8,4.0,305,790,0,57,11,8.0,10.0,8,1,1,0.0,1991,7,2.0,9,3.0,2.0,248,610,8.0
201400045399,3,6,5,1,3,4.0,271,39,19,57,80,8.0,21.0,3,3,3,9.0,2018,5,2.0,11,1.0,0.0,71,104,4.0
201000044103,12,17,5,2,3,3.0,77115,50,15,40,9,8.0,16.0,6,3,3,3.0,1917,7,2.0,10,4.0,1.0,57,205,4.0
200600042545,10,13,5,1,7,5.0,45191,80,20,57,99,8.0,10.0,6,3,2,2.0,1971,6,0.0,6,0.0,1.0,105,136,3.0
201800054063,5,14,5,2,8,7.0,75110,180,21,10,33,9.0,12.0,9,3,3,4.0,1985,7,4.0,-1,1.0,2.0,132,257,2.0
201400038671,11,5,1,2,3,2.0,34332,75,16,55,35,4.0,0.0,10,3,1,3.0,2017,4,2.0,7,4.0,0.0,161,179,5.0
200700062796,2,28,2,1,7,7.0,421,83,15,0,36,7.0,10.0,8,1,3,4.0,1923,3,2.0,11,2.0,0.0,29,121,8.0
200500036016,9,7,5,2,5,1.0,426,770,13,22,19,9.0,14.0,9,3,3,4.0,2012,2,2.0,6,4.0,4.0,198,71,3.0
201200022944,10,17,5,1,2,3.0,566,51,10,5,37,6.0,20.0,10,3,1,2.0,2004,6,2.0,12,2.0,1.0,207,355,2.0
201700032689,7,24,2,1,8,4.0,13211,84,19,36,30,8.0,10.0,5,1,3,3.0,2008,6,0.0,16,2.0,0.0,150,37,4.0
200500015859,10,22,5,2,4,1.0,383,810,19,22,18,5.0,4.0,5,3,2,3.0,1923,1,2.0,50,0.0,3.0,182,620,1.0
200900069305,5,20,4,1,6,1.0,289,680,16,20,16,4.0,2.0,5,1,1,3.0,1981,9,2.0,9,2.0,3.0,28,51,8.0
201300012829,5,16,1,1,9,4.0,559,590,13,55,19,1.0,23.0,3,2,1,5.0,1928,6,2.0,5,2.0,4.0,134,340,3.0
200700007688,8,5,5,1,7,2.0,26178,11,13,53,3,1.0,25.0,1,3,1,3.0,1929,7,2.0,10,1.0,4.0,165,178,6.0
201500033774,8,1,1,1,4,3.0,10066,79,15,5,36,7.0,24.0,3,3,1,5.0,1974,5,1.0,11,1.0,0.0,160,152,2.0
201500004097,10,24,3,2,7,6.0,625,520,15,11,35,5.0,6.0,9,2,2,0.0,1929,2,2.0,7,4.0,0.0,121,177,2.0
201700034041,4,22,5,1,4,2.0,667,230,20,40,15,5.0,22.0,8,1,3,4.0,2007,4,2.0,7,4.0,1.0,10,700,2.0
201200037850,1,26,5,2,3,2.0,20,51,15,43,30,0.0,11.0,4,2,1,1.0,1935,9,4.0,36,2.0,0.0,164,28,2.0
201300001424,8,2,2,2,3,1.0,105,720,17,53,40,0.0,24.0,7,3,1,5.0,1978,9,2.0,9,1.0,4.0,6,110,2.0
201500006371,3,9,5,2,9,1.0,71155,300,17,53,16,4.0,5.0,3,3,3,2.0,1974,6,2.0,30,0.0,4.0,34,199,5.0
201000023486,10,23,5,1,0,7.0,354,570,10,40,16,4.0,17.0,0,3,1,3.0,1986,2,2.0,5,3.0,2.0,74,107,3.0
201700030169,10,23,5,2,2,3.0,520,75,14,22,16,2.0,3.0,2,2,3,3.0,1948,5,2.0,8,0.0,0.0,108,252,3.0
201400059744,12,15,4,1,8,1.0,129,18,19,8,2,6.0,5.0,5,3,2,5.0,2007,2,2.0,3,4.0,3.0,90,13,6.0
200500071709,11,2,5,1,6,2.0,455,11,0,57,60,5.0,7.0,1,3,1,1.0,2008,9,3.0,14,2.0,4.0,136,234,0.0
200800025166,8,31,5,2,2,2.0,534,76,11,25,37,3.0,17.0,9,3,2,5.0,1910,4,3.0,12,4.0,3.0,114,135,4.0
201800026536,4,6,5,2,1,1.0,816,50,17,34,60,6.0,13.0,3,1,3,3.0,1998,4,1.0,5,1.0,0.0,194,8,6.0
201200049209,10,18,5,1,8,6.0,388,91,11,20,2,1.0,17.0,3,2,3,9.0,1992,4,0.0,4,3.0,2.0,110,205,8.0
200800039210,1,9,5,1,5,1.0,49328,110,13,43,42,6.0,17.0,2,1,3,0.0,1943,6,2.0,12,4.0,4.0,350,166,5.0
200900035195,11,9,3,2,2,5.0,34020,900,15,15,12,7.0,24.0,6,2,1,0.0,1992,4,2.0,20,1.0,4.0,119,409,8.0
201500014324,12,6,5,1,9,6.0,51,3,13,41,18,7.0,0.0,5,2,1,4.0,1944,6,2.0,50,2.0,3.0,34,20,1.0
201800004900,10,25,3,2,4,5.0,77385,73,23,40,1,8.0,2.0,0,2,3,9.0,1912,2,4.0,7,0.0,0.0,12,560,1.0
200500062573,10,1,5,2,1,1.0,17306,71,17,33,38,2.0,24.0,4,2,1,5.0,1955,1,2.0,36,4.0,3.0,165,61,0.0
200700037922,10,17,5,2,2,2.0,685,27,16,41,7,6.0,23.0,6,1,2,3.0,1984,3,2.0,7,0.0,4.0,68,164,5.0
200600076484,2,12,5,2,8,7.0,58,64,15,36,19,5.0,7.0,6,2,3,0.0,1981,5,2.0,7,1.0,4.0,146,43,8.0
201400029239,8,29,1,2,8,1.0,68085,19,18,55,0,5.0,16.0,10,3,2,4.0,1962,4,2.0,8,1.0,4.0,153,110,3.0
200800015102,9,28,5,1,4,6.0,82121,55,22,45,39,1.0,7.0,4,2,2,0.0,2017,1,2.0,-1,4.0,0.0,97,770,8.0
200700080095,12,17,5,1,7,4.0,555,550,17,25,37,0.0,9.0,9,1,2,5.0,1990,9,1.0,12,4.0,1.0,364,96,5.0
200500024315,7,6,5,2,2,2.0,75103,6,18,55,8,8.0,0.0,7,3,3,5.0,1922,5,2.0,9,1.0,1.0,43,107,1.0
200500009484,8,31,5,1,1,3.0,564,20,15,38,37,7.0,9.0,6,2,1,2.0,1922,7,2.0,6,1.0,3.0,88,180,3.0
200800076451,5,8,5,2,3,5.0,591,620,19,43,30,1.0,10.0,8,1,3,2.0,1921,3,1.0,30,3.0,1.0,90,770,4.0
201200032779,3,9,3,2,9,7.0,41173,220,13,0,42,1.0,1.0,2,2,3,3.0,1965,1,2.0,12,2.0,0.0,59,56,1.0
201600026868,6,15,5,1,7,7.0,77042,52,0,53,39,3.0,9.0,5,1,2,2.0,2004,3,2.0,26,2.0,1.0,109,550,3.0
200700010039,7,5,5,1,4,4.0,527,61,18,34,9,3.0,10.0,4,3,1,2.0,2011,4,2.0,26,2.0,1.0,161,815,5.0
201200014233,10,2,5,2,8,5.0,432,130,12,50,60,0.0,22.0,4,3,1,5.0,1919,1,1.0,8,1.0,1.0,50,188,8.0
201600040023,12,10,5,2,1,2.0,69383,920,15,10,40,3.0,10.0,0,2,1,1.0,1926,7,2.0,8,1.0,1.0,203,790,2.0
201100027706,12,19,5,1,1,4.0,78126,2,16,8,14,7.0,0.0,8,3,3,0.0,1973,3,2.0,4,3.0,0.0,19,264,5.0
201300024887,7,10,4,2,0,5.0,94034,80,22,53,8,9.0,11.0,5,1,3,4.0,1912,6,4.0,13,3.0,2.0,294,125,4.0
200500007908,6,5,5,2,0,7.0,176,590,18,17,37,7.0,19.0,2,2,2,2.0,1913,7,2.0,36,1.0,0.0,165,162,1.0
201400048563,5,18,5,2,5,5.0,143,810,10,25,42,1.0,5.0,9,1,1,1.0,2019,6,2.0,11,4.0,2.0,118,313,1.0
201400002915,6,16,5,2,6,2.0,674,880,11,8,15,1.0,19.0,3,1,3,0.0,1926,3,2.0,9,4.0,0.0,69,127,8.0
200600049860,3,22,5,1,4,7.0,83137,44,20,45,5,3.0,17.0,3,3,3,3.0,1916,1,4.0,6,3.0,1.0,121,163,4.0
201600058290,12,1,5,1,3,5.0,75119,71,12,22,18,6.0,24.0,4,1,2,2.0,1958,7,4.0,13,2.0,2.0,4,13,6.0
200900065850,9,4,5,1,4,3.0,33039,34,14,55,13,2.0,19.0,3,3,1,3.0,1965,3,4.0,6,0.0,3.0,21,94,4.0
201600027964,4,21,5,1,8,1.0,501,22,22,24,18,0.0,9.0,1,3,2,9.0,1998,3,2.0,13,4.0,0.0,161,249,8.0
201800019209,7,9,5,1,0,6.0,68066,620,23,5,17,6.0,13.0,2,2,3,0.0,1952,9,0.0,30,2.0,1.0,143,780,6.0
200800011646,7,9,5,2,5,3.0,578,350,15,20,40,1.0,0.0,5,1,2,1.0,1963,2,2.0,50,1.0,3.0,63,505,2.0
201500027244,12,31,4,1,5,4.0,83065,780,10,30,15,2.0,22.0,9,2,1,9.0,1971,9,2.0,26,2.0,3.0,364,234,3.0
201400018558,11,16,1,1,6,1.0,165,79,19,40,32,2.0,22.0,8,1,2,1.0,1968,6,2.0,40,1.0,1.0,132,204,8.0
200700074965,4,8,5,2,0,2.0,413,130,10,45,14,6.0,19.0,7,2,3,9.0,2018,4,2.0,16,3.0,0.0,6,713,3.0
200500025579,9,6,5,1,0,6.0,34033,840,23,22,14,5.0,21.0,2,3,1,1.0,2002,1,2.0,13,2.0,2.0,135,142,8.0
200800058855,2,3,5,2,5,7.0,69034,76,10,0,19,5.0,11.0,0,3,1,0.0,2017,9,0.0,14,2.0,3.0,34,177,1.0
200500046940,4,12,5,2,9,5.0,358,290,21,53,5,6.0,18.0,1,3,2,0.0,1934,2,2.0,1,1.0,0.0,510,530,3.0
200800014647,1,16,5,2,2,1.0,510,39,12,21,11,8.0,15.0,4,2,1,9.0,1932,3,2.0,16,0.0,2.0,600,505,3.0
200600020140,5,11,4,2,6,1.0,50402,590,17,11,16,1.0,25.0,0,2,2,3.0,1973,2,3.0,6,3.0,2.0,51,218,6.0
201400038671,1,15,1,2,6,5.0,61464,810,13,35,3,3.0,14.0,8,3,2,2.0,2007,9,0.0,7,3.0,0.0,197,11,6.0
201600010197,3,12,5,1,2,1.0,497,53,18,11,1,2.0,18.0,5,3,2,1.0,1954,2,3.0,0,3.0,4.0,110,8,6.0
201500016726,2,19,5,2,4,4.0,71105,88,20,41,4,1.0,24.0,2,1,2,3.0,1923,7,3.0,9,3.0,2.0,600,580,4.0
200500012728,9,10,5,2,9,2.0,78418,880,15,30,7,9.0,19.0,10,1,3,4.0,1918,7,2.0,4,4.0,2.0,40,101,5.0
200600051308,8,27,5,1,8,4.0,67218,69,21,43,37,9.0,16.0,6,1,2,4.0,1965,9,2.0,5,2.0,0.0,47,195,8.0
200600050499,10,5,2,1,2,4.0,696,890,23,20,34,1.0,17.0,1,2,2,5.0,1999,4,2.0,-1,0.0,0.0,94,175,3.0
201000056164,7,6,5,2,9,2.0,253,250,19,24,6,7.0,17.0,4,2,1,3.0,1934,3,2.0,14,4.0,1.0,89,249,0.0
200600068452,9,8,3,1,8,5.0,338,140,22,45,38,9.0,26.0,1,1,2,2.0,1931,4,2.0,3,3.0,3.0,125,83,8.0
200700003522,3,10,5,2,6,1.0,394,510,0,55,13,9.0,2.0,0,3,2,3.0,1921,2,2.0,0,0.0,2.0,39,170,6.0
201800021560,3,22,5,1,8,4.0,3,440,10,57,1,7.0,16.0,4,2,3,4.0,1940,3,2.0,2,1.0,2.0,64,657,8.0
201700056957,10,26,5,1,4,2.0,654,840,11,53,9,9.0,16.0,10,2,3,4.0,2017,4,2.0,11,0.0,3.0,95,126,5.0
201300041949,3,1,5,2,2,1.0,166,34,13,34,20,0.0,5.0,3,2,2,9.0,1943,7,4.0,5,4.0,2.0,197,690,4.0
201200032138,4,28,5,1,6,7.0,870,57,11,41,99,4.0,3.0,9,2,3,4.0,1936,4,2.0,7,0.0,2.0,4,90,0.0
200700016422,7,6,5,2,7,6.0,934,640,14,35,9,9.0,1.0,1,3,3,9.0,1956,2,2.0,7,1.0,4.0,79,268,2.0
200600070654,11,28,2,1,6,4.0,895,240,20,38,8,2.0,4.0,5,3,3,9.0,1994,5,2.0,36,4.0,2.0,66,305,4.0
201200045084,7,12,5,1,0,7.0,660,720,14,11,43,1.0,4.0,6,2,2,4.0,1948,3,2.0,50,4.0,1.0,65,64,4.0
200900030636,9,10,5,1,1,7.0,445,46,13,34,4,9.0,9.0,1,2,1,9.0,2008,6,4.0,16,1.0,4.0,173,3,2.0
200600075632,10,30,5,2,8,3.0,9261,35,16,38,17,0.0,9.0,2,2,2,2.0,1973,7,1.0,36,2.0,3.0,98,161,8.0
200900057200,1,21,5,2,2,6.0,13216,760,17,15,17,7.0,5.0,3,2,1,9.0,1967,4,2.0,10,0.0,2.0,513,271,3.0
201900054994,5,17,4,2,1,5.0,503,87,18,24,19,2.0,21.0,9,3,1,2.0,1946,7,2.0,5,2.0,1.0,114,91,6.0
200900031368,4,19,5,2,4,2.0,79216,68,19,11,18,7.0,24.0,0,2,1,5.0,1969,9,2.0,6,1.0,4.0,113,670,6.0
200600031976,6,7,5,1,3,3.0,4116,430,21,15,18,8.0,24.0,4,1,1,5.0,1908,9,1.0,8,0.0,0.0,87,235,0.0
200900019668,11,24,5,2,0,4.0,92019,62,11,30,6,3.0,25.0,0,2,3,3.0,1970,7,2.0,0,4.0,1.0,153,240,0.0
200900039118,10,1,5,2,4,6.0,5176,730,11,5,11,2.0,1.0,1,3,1,1.0,1969,9,4.0,40,2.0,1.0,165,181,4.0
201100011617,4,16,5,1,6,2.0,454,18,21,22,33,9.0,19.0,1,3,1,4.0,1961,3,2.0,1,2.0,2.0,109,110,4.0