num_acc,mois,jour,lum,agg,int,col,com,dep,hr,mn,catv,choc,manv,place,catu,grav,trajet,an_nais,catr,circ,nbv,prof,plan,lartpc,larrout,situ
200900016600,1,19,2,1,1,6.0,83,31,19,10,10,4.0,9.0,4,3,3,2.0,1994,7,2.0,20,0.0,1.0,160,167,3.0
201200006975,5,17,5,2,5,7.0,300,370,11,34,15,3.0,21.0,3,2,3,3.0,1929,9,2.0,20,1.0,3.0,900,268,0.0
200700004888,6,2,5,2,2,3.0,628,48,23,0,9,8.0,3.0,7,1,2,9.0,2009,9,2.0,36,4.0,0.0,109,455,4.0
201100028263,2,16,5,1,8,1.0,50391,760,10,11,31,0.0,21.0,0,3,1,5.0,1912,3,2.0,36,2.0,0.0,67,305,6.0
200800074443,5,12,5,1,7,1.0,59568,370,13,35,17,7.0,17.0,1,2,3,4.0,1922,5,2.0,16,0.0,1.0,56,131,4.0
201000005976,10,1,4,2,9,3.0,707,730,23,10,11,0.0,3.0,6,3,3,1.0,1972,2,2.0,4,4.0,4.0,96,208,1.0
201200045311,6,17,4,2,5,3.0,13208,430,15,50,8,9.0,3.0,3,3,3,2.0,1998,3,3.0,6,2.0,1.0,99,180,6.0
201600023294,9,3,5,2,2,1.0,59360,89,17,57,35,7.0,5.0,2,1,2,5.0,1948,1,2.0,13,4.0,4.0,135,185,6.0
200500025717,11,30,5,1,1,5.0,448,57,13,30,7,9.0,10.0,0,1,1,0.0,1993,4,2.0,3,0.0,3.0,450,171,5.0
201200058569,4,9,5,2,3,3.0,13206,20,21,57,80,8.0,13.0,3,1,3,1.0,1994,2,1.0,4,4.0,3.0,142,140,1.0
201100051102,6,17,5,1,6,5.0,107,150,22,22,36,6.0,1.0,3,2,1,0.0,2006,5,3.0,8,3.0,3.0,100,132,4.0
200500030435,12,8,5,1,5,1.0,24,58,16,41,10,6.0,11.0,6,2,3,5.0,1943,1,3.0,5,4.0,3.0,590,103,8.0
201800051835,10,14,5,1,4,6.0,337,25,17,57,50,7.0,12.0,9,3,3,2.0,1937,5,2.0,10,1.0,3.0,260,78,2.0
200600004536,1,31,2,1,6,7.0,13117,850,13,38,3,9.0,6.0,1,3,1,2.0,1927,5,0.0,16,0.0,4.0,90,95,2.0
201300036014,3,12,5,1,6,5.0,289,34,21,25,31,8.0,26.0,9,3,3,5.0,2001,3,1.0,-1,3.0,4.0,190,450,8.0
200500061889,2,11,5,1,4,1.0,94046,770,11,53,17,7.0,16.0,9,3,3,1.0,1960,6,2.0,20,4.0,3.0,70,520,3.0
201200020680,3,30,5,2,4,4.0,78050,86,21,45,7,9.0,23.0,4,3,3,9.0,1998,3,2.0,26,3.0,4.0,340,186,8.0
200700049906,11,2,2,1,0,3.0,62516,300,21,20,3,5.0,18.0,1,1,3,0.0,1910,7,2.0,20,0.0,2.0,95,400,1.0
201000042574,8,20,5,2,2,2.0,32298,976,14,30,16,3.0,5.0,8,3,3,4.0,1910,4,2.0,6,1.0,2.0,153,115,4.0
201000054346,7,9,5,1,9,3.0,236,8,11,25,12,0.0,1.0,3,3,3,5.0,2016,4,2.0,4,1.0,3.0,30,179,1.0
201000029416,12,14,4,2,2,4.0,581,76,11,36,31,4.0,19.0,8,2,2,2.0,2001,7,2.0,13,4.0,1.0,97,214,1.0
200500062464,1,22,1,2,9,3.0,62846,58,22,55,18,6.0,3.0,6,3,3,3.0,1994,7,2.0,9,4.0,2.0,220,103,8.0
201500041482,9,23,5,1,3,1.0,30344,910,16,40,34,4.0,4.0,1,2,1,1.0,2002,7,2.0,50,2.0,3.0,48,96,8.0
201700015892,11,6,3,2,1,6.0,116,350,0,10,31,1.0,8.0,3,1,1,1.0,2006,4,2.0,10,2.0,1.0,45,166,0.0
200500034110,12,15,5,1,7,2.0,85067,470,14,10,17,8.0,13.0,7,1,3,5.0,0,3,2.0,3,1.0,3.0,23,510,2.0
201500001572,5,8,5,2,1,7.0,691,81,18,41,34,9.0,23.0,1,2,3,5.0,1937,2,2.0,12,2.0,1.0,250,179,5.0
200800039332,6,30,5,1,7,3.0,10066,64,17,21,3,1.0,21.0,4,1,2,4.0,2006,2,2.0,6,4.0,1.0,504,53,8.0
201300058103,11,15,5,2,8,3.0,50402,37,14,45,18,8.0,10.0,8,2,2,3.0,1979,5,0.0,36,0.0,0.0,160,91,8.0
201100042215,6,9,5,2,5,1.0,66003,22,17,35,7,1.0,24.0,1,2,3,2.0,1921,2,2.0,20,4.0,0.0,62,102,1.0
200500018206,7,16,1,2,0,3.0,630,390,10,10,43,9.0,19.0,1,3,1,1.0,1970,6,4.0,-1,1.0,4.0,103,670,0.0
200800069934,6,1,5,1,1,2.0,176,12,22,43,50,8.0,19.0,3,1,3,5.0,1941,3,2.0,1,1.0,2.0,6,169,3.0
201600010073,9,31,5,2,1,4.0,175,410,18,50,15,2.0,4.0,10,2,2,4.0,1925,2,2.0,50,3.0,4.0,41,214,2.0
201400023581,9,5,3,1,3,1.0,67125,320,0,17,15,6.0,11.0,10,3,2,4.0,1969,1,2.0,-1,1.0,1.0,116,134,0.0
200700014343,5,8,5,1,2,5.0,252,26,18,5,17,6.0,6.0,7,3,2,1.0,1999,6,4.0,-1,2.0,0.0,19,620,1.0
201200011551,5,26,5,1,9,6.0,337,270,22,35,37,5.0,14.0,2,3,1,5.0,2014,1,2.0,5,4.0,2.0,101,430,4.0
201500045896,3,23,1,1,4,3.0,95450,590,13,25,10,1.0,26.0,7,1,3,4.0,1912,3,2.0,0,1.0,1.0,106,102,0.0
201300047988,7,10,5,2,3,6.0,75116,95,20,41,13,0.0,16.0,3,2,2,5.0,2009,4,2.0,8,4.0,3.0,74,12,3.0
201400048648,7,24,5,2,8,2.0,76334,63,0,25,20,0.0,17.0,10,2,3,9.0,2013,3,4.0,9,2.0,1.0,36,146,3.0
200500061959,11,15,5,1,4,6.0,97209,971,21,45,21,0.0,19.0,2,2,3,9.0,2001,2,2.0,20,0.0,3.0,3,610,6.0
200600036206,3,11,5,2,2,6.0,712,25,21,43,38,0.0,25.0,3,2,3,9.0,1963,2,2.0,2,1.0,4.0,77,4,2.0
200500087432,3,28,4,1,3,5.0,311,58,17,24,17,0.0,14.0,10,2,2,0.0,1943,5,2.0,5,0.0,2.0,143,103,2.0
201700006093,7,11,5,1,5,7.0,50173,420,23,0,21,3.0,8.0,9,3,3,0.0,1982,4,2.0,13,4.0,0.0,106,234,0.0
200600072217,9,19,2,1,7,1.0,36005,130,14,35,13,5.0,19.0,3,1,3,5.0,1932,3,2.0,12,4.0,2.0,709,713,1.0
200900049352,8,14,5,2,5,7.0,95424,83,18,22,0,3.0,12.0,9,1,1,5.0,2010,6,2.0,40,1.0,2.0,260,25,6.0
200800043343,11,22,5,2,2,7.0,23,58,13,59,2,3.0,0.0,5,1,3,3.0,1963,1,2.0,10,0.0,0.0,99,350,5.0
201200059989,2,18,5,1,4,5.0,404,90,22,17,30,2.0,25.0,4,3,1,2.0,1931,2,2.0,12,2.0,1.0,275,713,3.0
200900051709,8,23,5,1,7,7.0,83048,31,21,33,8,6.0,14.0,1,3,1,3.0,2010,9,4.0,8,3.0,3.0,248,61,2.0
200600046353,4,7,5,2,6,3.0,22,580,20,0,0,5.0,17.0,2,3,3,5.0,1992,6,2.0,11,4.0,3.0,300,123,3.0
201700013200,5,22,5,2,6,1.0,69092,350,19,33,35,2.0,22.0,4,1,3,5.0,1962,9,2.0,26,3.0,4.0,160,740,2.0
201500031752,12,11,5,2,7,6.0,56193,570,20,38,11,5.0,15.0,3,1,2,4.0,1998,9,2.0,6,2.0,2.0,140,228,0.0
201300053680,6,13,5,1,1,3.0,235,140,20,41,43,1.0,25.0,2,1,1,5.0,1976,7,2.0,36,3.0,1.0,89,580,1.0
201100039561,11,2,2,1,3,1.0,13015,8,15,40,19,9.0,23.0,10,3,1,9.0,1929,5,4.0,6,2.0,0.0,105,33,2.0
200800040719,8,9,5,1,8,1.0,69387,380,10,11,80,6.0,1.0,7,3,1,9.0,2014,6,2.0,6,3.0,3.0,71,29,3.0
201400006227,3,7,3,2,5,3.0,747,48,15,45,4,5.0,24.0,2,2,3,4.0,1944,5,4.0,5,1.0,3.0,39,134,6.0
201300036287,12,19,5,2,9,1.0,32378,310,12,21,36,5.0,14.0,10,2,3,3.0,1911,7,3.0,14,4.0,1.0,54,175,8.0
201000035779,7,12,4,2,2,3.0,14719,770,13,21,50,7.0,23.0,1,1,2,2.0,1939,3,4.0,5,4.0,3.0,173,340,2.0
200500003323,8,25,5,2,4,1.0,443,40,16,21,34,1.0,9.0,4,3,2,5.0,1957,1,1.0,30,1.0,1.0,203,118,0.0
201900006184,6,9,5,2,0,2.0,35238,470,0,45,99,6.0,26.0,10,3,2,0.0,2001,9,2.0,1,4.0,4.0,57,160,0.0
201700057128,4,12,5,1,0,3.0,51,32,12,35,80,8.0,13.0,4,2,3,3.0,1981,6,0.0,20,4.0,4.0,54,8,1.0
200800004439,11,26,5,1,1,4.0,19,430,19,17,35,1.0,0.0,3,1,1,3.0,1914,9,2.0,3,3.0,1.0,1,111,3.0
200700015598,10,17,5,1,3,4.0,530,910,15,11,31,9.0,16.0,3,2,1,2.0,1923,6,2.0,4,4.0,0.0,64,167,5.0
200800058229,8,18,4,1,8,2.0,7072,74,18,10,37,5.0,10.0,9,1,3,2.0,2004,2,2.0,14,1.0,1.0,77,228,6.0
200800058146,7,1,5,1,3,1.0,582,77,19,30,3,8.0,0.0,3,1,2,5.0,1948,2,2.0,8,3.0,0.0,900,107,6.0
201800017965,4,13,5,2,5,1.0,66124,87,18,35,9,9.0,19.0,1,3,2,1.0,1937,2,2.0,16,0.0,3.0,223,243,8.0
201100033429,3,30,4,1,8,2.0,95678,16,11,24,5,5.0,22.0,6,2,2,9.0,1919,5,2.0,-1,2.0,0.0,504,172,6.0
200700009963,6,21,2,1,9,2.0,83073,210,20,34,5,9.0,11.0,0,1,3,1.0,1954,3,3.0,30,0.0,1.0,7,780,5.0
201100037295,8,9,5,2,2,3.0,85153,730,16,24,6,1.0,24.0,1,3,3,5.0,1942,5,2.0,0,1.0,4.0,88,51,0.0
201800004308,8,19,5,2,8,4.0,291,400,18,55,4,0.0,11.0,2,1,2,9.0,1976,3,2.0,50,4.0,2.0,50,268,0.0
201300017128,11,9,5,2,0,2.0,164,560,23,57,16,8.0,4.0,0,1,1,5.0,2008,9,3.0,26,3.0,2.0,223,300,6.0
201800034236,10,14,5,2,4,6.0,85008,59,19,10,8,4.0,14.0,9,1,3,3.0,2009,5,2.0,4,2.0,4.0,40,39,1.0
201400048343,4,23,4,2,6,3.0,421,21,16,5,9,8.0,2.0,10,2,2,1.0,1936,9,2.0,1,0.0,3.0,25,657,5.0
200700011716,2,16,5,2,6,3.0,22251,250,23,53,15,1.0,0.0,1,2,2,4.0,2009,3,2.0,7,4.0,2.0,107,51,4.0
200600055434,8,14,5,1,8,1.0,74256,630,13,8,21,2.0,24.0,5,2,2,3.0,2009,1,2.0,7,0.0,0.0,173,123,5.0
200600012246,10,15,5,2,6,3.0,805,70,19,36,8,0.0,17.0,1,3,3,1.0,1978,2,2.0,9,4.0,3.0,105,410,3.0
201300021892,2,12,5,1,7,6.0,78321,470,12,17,38,5.0,5.0,2,1,1,3.0,1978,6,2.0,20,0.0,3.0,46,600,6.0
201000023707,1,30,5,2,4,7.0,342,940,0,11,39,2.0,10.0,8,3,2,0.0,2010,7,2.0,36,0.0,4.0,86,154,8.0
200600065149,9,22,5,2,1,2.0,76318,830,13,34,3,9.0,0.0,7,3,1,3.0,1945,9,2.0,2,3.0,0.0,122,615,5.0
200700072359,12,13,2,1,0,7.0,606,13,22,50,4,4.0,23.0,7,1,2,4.0,1955,7,4.0,50,1.0,2.0,16,51,5.0
200600077980,9,4,5,1,7,1.0,16337,450,23,30,21,9.0,10.0,5,1,3,0.0,1921,9,2.0,8,1.0,0.0,504,580,2.0
200600064605,11,14,5,2,4,4.0,453,41,10,38,8,1.0,5.0,6,1,2,0.0,1900,5,2.0,0,0.0,4.0,56,271,1.0
201700056028,8,31,3,1,7,4.0,435,30,18,40,6,8.0,8.0,4,2,3,5.0,1901,6,2.0,8,0.0,4.0,590,680,8.0
201100003900,12,31,4,1,2,3.0,83012,42,13,15,14,2.0,19.0,8,3,2,9.0,2008,7,2.0,16,1.0,0.0,47,85,4.0
200800032409,9,27,5,1,5,1.0,60631,57,14,15,30,2.0,18.0,6,1,3,1.0,2001,7,2.0,11,1.0,4.0,40,110,6.0
201600014941,1,4,3,1,0,6.0,82121,190,21,25,4,6.0,18.0,8,2,1,0.0,2010,3,3.0,1,0.0,0.0,95,409,3.0
200500027345,11,8,5,1,1,4.0,64189,988,10,24,9,5.0,11.0,9,2,2,1.0,1980,4,2.0,20,0.0,0.0,165,196,5.0
201500022006,4,6,5,1,2,1.0,6,81,19,30,36,9.0,2.0,4,3,3,9.0,1913,3,2.0,3,2.0,1.0,22,480,5.0
201400057706,11,22,5,2,8,2.0,78646,84,19,15,34,3.0,12.0,10,1,3,5.0,1946,7,2.0,0,0.0,3.0,248,192,0.0
201200054222,7,25,5,2,9,7.0,196,30,10,55,9,3.0,4.0,9,2,2,4.0,1908,9,2.0,14,4.0,4.0,30,140,3.0
201600050021,12,17,5,2,6,5.0,95572,11,17,35,7,6.0,18.0,10,2,1,1.0,1925,4,2.0,3,3.0,3.0,88,590,6.0
200700040638,11,22,5,1,0,1.0,3190,490,13,34,31,6.0,25.0,4,3,1,0.0,1936,2,2.0,2,2.0,0.0,47,0,8.0
200900034735,1,2,4,2,3,6.0,79076,64,13,11,2,5.0,12.0,2,2,3,3.0,1977,4,2.0,2,1.0,0.0,7,320,4.0
201500003337,12,29,5,1,4,6.0,148,988,17,36,37,3.0,17.0,2,3,2,3.0,1963,1,2.0,8,4.0,0.0,96,264,8.0
200600035428,5,30,2,1,5,7.0,451,36,20,15,35,2.0,13.0,8,3,3,2.0,2001,9,2.0,3,0.0,0.0,97,450,6.0
200700074656,7,25,3,2,6,6.0,368,490,12,20,17,2.0,9.0,6,1,3,5.0,1995,6,4.0,5,4.0,0.0,450,177,4.0
201300009416,7,17,5,2,9,3.0,95500,57,11,43,8,2.0,13.0,10,1,1,3.0,1949,4,3.0,40,4.0,0.0,203,700,5.0
200500027584,11,26,5,2,3,3.0,93,93,18,30,12,5.0,11.0,10,3,2,1.0,1973,3,2.0,1,3.0,3.0,194,247,4.0
200900028657,6,28,5,1,1,7.0,577,69,0,55,8,7.0,20.0,3,1,3,4.0,1992,1,2.0,13,2.0,3.0,216,360,3.0
200600073424,8,20,2,1,2,3.0,372,68,18,34,7,9.0,19.0,6,1,1,0.0,1987,1,1.0,1,0.0,4.0,78,134,8.0
201300041520,11,12,1,1,6,5.0,157,14,23,43,36,5.0,8.0,9,3,1,2.0,1991,7,2.0,7,0.0,0.0,90,310,3.0
201200050357,5,3,5,2,4,5.0,17300,800,12,21,39,8.0,5.0,3,2,2,4.0,1985,9,2.0,16,4.0,0.0,63,490,6.0
200700043962,4,14,5,2,8,6.0,22346,95,13,22,99,1.0,3.0,4,2,3,9.0,1997,6,2.0,30,0.0,4.0,43,54,3.0
201800045961,2,22,5,2,8,6.0,305,83,19,34,5,1.0,24.0,6,3,1,4.0,1927,7,2.0,8,0.0,2.0,74,630,4.0
201900003885,9,7,5,1,1,4.0,264,15,12,21,9,2.0,10.0,0,1,1,1.0,1905,1,2.0,20,4.0,0.0,127,204,2.0
201200027935,6,11,5,2,5,4.0,10387,41,20,8,11,5.0,1.0,7,3,2,3.0,1994,6,2.0,4,0.0,2.0,400,71,3.0
201400054598,12,17,4,2,1,7.0,238,66,0,59,33,2.0,5.0,2,1,2,1.0,1943,4,2.0,11,2.0,2.0,70,82,6.0
201200012302,9,31,5,2,3,5.0,97410,68,20,17,39,9.0,17.0,7,2,2,2.0,1961,5,2.0,1,2.0,1.0,25,34,8.0
201600036212,4,2,5,1,1,3.0,426,950,12,0,19,6.0,0.0,5,2,1,0.0,1992,7,2.0,40,1.0,0.0,194,29,2.0
201500020199,3,19,5,2,1,4.0,75115,860,18,30,3,1.0,23.0,10,2,2,1.0,1985,7,2.0,5,1.0,0.0,100,206,3.0
201100002679,12,30,5,2,2,7.0,472,740,13,15,18,5.0,24.0,4,2,1,3.0,1983,2,2.0,10,2.0,4.0,79,77,6.0
201300017351,10,26,4,1,1,6.0,1142,880,20,10,38,4.0,15.0,2,3,3,5.0,1920,6,2.0,14,1.0,0.0,400,49,8.0
201000058463,10,13,5,2,7,2.0,663,7,14,21,13,6.0,22.0,1,3,1,1.0,1935,5,2.0,12,4.0,0.0,180,17,3.0
201400025017,11,28,5,2,7,2.0,93073,320,17,10,10,4.0,23.0,3,2,2,1.0,1990,1,2.0,26,1.0,4.0,102,430,3.0
200600006628,6,4,5,1,6,1.0,74307,972,11,25,32,9.0,24.0,1,1,2,1.0,1919,5,2.0,30,4.0,2.0,99,132,2.0
200600007768,5,6,5,2,9,3.0,69387,95,14,15,32,4.0,20.0,10,2,1,2.0,2019,4,2.0,12,1.0,3.0,247,231,1.0
200800053814,7,27,4,1,6,4.0,560,91,20,17,31,3.0,1.0,3,3,3,2.0,1912,4,3.0,0,3.0,3.0,27,590,8.0
200800036377,7,6,5,2,7,3.0,77042,930,20,53,34,6.0,22.0,1,2,2,2.0,1910,3,2.0,7,4.0,4.0,146,167,2.0
201700021872,9,21,5,1,0,2.0,332,40,19,5,43,8.0,3.0,1,1,2,1.0,1979,4,2.0,20,0.0,1.0,18,61,4.0
201300007335,8,30,3,1,6,1.0,9261,100,11,8,19,9.0,5.0,6,2,1,1.0,1980,2,2.0,5,1.0,1.0,115,287,1.0
201000005130,7,18,5,2,5,3.0,54,410,12,50,38,7.0,9.0,2,3,3,0.0,1989,2,4.0,3,4.0,4.0,215,895,2.0
201600012034,6,20,4,1,8,4.0,91086,27,21,24,2,5.0,10.0,1,1,2,3.0,1957,3,2.0,4,3.0,0.0,270,146,2.0
200700057144,11,12,5,1,7,5.0,77,580,12,50,39,3.0,5.0,2,3,1,9.0,1983,4,1.0,10,1.0,1.0,900,114,1.0
201800004738,12,8,5,2,2,5.0,40,330,23,43,39,2.0,26.0,9,1,3,4.0,1939,7,2.0,20,1.0,3.0,9,142,2.0
201700027475,2,10,3,2,0,5.0,550,590,19,10,36,9.0,9.0,9,3,1,2.0,1956,3,2.0,20,1.0,0.0,103,135,4.0
201700016178,10,17,4,1,5,7.0,14719,910,10,36,30,6.0,0.0,8,3,3,9.0,1995,1,1.0,12,2.0,1.0,130,80,4.0
200500060055,5,20,5,2,1,3.0,913,790,12,57,10,1.0,17.0,3,3,3,3.0,1915,5,2.0,20,4.0,2.0,280,104,8.0
201000028493,7,9,4,1,4,6.0,548,830,14,11,11,5.0,7.0,3,2,3,5.0,1982,7,2.0,11,2.0,1.0,34,225,4.0
200800066725,10,27,5,2,5,1.0,94,26,0,8,4,1.0,12.0,0,2,1,5.0,1995,6,2.0,5,2.0,3.0,190,7,5.0
201400004150,10,21,1,1,8,7.0,169,660,0,5,7,1.0,2.0,2,2,2,0.0,1900,1,2.0,-1,2.0,2.0,107,272,8.0
200500044764,12,8,5,1,1,3.0,487,39,13,53,43,5.0,18.0,10,3,1,9.0,1933,7,2.0,14,3.0,1.0,142,131,8.0
201700034911,3,15,5,1,3,5.0,44128,27,16,8,8,0.0,5.0,1,2,3,0.0,2010,7,3.0,5,3.0,0.0,9,255,0.0
200700073003,3,28,5,1,1,7.0,642,29,17,59,3,2.0,22.0,0,1,3,0.0,1941,5,2.0,6,4.0,3.0,30,216,4.0
201200042209,1,28,5,2,8,5.0,84122,170,18,55,33,6.0,19.0,3,1,2,1.0,1949,4,2.0,11,2.0,1.0,212,111,5.0
201400003235,2,1,5,2,5,6.0,304,57,16,57,14,4.0,14.0,7,3,2,5.0,1987,3,2.0,12,2.0,1.0,38,34,6.0
200500031416,4,4,5,2,8,2.0,241,21,21,24,39,8.0,22.0,5,2,2,0.0,1982,1,2.0,0,3.0,3.0,96,109,0.0
201000065807,1,30,3,1,6,7.0,544,720,16,45,50,5.0,18.0,2,2,3,5.0,1934,5,2.0,13,1.0,3.0,108,234,3.0
201700034337,12,18,5,2,9,7.0,652,270,23,30,21,7.0,4.0,7,1,1,9.0,1999,5,2.0,11,2.0,2.0,25,910,8.0
201000052479,11,8,5,1,3,4.0,579,71,21,41,80,7.0,7.0,3,1,2,2.0,1965,9,4.0,2,4.0,2.0,3,139,1.0
200700073221,4,7,5,2,0,3.0,249,55,13,53,36,0.0,19.0,1,3,1,5.0,1967,2,2.0,6,0.0,0.0,27,124,4.0
201000058378,5,11,5,1,7,3.0,583,32,16,36,34,7.0,23.0,8,1,2,9.0,1955,9,2.0,1,2.0,4.0,55,23,3.0
200600035657,12,18,5,1,5,3.0,8078,87,22,20,19,7.0,1.0,2,3,3,9.0,1965,6,2.0,2,4.0,2.0,127,78,0.0
201700005125,6,4,5,2,7,1.0,2173,360,22,34,1,7.0,11.0,6,1,3,5.0,1991,2,4.0,1,2.0,1.0,124,4,8.0
201600022389,12,27,5,2,3,3.0,449,390,20,43,0,6.0,1.0,1,3,3,1.0,1987,2,2.0,6,2.0,0.0,500,314,0.0
201800043675,12,5,2,2,3,4.0,503,810,21,50,9,0.0,1.0,8,1,1,4.0,1909,9,1.0,14,0.0,3.0,40,340,3.0
201400038005,3,29,5,1,2,6.0,126,880,23,59,16,0.0,22.0,5,1,3,1.0,1975,2,3.0,20,1.0,1.0,18,14,0.0
200600082427,1,2,5,2,3,3.0,26108,740,12,21,7,5.0,4.0,7,2,2,2.0,2015,6,3.0,16,4.0,4.0,69,125,0.0
200700021094,4,20,5,2,8,5.0,804,430,11,43,43,1.0,22.0,5,1,3,9.0,1998,3,2.0,7,3.0,4.0,247,22,8.0
201800034356,5,5,2,1,0,6.0,175,9,22,21,33,0.0,23.0,0,3,3,9.0,1928,7,2.0,50,1.0,4.0,44,189,0.0
201500025521,12,16,3,2,7,5.0,612,31,17,53,38,8.0,24.0,9,1,1,4.0,1978,3,4.0,36,0.0,2.0,300,175,0.0
200800004810,2,26,4,2,3,6.0,51428,220,16,21,34,1.0,23.0,6,3,1,1.0,1955,7,2.0,16,4.0,4.0,73,490,8.0
201800044891,8,2,2,1,4,3.0,77118,290,14,15,1,3.0,22.0,7,3,3,4.0,1981,1,2.0,8,3.0,2.0,58,815,0.0
201600056784,3,22,3,1,0,7.0,75118,61,20,53,37,6.0,21.0,4,1,2,0.0,2018,6,2.0,20,0.0,4.0,390,820,5.0
200600067459,6,31,5,1,6,1.0,623,1,0,22,3,8.0,19.0,10,2,2,0.0,1916,3,3.0,20,0.0,1.0,16,60,1.0
201200011458,10,3,5,2,2,2.0,484,610,0,0,18,8.0,5.0,1,3,2,9.0,1963,1,2.0,36,3.0,3.0,70,73,1.0
201800050068,4,25,4,2,0,2.0,451,26,22,33,6,3.0,7.0,9,3,3,5.0,1926,4,2.0,30,0.0,0.0,280,130,4.0
201000002072,1,26,5,1,2,1.0,13047,50,23,50,3,0.0,3.0,4,2,1,9.0,1917,3,1.0,26,1.0,1.0,102,129,6.0
201400019604,6,24,5,2,3,2.0,632,480,23,25,5,8.0,12.0,0,2,2,4.0,1924,9,2.0,8,4.0,1.0,124,167,8.0
201600009545,3,14,5,1,0,1.0,498,55,23,20,4,2.0,26.0,0,2,3,4.0,1922,6,2.0,8,3.0,0.0,223,271,4.0
201300058103,10,2,5,1,8,3.0,534,53,11,10,1,2.0,0.0,0,3,1,9.0,1972,2,2.0,6,2.0,0.0,210,179,4.0
201400043288,6,9,1,1,2,7.0,24547,89,19,55,2,4.0,10.0,6,1,3,5.0,1986,1,2.0,0,3.0,4.0,900,67,5.0
201400015119,11,5,5,2,4,2.0,40192,67,22,40,21,9.0,18.0,3,3,1,9.0,1972,2,3.0,16,0.0,4.0,101,615,6.0
201200019532,4,6,5,2,8,6.0,67365,680,0,11,7,8.0,18.0,10,2,3,1.0,1994,6,2.0,20,4.0,0.0,107,37,1.0
200700077674,11,11,2,2,7,1.0,74101,610,19,10,50,9.0,24.0,0,3,1,9.0,1970,3,2.0,16,0.0,1.0,216,207,4.0
201700011887,8,3,5,1,9,2.0,27,310,15,21,40,5.0,18.0,10,2,1,4.0,1927,3,2.0,3,2.0,0.0,275,31,4.0
200800041975,5,13,5,2,8,5.0,86,18,12,8,30,1.0,23.0,9,3,1,0.0,2003,2,4.0,20,3.0,4.0,52,87,8.0
201700047013,9,4,5,2,6,7.0,723,53,21,24,6,3.0,13.0,0,1,3,4.0,1934,4,2.0,4,4.0,0.0,51,185,1.0
201300026308,12,15,5,1,8,6.0,13205,530,10,0,15,1.0,13.0,3,1,2,9.0,2010,2,1.0,26,4.0,1.0,210,375,5.0
200600010966,2,17,5,2,5,3.0,68226,201,19,8,30,7.0,19.0,4,2,3,3.0,1916,1,2.0,12,1.0,3.0,390,224,6.0
201400035392,11,3,5,1,3,1.0,18,460,21,34,19,7.0,12.0,9,2,1,2.0,1918,2,2.0,9,0.0,2.0,71,282,3.0
201400047799,8,16,5,2,1,2.0,94015,950,17,55,15,0.0,24.0,10,2,1,4.0,1988,7,2.0,9,1.0,4.0,260,0,2.0
201700014661,9,21,5,1,5,2.0,42145,530,17,50,17,9.0,21.0,7,1,3,1.0,1951,6,2.0,6,0.0,1.0,500,247,2.0
201000028223,9,14,5,2,8,1.0,78238,50,11,5,50,2.0,17.0,6,3,3,9.0,2013,3,2.0,7,3.0,4.0,130,113,6.0
201600028577,12,28,5,2,0,4.0,375,22,23,55,80,3.0,2.0,8,2,1,1.0,1936,9,2.0,3,3.0,3.0,102,26,8.0
201100035775,3,29,4,1,5,4.0,91,530,22,53,50,5.0,14.0,8,2,2,4.0,1922,7,0.0,4,1.0,4.0,36,720,6.0
201400016699,3,12,5,1,8,3.0,67365,280,21,21,40,5.0,24.0,8,1,2,1.0,1963,5,0.0,26,1.0,1.0,23,82,3.0
201300010933,7,31,5,1,2,1.0,83107,54,12,45,31,9.0,4.0,7,3,3,2.0,1922,7,2.0,-1,3.0,4.0,173,132,8.0
200900019466,7,11,2,2,0,6.0,78238,7,12,5,37,8.0,20.0,5,3,2,1.0,2008,7,2.0,50,1.0,3.0,46,140,0.0
200900002002,3,5,5,2,1,2.0,9,70,10,41,33,7.0,24.0,10,3,2,1.0,1926,1,1.0,4,2.0,3.0,110,71,8.0
200800012897,4,28,1,1,1,4.0,45051,75,18,5,30,4.0,7.0,8,2,3,1.0,1973,1,2.0,36,0.0,3.0,248,1,6.0
200700056098,9,24,1,2,5,1.0,74256,740,17,21,43,2.0,5.0,6,2,2,4.0,2001,7,4.0,20,1.0,0.0,104,780,4.0
200800011358,3,11,5,2,4,6.0,775,870,19,0,8,2.0,5.0,0,3,3,3.0,1946,7,2.0,12,4.0,2.0,340,81,2.0
200900010442,11,6,5,2,6,2.0,24037,230,11,57,60,0.0,25.0,1,1,2,1.0,1937,4,2.0,30,3.0,3.0,41,750,3.0
200500068127,6,21,1,1,1,3.0,175,973,10,8,31,4.0,6.0,0,3,2,2.0,1923,4,3.0,8,2.0,4.0,16,271,0.0
200800024859,7,27,5,1,7,2.0,14020,24,18,20,20,7.0,7.0,10,1,1,4.0,2005,7,4.0,5,2.0,0.0,135,178,8.0
201800024289,1,24,5,2,3,3.0,251,760,15,17,33,0.0,26.0,4,3,1,3.0,2019,7,2.0,8,0.0,3.0,122,580,3.0
200700048482,12,9,5,2,0,2.0,595,34,19,34,60,3.0,5.0,8,3,3,5.0,1955,4,2.0,50,1.0,0.0,9,202,8.0