num_acc,mois,jour,lum,agg,int,col,com,dep,hr,mn,catv,choc,manv,place,catu,grav,trajet,an_nais,catr,circ,nbv,prof,plan,lartpc,larrout,situ
201800040881,12,21,5,1,5,1.0,461,62,22,30,21,4.0,0.0,3,2,3,1.0,1960,2,2.0,14,0.0,3.0,225,15,4.0
200500036607,2,6,5,1,3,1.0,810,17,17,8,32,0.0,13.0,4,1,2,4.0,1912,6,2.0,2,2.0,4.0,960,380,3.0
201700021663,5,8,5,1,2,5.0,233,22,21,20,32,4.0,19.0,10,3,1,0.0,2009,7,2.0,40,4.0,0.0,39,275,1.0
201100020311,1,2,5,1,7,6.0,199,83,10,20,12,3.0,2.0,9,2,1,0.0,1915,6,2.0,8,1.0,1.0,106,159,5.0
201700048652,10,16,5,2,6,7.0,739,56,11,35,12,7.0,15.0,9,1,3,1.0,1921,4,4.0,0,3.0,0.0,114,106,8.0
200900060128,7,17,2,2,9,1.0,489,120,12,22,1,6.0,10.0,3,2,1,9.0,1971,2,2.0,13,0.0,4.0,400,58,4.0
200600082041,6,14,5,1,2,6.0,269,974,18,59,5,4.0,0.0,9,2,3,3.0,1925,1,2.0,36,0.0,0.0,30,860,8.0
200900044758,9,2,5,2,0,6.0,403,55,20,57,6,2.0,13.0,5,2,1,9.0,1905,9,2.0,8,4.0,3.0,250,63,5.0
200800044472,3,23,5,1,1,2.0,585,36,17,59,43,6.0,1.0,4,3,2,5.0,1933,9,2.0,1,4.0,1.0,137,8,6.0
201300013831,10,29,2,1,7,6.0,471,100,16,10,4,9.0,19.0,8,2,3,3.0,2018,4,2.0,1,2.0,0.0,16,66,8.0
201200018444,5,16,3,1,2,5.0,97228,72,11,0,30,2.0,10.0,9,3,2,0.0,1988,7,1.0,26,2.0,3.0,500,550,4.0
201300056798,9,5,5,2,6,1.0,597,1001,11,22,16,5.0,26.0,10,2,1,9.0,1969,7,2.0,11,2.0,2.0,36,66,1.0
201700010782,2,2,5,2,2,4.0,78,710,14,24,40,5.0,2.0,0,3,3,2.0,1972,2,4.0,5,1.0,4.0,51,242,8.0
201600049063,4,11,2,1,7,6.0,321,780,10,11,11,7.0,7.0,4,1,1,1.0,1964,1,1.0,50,3.0,3.0,38,105,5.0
201200061449,3,7,5,1,5,5.0,78466,400,20,38,16,8.0,25.0,3,3,1,1.0,2009,5,2.0,5,3.0,3.0,260,63,3.0
200900017218,3,8,5,1,6,3.0,85008,17,11,24,32,1.0,24.0,8,3,3,4.0,1983,3,2.0,14,1.0,2.0,215,126,2.0
201600057514,7,7,2,2,9,6.0,202,976,17,34,42,6.0,16.0,4,1,1,3.0,1945,6,2.0,2,3.0,2.0,350,330,4.0
200900007559,5,2,4,2,0,1.0,597,670,23,25,39,2.0,1.0,4,2,3,0.0,1968,4,3.0,8,2.0,1.0,102,305,8.0
201000026875,8,17,5,1,2,7.0,91215,55,11,20,21,9.0,18.0,8,2,2,0.0,1976,4,0.0,8,3.0,4.0,105,177,5.0
201500054402,2,25,5,2,8,6.0,280,680,22,10,14,6.0,17.0,10,1,1,5.0,1980,4,3.0,8,4.0,0.0,99,409,6.0
200900006911,11,30,2,2,8,5.0,92036,380,14,57,15,0.0,18.0,8,1,1,1.0,1965,2,2.0,14,2.0,2.0,90,6,1.0
201800018287,4,13,5,1,0,2.0,16337,360,16,36,34,6.0,12.0,2,3,3,9.0,1934,4,2.0,30,3.0,4.0,590,139,6.0
200600026107,1,11,5,1,7,1.0,394,230,23,50,38,1.0,5.0,6,2,2,5.0,1966,5,3.0,12,2.0,1.0,7,74,3.0
201700021733,5,10,5,2,3,5.0,319,32,13,36,21,4.0,16.0,6,2,2,9.0,1988,6,2.0,6,3.0,3.0,120,49,4.0
200700007136,7,1,5,2,0,7.0,400,350,13,41,38,1.0,19.0,2,2,1,1.0,1966,4,2.0,1,4.0,1.0,106,355,2.0
200900008987,4,8,1,1,8,4.0,240,53,16,10,16,2.0,3.0,3,3,1,0.0,1914,3,2.0,3,2.0,2.0,73,115,8.0
200500038292,5,25,5,2,3,7.0,94021,43,13,17,35,3.0,21.0,6,1,1,1.0,1980,4,2.0,20,3.0,3.0,215,203,0.0
200800044330,10,4,3,2,6,4.0,785,27,23,20,4,7.0,23.0,8,2,3,0.0,2015,9,2.0,50,2.0,2.0,68,650,2.0
201200006909,10,4,5,1,6,7.0,77,520,18,25,17,4.0,0.0,4,3,2,1.0,1956,3,2.0,20,2.0,1.0,14,57,6.0
200900022933,9,27,5,1,7,2.0,12057,46,0,45,21,0.0,15.0,4,1,1,1.0,1927,9,2.0,11,4.0,2.0,709,137,2.0
201100002388,12,9,5,2,6,4.0,10387,660,16,17,18,7.0,25.0,7,1,1,9.0,2003,6,4.0,1,4.0,2.0,160,267,2.0
201300046200,12,17,4,2,1,5.0,663,240,15,38,20,6.0,2.0,5,2,3,0.0,2001,6,2.0,26,2.0,2.0,248,194,8.0
201900052355,7,23,5,2,5,2.0,589,20,0,21,60,5.0,24.0,8,3,2,1.0,1989,5,2.0,20,0.0,0.0,147,315,6.0
201000045315,10,5,5,2,3,1.0,197,750,17,10,17,8.0,1.0,8,1,1,4.0,2019,9,2.0,16,4.0,2.0,279,781,8.0
201200029874,5,17,5,2,6,4.0,72320,42,12,57,3,5.0,6.0,2,2,1,2.0,1917,5,2.0,16,1.0,4.0,141,255,2.0
200900034455,6,18,2,2,5,5.0,774,56,20,45,3,6.0,2.0,2,2,3,4.0,1983,4,4.0,7,2.0,2.0,12,620,8.0
201100048523,8,24,5,2,0,4.0,32378,460,14,35,19,8.0,25.0,6,3,1,2.0,1922,3,2.0,-1,4.0,3.0,132,211,0.0
200800037996,11,20,5,2,1,2.0,273,72,21,34,37,7.0,17.0,7,2,2,4.0,1949,6,2.0,10,4.0,1.0,46,360,1.0
201300040572,7,6,5,1,2,1.0,75117,490,23,22,4,8.0,4.0,9,1,2,4.0,1984,2,2.0,3,3.0,3.0,76,257,2.0
201200055567,11,19,1,1,7,5.0,468,18,17,0,2,3.0,6.0,8,3,2,0.0,1912,5,2.0,1,3.0,0.0,104,277,5.0
200600071526,12,9,5,2,1,3.0,46,38,12,34,43,9.0,17.0,6,3,3,0.0,1974,6,2.0,-1,3.0,2.0,28,264,2.0
201400027920,6,8,1,1,1,4.0,32,190,14,15,20,3.0,17.0,3,3,3,5.0,2018,4,1.0,13,1.0,4.0,20,62,6.0
200900073398,7,7,5,2,3,7.0,97118,790,13,35,39,0.0,3.0,0,1,1,9.0,2018,7,2.0,20,1.0,4.0,66,220,1.0
201800056852,2,2,5,1,4,1.0,73151,90,13,0,40,4.0,21.0,4,2,1,1.0,1964,9,2.0,2,3.0,2.0,900,65,2.0
201700025186,8,9,5,1,1,6.0,59183,86,18,43,31,8.0,19.0,10,3,1,0.0,1972,9,2.0,16,3.0,0.0,89,123,3.0
200500021052,4,15,5,1,7,6.0,38509,560,13,43,34,6.0,1.0,7,2,2,2.0,1925,9,2.0,4,0.0,3.0,240,202,3.0
201600059366,9,4,5,1,8,3.0,590,750,23,24,33,6.0,23.0,5,2,3,5.0,1915,1,2.0,30,3.0,1.0,207,56,5.0
201300017588,4,26,5,1,6,2.0,78123,12,14,20,34,6.0,18.0,8,1,3,2.0,2012,9,1.0,7,2.0,0.0,275,800,4.0
201700025589,6,19,5,2,9,7.0,31587,890,17,59,21,5.0,10.0,6,1,1,1.0,2000,9,2.0,13,3.0,3.0,140,260,3.0
200700077449,7,19,5,1,1,5.0,90,19,17,8,30,5.0,19.0,3,2,2,1.0,1982,6,2.0,26,2.0,2.0,88,145,3.0
201500021684,6,4,4,2,1,5.0,7328,210,11,57,13,9.0,5.0,8,1,2,0.0,1928,2,1.0,5,1.0,0.0,143,114,2.0
201800014147,4,29,5,2,8,3.0,143,520,12,10,4,1.0,17.0,3,1,2,4.0,1922,4,0.0,3,4.0,3.0,13,268,6.0
201200007307,10,25,5,2,4,1.0,288,780,15,8,33,9.0,18.0,8,3,3,2.0,2004,4,2.0,4,0.0,3.0,29,265,6.0
201400052033,5,25,2,1,3,6.0,95428,420,11,11,30,4.0,1.0,4,1,2,0.0,1941,5,2.0,3,1.0,0.0,164,81,2.0
201900002001,1,14,5,2,9,4.0,37108,65,12,22,6,3.0,1.0,8,3,3,0.0,1950,2,2.0,0,2.0,1.0,73,39,2.0
200900048164,11,6,5,2,5,1.0,78283,24,18,25,13,3.0,7.0,10,3,2,5.0,1924,7,2.0,2,0.0,1.0,24,214,0.0
200600081021,10,8,5,2,6,7.0,415,380,19,41,42,0.0,24.0,5,3,2,3.0,1962,7,2.0,20,3.0,3.0,110,271,5.0
200700017686,1,30,5,2,3,5.0,83104,2,20,50,9,1.0,17.0,0,1,2,3.0,2000,7,2.0,3,0.0,3.0,14,630,4.0
200800074985,11,31,3,2,9,4.0,69227,59,13,11,37,0.0,20.0,1,3,3,4.0,1911,7,2.0,8,0.0,2.0,116,47,3.0
200900005619,7,8,5,1,1,4.0,298,250,22,38,13,1.0,0.0,5,3,1,1.0,1983,9,2.0,26,3.0,4.0,27,150,1.0
201400021831,7,21,5,2,1,2.0,184,420,17,45,8,8.0,26.0,2,2,1,4.0,1917,4,2.0,50,2.0,2.0,350,610,4.0
200600014754,2,20,3,2,2,4.0,721,160,10,55,9,6.0,5.0,8,1,2,1.0,1967,9,2.0,40,0.0,3.0,73,86,3.0
200900042762,3,15,1,1,9,4.0,232,910,11,57,34,4.0,22.0,3,3,2,4.0,1949,4,0.0,6,3.0,1.0,153,95,1.0
200600005902,11,4,5,1,5,6.0,84122,88,16,17,5,4.0,6.0,0,3,1,3.0,2019,3,2.0,36,0.0,1.0,153,915,8.0
200900018014,9,20,5,1,6,3.0,28267,14,15,5,60,0.0,16.0,3,3,2,9.0,0,5,2.0,9,2.0,3.0,350,106,3.0
201500046228,11,28,5,1,6,6.0,94068,48,15,38,20,3.0,12.0,6,1,2,2.0,1900,5,0.0,8,0.0,0.0,248,255,6.0
200600077888,8,10,3,1,3,7.0,143,30,19,0,80,1.0,18.0,10,2,1,0.0,1911,7,2.0,30,2.0,0.0,240,15,4.0
201600015994,4,12,5,2,5,2.0,92049,410,0,40,50,8.0,9.0,2,2,2,9.0,2010,2,2.0,0,0.0,4.0,135,720,4.0
201600047499,7,17,4,1,4,2.0,61,760,19,57,38,2.0,1.0,0,1,3,1.0,1977,7,2.0,2,0.0,0.0,709,105,0.0
200700070896,8,4,5,2,6,4.0,87,31,20,45,5,7.0,26.0,6,1,1,1.0,1909,1,2.0,16,0.0,4.0,69,76,5.0
201600026248,11,17,5,2,8,1.0,632,230,21,53,16,2.0,26.0,10,3,3,1.0,1993,3,3.0,50,3.0,1.0,98,314,6.0
201400010737,8,28,5,2,5,4.0,23,29,21,25,50,5.0,22.0,2,3,2,3.0,1993,2,2.0,5,1.0,2.0,180,224,3.0
200600044016,10,10,4,1,9,1.0,317,180,13,25,37,3.0,22.0,10,1,3,0.0,1950,7,0.0,26,4.0,0.0,137,195,0.0
201800006987,9,7,5,1,9,6.0,68195,88,12,25,99,3.0,12.0,3,1,1,5.0,1940,3,2.0,0,1.0,1.0,294,249,3.0
201300007212,7,20,5,2,3,1.0,332,44,0,21,17,7.0,2.0,10,2,2,2.0,1945,3,2.0,10,0.0,0.0,50,173,8.0
201500024187,8,9,5,1,9,1.0,914,100,22,43,99,1.0,26.0,0,2,1,4.0,2012,2,2.0,13,0.0,2.0,84,73,3.0
201400034897,3,22,5,1,6,1.0,659,630,22,20,0,3.0,3.0,7,2,3,9.0,1971,1,3.0,12,3.0,0.0,248,122,1.0
201300049310,4,15,1,1,4,1.0,85067,71,10,24,7,7.0,26.0,4,1,1,1.0,1999,6,2.0,8,3.0,3.0,50,615,4.0
200700068897,2,14,5,2,0,4.0,60370,520,23,36,50,7.0,3.0,5,1,1,0.0,1983,9,2.0,3,1.0,1.0,27,108,8.0
200500026601,12,22,5,2,2,6.0,94076,17,11,53,8,0.0,1.0,4,2,1,2.0,1944,9,2.0,4,3.0,2.0,205,141,3.0
200600018286,1,2,5,2,0,6.0,26,880,10,50,39,7.0,20.0,6,2,3,5.0,2013,6,4.0,1,0.0,2.0,122,275,8.0
201600057323,1,1,5,1,2,3.0,265,81,13,11,34,9.0,13.0,9,1,2,4.0,1952,7,2.0,12,3.0,0.0,200,81,1.0
201700004728,1,8,5,2,0,6.0,503,58,11,24,17,1.0,2.0,9,3,2,2.0,1960,1,2.0,14,4.0,2.0,78,205,1.0
201100012671,9,15,5,1,3,3.0,515,65,0,50,16,6.0,25.0,4,3,3,0.0,1974,9,2.0,30,4.0,1.0,98,60,0.0
201400042026,4,26,5,2,8,4.0,449,22,15,17,10,6.0,10.0,3,1,3,5.0,1967,7,2.0,40,3.0,4.0,73,148,0.0
201600027692,7,11,5,2,3,3.0,594,560,0,33,15,6.0,10.0,1,1,1,1.0,1937,6,4.0,2,1.0,4.0,150,124,3.0
201200027380,5,13,5,1,1,1.0,68,22,12,30,31,8.0,22.0,6,2,3,3.0,2004,1,2.0,10,2.0,3.0,137,155,6.0
201400009590,3,23,5,2,4,7.0,83004,34,14,38,38,7.0,12.0,0,1,3,1.0,1960,2,2.0,3,3.0,0.0,128,230,1.0
201000011393,1,22,5,2,3,5.0,416,971,21,8,19,4.0,1.0,8,2,1,2.0,2001,9,4.0,3,4.0,1.0,216,257,6.0
201700000171,3,27,5,1,1,7.0,71105,50,11,50,1,6.0,7.0,6,2,1,4.0,1937,2,1.0,5,1.0,0.0,120,925,3.0
201100030355,5,25,1,1,7,1.0,746,810,0,57,42,4.0,4.0,7,3,1,9.0,1931,9,2.0,11,0.0,0.0,14,780,0.0
201100056742,12,1,1,1,0,2.0,191,42,14,59,40,7.0,5.0,0,1,2,4.0,1951,4,2.0,10,3.0,1.0,210,163,8.0
200700060536,5,17,5,2,9,1.0,61,58,23,59,31,9.0,24.0,4,2,2,1.0,1901,9,0.0,10,1.0,4.0,102,25,3.0
201600045302,1,14,5,1,3,4.0,39326,62,16,22,43,1.0,12.0,10,1,2,9.0,1909,9,2.0,0,2.0,4.0,89,114,6.0
201900008932,5,16,5,2,2,6.0,701,100,10,36,2,6.0,15.0,2,2,2,5.0,2005,9,1.0,3,4.0,0.0,73,104,6.0
201300057222,8,18,5,1,7,1.0,30345,880,19,57,34,5.0,1.0,4,2,3,2.0,2017,2,2.0,36,2.0,3.0,82,104,5.0
200800014635,10,23,1,2,1,3.0,710,870,15,55,8,8.0,3.0,6,1,2,4.0,1991,9,2.0,50,2.0,4.0,5,740,6.0
200600069154,7,29,1,1,3,6.0,468,940,12,11,35,9.0,1.0,7,3,3,9.0,1973,5,2.0,50,1.0,0.0,194,257,3.0
201200062009,4,28,5,1,9,4.0,144,650,20,53,35,0.0,13.0,6,2,1,5.0,1980,7,2.0,7,0.0,1.0,294,680,5.0
201800022731,3,22,5,1,6,4.0,667,44,14,53,0,7.0,20.0,3,2,1,5.0,1987,4,2.0,36,4.0,4.0,59,384,5.0
201300002957,4,24,3,1,0,3.0,91691,13,15,33,39,2.0,20.0,6,1,3,5.0,1992,2,2.0,36,3.0,2.0,364,6,1.0
201200025205,12,12,2,2,6,5.0,427,95,0,33,40,4.0,9.0,6,2,1,2.0,1908,3,2.0,36,2.0,0.0,59,55,0.0
201700033739,2,15,5,1,6,4.0,74,43,11,5,18,4.0,26.0,6,1,3,4.0,1978,9,2.0,3,1.0,4.0,247,181,3.0
201700031601,1,19,4,2,8,5.0,68332,27,16,55,11,4.0,5.0,3,2,2,5.0,1994,9,1.0,6,3.0,0.0,24,204,1.0
201700029768,7,7,5,2,4,4.0,29259,300,17,17,15,5.0,11.0,9,2,2,5.0,2005,1,2.0,11,1.0,3.0,88,66,3.0
200700001469,5,11,5,1,9,7.0,333,520,20,33,11,7.0,21.0,0,1,3,2.0,1960,3,2.0,36,2.0,0.0,11,590,6.0
200700011463,7,9,1,2,0,3.0,22251,78,14,45,9,7.0,3.0,2,3,3,5.0,1934,1,2.0,26,4.0,2.0,3,715,8.0
200800059705,9,29,1,1,2,7.0,342,8,22,8,0,2.0,20.0,4,3,1,5.0,1924,5,2.0,5,0.0,1.0,182,4,2.0
201400031103,10,4,5,1,8,5.0,746,80,12,45,20,9.0,16.0,6,3,3,5.0,1908,2,2.0,14,1.0,0.0,150,540,8.0
201300034065,11,8,5,1,2,3.0,395,43,21,53,32,0.0,10.0,6,2,3,2.0,1959,2,2.0,13,2.0,4.0,77,43,0.0
200800039486,10,20,5,1,1,1.0,44180,92,12,57,31,4.0,3.0,3,2,3,9.0,1922,2,2.0,10,4.0,2.0,122,204,1.0
201000017021,5,2,2,2,4,7.0,34123,670,10,24,7,3.0,9.0,4,3,3,2.0,1979,7,2.0,9,4.0,1.0,513,198,3.0
201000034326,7,11,4,2,6,2.0,60,720,23,43,19,9.0,19.0,10,2,2,9.0,1994,2,1.0,40,4.0,3.0,251,163,8.0
200600004484,1,4,5,2,0,6.0,641,350,18,30,1,5.0,25.0,5,3,3,3.0,1939,9,2.0,1,2.0,4.0,198,260,8.0
201100006767,6,17,5,1,4,7.0,97411,59,0,30,34,1.0,1.0,3,2,2,1.0,2007,2,2.0,2,4.0,4.0,330,125,6.0
201100024104,9,22,5,2,2,5.0,42207,700,15,11,32,4.0,6.0,5,2,2,2.0,1986,1,2.0,0,2.0,1.0,7,251,3.0
201800029452,9,19,5,1,7,4.0,45051,100,19,41,4,1.0,17.0,5,2,3,2.0,1998,2,2.0,6,1.0,3.0,960,133,6.0
201600035401,7,14,5,2,6,1.0,36005,910,22,55,5,1.0,16.0,9,2,1,4.0,2003,3,2.0,0,2.0,3.0,215,282,1.0
201100010001,4,1,2,2,1,3.0,78123,74,14,50,80,2.0,5.0,5,3,3,4.0,1966,3,2.0,50,0.0,0.0,20,145,1.0
200500019675,3,19,2,2,4,2.0,28267,35,15,22,20,9.0,9.0,5,1,2,0.0,1971,7,2.0,50,0.0,3.0,146,53,3.0
200900000805,5,21,4,1,6,6.0,685,973,21,11,13,5.0,4.0,8,3,3,1.0,1951,7,2.0,50,3.0,1.0,42,159,5.0
201500030413,1,10,5,2,9,5.0,287,46,12,36,21,5.0,20.0,2,3,1,3.0,1930,5,2.0,6,3.0,4.0,26,8,0.0
200900061863,6,10,5,1,1,4.0,6088,971,17,10,18,2.0,16.0,5,2,2,3.0,1966,3,3.0,30,4.0,0.0,20,206,8.0
201800035515,5,7,5,1,6,2.0,95127,310,18,5,99,6.0,13.0,7,2,3,3.0,1960,5,2.0,26,4.0,1.0,400,92,4.0
200700043720,11,8,2,1,1,3.0,253,1,23,57,8,6.0,12.0,9,1,3,2.0,1956,3,2.0,1,1.0,1.0,220,182,2.0
201200045613,8,21,4,2,1,3.0,6027,75,0,11,40,8.0,5.0,5,1,1,2.0,2011,9,2.0,4,2.0,4.0,88,940,1.0
200700039238,11,23,5,2,4,5.0,522,670,14,41,33,1.0,24.0,5,3,1,2.0,1935,2,0.0,30,4.0,0.0,83,225,6.0
201200034055,12,28,5,2,1,3.0,34,20,20,30,30,8.0,20.0,10,2,3,4.0,1941,3,1.0,8,0.0,3.0,47,277,2.0
200500019468,1,13,1,1,7,5.0,119,54,23,35,19,9.0,7.0,10,1,1,1.0,1910,4,0.0,2,0.0,0.0,247,8,0.0
200900062890,6,6,5,2,3,5.0,14118,47,15,41,7,7.0,2.0,3,2,2,0.0,1982,7,2.0,3,1.0,0.0,207,61,4.0
200900038081,9,31,5,1,2,7.0,213,950,16,59,4,2.0,17.0,0,1,3,2.0,1950,6,2.0,5,4.0,0.0,600,150,0.0
201600018416,8,17,5,2,3,3.0,788,410,14,24,40,4.0,5.0,0,2,2,2.0,1953,3,2.0,50,3.0,3.0,55,83,5.0
200700039151,8,11,5,1,4,1.0,77385,560,23,53,19,6.0,12.0,4,1,1,9.0,1985,6,2.0,14,4.0,4.0,390,106,2.0
201800055305,4,3,5,1,3,6.0,638,810,0,41,21,8.0,22.0,8,1,3,5.0,1991,1,3.0,16,1.0,4.0,67,550,3.0
200600056412,5,19,5,2,0,4.0,403,250,0,45,14,8.0,10.0,0,2,2,5.0,1915,2,2.0,9,0.0,0.0,32,161,4.0
200900025596,1,2,5,1,6,6.0,63,47,20,50,12,5.0,12.0,8,3,2,5.0,2004,3,2.0,6,2.0,2.0,600,195,1.0
201600003473,11,7,5,2,2,4.0,34172,760,21,5,42,7.0,5.0,10,1,2,3.0,2003,7,2.0,26,2.0,3.0,17,325,5.0
201800031715,11,21,5,2,6,4.0,344,610,16,53,20,8.0,14.0,10,1,1,9.0,1989,5,1.0,5,2.0,2.0,101,313,8.0
201700029406,6,5,5,2,8,2.0,458,48,14,21,16,4.0,6.0,8,2,1,1.0,1968,6,4.0,12,0.0,4.0,28,187,3.0
201300049787,10,27,5,2,3,2.0,44109,49,0,36,2,7.0,15.0,7,2,1,0.0,1969,7,0.0,6,0.0,4.0,128,192,8.0
200900032566,1,20,4,2,3,3.0,74012,44,18,22,4,7.0,21.0,3,1,1,9.0,1995,2,0.0,8,2.0,4.0,143,98,1.0
200600056021,9,29,2,2,9,3.0,564,230,0,59,0,5.0,12.0,8,3,2,5.0,1910,9,2.0,0,0.0,0.0,102,215,0.0
200900046082,1,28,2,2,6,4.0,363,440,12,34,60,4.0,5.0,2,1,1,9.0,1913,4,2.0,11,4.0,1.0,14,178,0.0
201100047430,12,18,5,2,6,3.0,254,72,19,55,7,2.0,21.0,7,2,2,9.0,1941,2,2.0,3,3.0,1.0,19,800,2.0
201500044166,10,23,5,2,8,3.0,44180,46,21,8,19,5.0,4.0,5,1,2,4.0,2003,4,2.0,3,0.0,0.0,504,146,1.0
201000022318,6,17,5,2,0,1.0,85191,820,20,30,14,7.0,10.0,6,3,1,5.0,1931,9,1.0,36,3.0,2.0,7,152,2.0
201000052110,12,29,5,1,6,3.0,199,28,13,43,3,4.0,26.0,7,2,2,3.0,1905,5,2.0,30,0.0,4.0,130,515,3.0
201700027083,6,23,3,2,4,6.0,296,22,17,25,0,4.0,11.0,2,2,3,9.0,1961,3,2.0,12,3.0,4.0,650,139,1.0
201200059473,10,31,4,1,3,7.0,84,160,19,34,35,0.0,18.0,10,2,2,2.0,1981,9,2.0,8,2.0,3.0,114,184,3.0
201500052913,2,11,5,2,4,5.0,27123,240,15,24,12,6.0,1.0,4,3,2,5.0,1990,4,2.0,3,1.0,3.0,147,59,3.0
200800000447,8,8,3,2,8,4.0,719,28,20,33,32,5.0,21.0,4,2,3,2.0,1999,2,2.0,26,4.0,0.0,61,13,8.0
201100062474,12,14,2,2,3,3.0,19,450,13,40,9,8.0,9.0,8,1,1,5.0,1974,6,0.0,4,1.0,0.0,212,265,1.0
201900051457,8,13,5,1,5,3.0,95500,987,18,55,60,9.0,9.0,1,2,3,0.0,1955,1,2.0,9,4.0,0.0,130,550,1.0
200500034125,8,15,5,2,7,6.0,377,75,13,57,13,5.0,26.0,9,3,3,9.0,1968,2,2.0,-1,4.0,4.0,160,148,2.0
201100028628,10,2,4,1,4,5.0,59352,18,14,24,18,6.0,15.0,6,2,2,9.0,1961,5,2.0,14,2.0,1.0,280,225,5.0
201700046002,10,31,5,1,5,5.0,328,540,22,45,39,0.0,2.0,2,2,2,5.0,0,5,2.0,9,4.0,3.0,27,260,0.0
201700029972,2,30,5,2,4,3.0,418,13,19,57,32,3.0,15.0,5,1,1,0.0,2017,2,2.0,1,3.0,0.0,62,630,8.0
200700061171,12,19,5,2,6,5.0,38239,974,10,24,39,4.0,15.0,0,1,2,4.0,1961,5,2.0,40,2.0,0.0,160,17,1.0
200500079850,9,14,5,2,8,1.0,40009,73,0,21,99,0.0,11.0,0,2,3,5.0,1963,1,2.0,0,4.0,1.0,160,81,2.0
200900072949,5,15,5,1,1,4.0,460,25,16,25,12,5.0,15.0,5,2,3,2.0,1911,4,2.0,1,3.0,2.0,135,148,4.0
200600035877,12,31,5,2,9,3.0,238,202,11,57,0,6.0,1.0,4,1,2,3.0,1999,6,2.0,13,3.0,3.0,44,137,1.0
201100065703,7,20,5,2,2,4.0,60,210,11,35,36,5.0,10.0,10,3,3,4.0,2015,4,2.0,11,2.0,1.0,192,167,8.0
200900026059,7,28,5,2,3,7.0,587,89,15,25,35,8.0,5.0,2,1,1,1.0,1940,3,2.0,16,1.0,1.0,510,314,6.0
200900066356,6,16,5,1,1,6.0,78238,210,20,8,1,3.0,11.0,9,2,1,4.0,0,4,2.0,9,3.0,1.0,82,287,8.0
201600000362,9,6,5,1,9,6.0,160,90,0,59,50,7.0,6.0,0,2,3,1.0,2011,9,2.0,9,4.0,1.0,18,58,1.0
201700033262,1,4,5,1,1,6.0,375,18,14,41,2,1.0,7.0,6,2,2,0.0,2006,5,2.0,20,4.0,4.0,194,23,6.0
201700030353,9,7,5,2,0,3.0,568,780,12,57,16,3.0,19.0,5,1,2,9.0,1908,3,2.0,36,1.0,4.0,164,15,4.0
201900054399,1,26,5,1,9,6.0,287,720,20,20,38,5.0,13.0,1,2,2,3.0,1971,4,2.0,2,4.0,3.0,251,290,5.0
201200019195,12,6,5,2,6,1.0,54235,21,21,21,10,8.0,6.0,10,3,2,9.0,1973,3,2.0,3,0.0,1.0,105,193,2.0
200700039484,5,13,5,2,6,7.0,24547,10,18,53,6,2.0,11.0,1,2,1,5.0,2003,5,2.0,-1,3.0,1.0,57,430,5.0
201500042280,11,11,1,2,9,2.0,794,580,22,10,21,9.0,19.0,8,2,3,1.0,1956,6,2.0,30,2.0,4.0,103,273,0.0
200800047677,4,7,1,2,2,6.0,914,57,20,36,14,4.0,1.0,0,3,3,2.0,1905,1,2.0,9,1.0,0.0,0,57,6.0
200600044571,12,26,5,2,0,2.0,21584,480,12,8,36,4.0,2.0,0,2,2,5.0,1974,2,4.0,26,4.0,2.0,79,84,5.0
201800030254,7,22,5,1,4,5.0,94017,570,13,36,12,1.0,3.0,7,3,3,2.0,2008,5,2.0,11,3.0,3.0,118,48,3.0
201700032892,7,28,5,2,0,6.0,44111,39,15,55,60,1.0,21.0,5,1,2,9.0,1910,3,1.0,16,4.0,3.0,119,215,1.0
200800069432,1,14,5,2,1,1.0,88379,976,20,53,39,3.0,0.0,5,2,1,2.0,1915,4,0.0,8,4.0,0.0,500,79,0.0
201300005923,3,13,5,2,5,3.0,443,910,14,53,2,9.0,11.0,9,3,2,0.0,1912,1,3.0,10,0.0,0.0,118,162,1.0
200600058675,3,30,5,2,7,1.0,38185,21,23,11,20,9.0,7.0,9,2,2,5.0,1964,6,2.0,8,2.0,3.0,30,4,3.0
200500049705,9,20,5,2,7,1.0,92063,310,15,11,11,6.0,17.0,6,2,2,9.0,1961,6,2.0,3,3.0,3.0,61,21,3.0
200900036292,7,25,5,2,1,1.0,52093,9,10,17,60,3.0,11.0,4,1,2,2.0,1951,5,2.0,2,1.0,2.0,99,273,4.0
201100030530,8,3,5,1,4,4.0,97118,91,22,20,32,3.0,2.0,5,1,1,3.0,1934,7,2.0,2,3.0,4.0,216,650,5.0
201600005154,12,27,5,1,5,3.0,91103,720,22,57,1,2.0,23.0,5,3,2,1.0,1950,6,2.0,7,3.0,0.0,198,208,4.0
201700021739,7,20,5,1,4,1.0,107,830,19,59,4,3.0,2.0,2,3,2,0.0,1995,7,2.0,-1,4.0,2.0,122,217,8.0
201700004930,12,19,5,1,0,5.0,805,290,13,53,14,0.0,0.0,9,1,3,0.0,2019,3,2.0,20,2.0,2.0,225,455,5.0
201700004101,12,1,2,2,2,1.0,469,870,17,40,42,3.0,21.0,8,2,1,3.0,1949,5,2.0,6,0.0,0.0,294,560,1.0